algorithm,hardware_size,logical_qubits,policy,release_mode,issue_width,l_meas,l_ff,meas_width,ff_width,n_seeds_raw,n_seeds_shifted,ff_chain_depth_raw_median,ff_chain_depth_shifted_median,depth_reduction_pct,throughput_raw_median,throughput_shifted_median,throughput_delta,throughput_gain_pct,stall_rate_raw_median,stall_rate_shifted_median,stall_rate_delta,stall_reduction_pct,utilization_raw_median,utilization_shifted_median,utilization_delta,utilization_gain_pct
QAOA,4,16,asap,next_cycle,4,1,1,4,4,5,5,34.0,2.0,94.117647,2.832,3.878049,1.046049,36.936758,0.113043,0.012195,-0.100848,89.21207,0.708,0.969512,0.261512,36.936723
QAOA,4,16,asap,next_cycle,4,1,1,4,8,5,5,34.0,2.0,94.117647,2.832,3.878049,1.046049,36.936758,0.113043,0.012195,-0.100848,89.21207,0.708,0.969512,0.261512,36.936723
QAOA,4,16,asap,next_cycle,4,1,1,8,4,5,5,34.0,2.0,94.117647,2.832,3.878049,1.046049,36.936758,0.113043,0.012195,-0.100848,89.21207,0.708,0.969512,0.261512,36.936723
QAOA,4,16,asap,next_cycle,4,1,1,8,8,5,5,34.0,2.0,94.117647,2.832,3.878049,1.046049,36.936758,0.113043,0.012195,-0.100848,89.21207,0.708,0.969512,0.261512,36.936723
QAOA,4,16,asap,next_cycle,4,1,2,4,4,5,5,34.0,2.0,94.117647,2.226415,3.831325,1.60491,72.084944,0.223881,0.024096,-0.199785,89.237139,0.556604,0.957831,0.401227,72.084822
QAOA,4,16,asap,next_cycle,4,1,2,4,8,5,5,34.0,2.0,94.117647,2.226415,3.831325,1.60491,72.084944,0.223881,0.024096,-0.199785,89.237139,0.556604,0.957831,0.401227,72.084822
QAOA,4,16,asap,next_cycle,4,1,2,8,4,5,5,34.0,2.0,94.117647,2.226415,3.831325,1.60491,72.084944,0.223881,0.024096,-0.199785,89.237139,0.556604,0.957831,0.401227,72.084822
QAOA,4,16,asap,next_cycle,4,1,2,8,8,5,5,34.0,2.0,94.117647,2.226415,3.831325,1.60491,72.084944,0.223881,0.024096,-0.199785,89.237139,0.556604,0.957831,0.401227,72.084822
QAOA,4,16,asap,next_cycle,4,2,1,4,4,5,5,34.0,2.0,94.117647,2.226415,3.831325,1.60491,72.084944,0.223881,0.024096,-0.199785,89.237139,0.556604,0.957831,0.401227,72.084822
QAOA,4,16,asap,next_cycle,4,2,1,4,8,5,5,34.0,2.0,94.117647,2.226415,3.831325,1.60491,72.084944,0.223881,0.024096,-0.199785,89.237139,0.556604,0.957831,0.401227,72.084822
QAOA,4,16,asap,next_cycle,4,2,1,8,4,5,5,34.0,2.0,94.117647,2.226415,3.831325,1.60491,72.084944,0.223881,0.024096,-0.199785,89.237139,0.556604,0.957831,0.401227,72.084822
QAOA,4,16,asap,next_cycle,4,2,1,8,8,5,5,34.0,2.0,94.117647,2.226415,3.831325,1.60491,72.084944,0.223881,0.024096,-0.199785,89.237139,0.556604,0.957831,0.401227,72.084822
QAOA,4,16,asap,next_cycle,4,2,2,4,4,5,5,34.0,2.0,94.117647,1.806122,3.741176,1.935054,107.13861,0.305556,0.035294,-0.270262,88.449253,0.451531,0.935294,0.483763,107.13838
QAOA,4,16,asap,next_cycle,4,2,2,4,8,5,5,34.0,2.0,94.117647,1.806122,3.741176,1.935054,107.13861,0.305556,0.035294,-0.270262,88.449253,0.451531,0.935294,0.483763,107.13838
QAOA,4,16,asap,next_cycle,4,2,2,8,4,5,5,34.0,2.0,94.117647,1.806122,3.741176,1.935054,107.13861,0.305556,0.035294,-0.270262,88.449253,0.451531,0.935294,0.483763,107.13838
QAOA,4,16,asap,next_cycle,4,2,2,8,8,5,5,34.0,2.0,94.117647,1.806122,3.741176,1.935054,107.13861,0.305556,0.035294,-0.270262,88.449253,0.451531,0.935294,0.483763,107.13838
QAOA,4,16,asap,next_cycle,8,1,1,4,4,5,5,34.0,2.0,94.117647,2.832,3.878049,1.046049,36.936758,0.113043,0.012195,-0.100848,89.21207,0.354,0.484756,0.130756,36.936723
QAOA,4,16,asap,next_cycle,8,1,1,4,8,5,5,34.0,2.0,94.117647,2.832,3.878049,1.046049,36.936758,0.113043,0.012195,-0.100848,89.21207,0.354,0.484756,0.130756,36.936723
QAOA,4,16,asap,next_cycle,8,1,1,8,4,5,5,34.0,2.0,94.117647,2.878049,3.878049,1.0,34.74576,0.107143,0.168675,0.061532,-57.42979,0.359756,0.484756,0.125,34.745772
QAOA,4,16,asap,next_cycle,8,1,1,8,8,5,5,34.0,2.0,94.117647,3.051724,7.395349,4.343625,142.333481,0.293103,0.023256,-0.269847,92.065588,0.381466,0.924419,0.542953,142.333262
QAOA,4,16,asap,next_cycle,8,1,2,4,4,5,5,34.0,2.0,94.117647,2.226415,3.831325,1.60491,72.084944,0.223881,0.024096,-0.199785,89.237139,0.278302,0.478916,0.200614,72.085001
QAOA,4,16,asap,next_cycle,8,1,2,4,8,5,5,34.0,2.0,94.117647,2.226415,3.831325,1.60491,72.084944,0.223881,0.024096,-0.199785,89.237139,0.278302,0.478916,0.200614,72.085001
QAOA,4,16,asap,next_cycle,8,1,2,8,4,5,5,34.0,2.0,94.117647,2.226415,3.831325,1.60491,72.084944,0.291045,0.176471,-0.114574,39.366421,0.278302,0.478916,0.200614,72.085001
QAOA,4,16,asap,next_cycle,8,1,2,8,8,5,5,34.0,2.0,94.117647,2.298701,7.066667,4.767966,207.420017,0.467532,0.044444,-0.423088,90.493913,0.287338,0.883333,0.595995,207.419485
QAOA,4,16,asap,next_cycle,8,2,1,4,4,5,5,34.0,2.0,94.117647,2.226415,3.831325,1.60491,72.084944,0.223881,0.024096,-0.199785,89.237139,0.278302,0.478916,0.200614,72.085001
QAOA,4,16,asap,next_cycle,8,2,1,4,8,5,5,34.0,2.0,94.117647,2.226415,3.831325,1.60491,72.084944,0.223881,0.024096,-0.199785,89.237139,0.278302,0.478916,0.200614,72.085001
QAOA,4,16,asap,next_cycle,8,2,1,8,4,5,5,34.0,2.0,94.117647,2.226415,3.831325,1.60491,72.084944,0.291045,0.176471,-0.114574,39.366421,0.278302,0.478916,0.200614,72.085001
QAOA,4,16,asap,next_cycle,8,2,1,8,8,5,5,34.0,2.0,94.117647,2.298701,7.066667,4.767966,207.420017,0.467532,0.044444,-0.423088,90.493913,0.287338,0.883333,0.595995,207.419485
QAOA,4,16,asap,next_cycle,8,2,2,4,4,5,5,34.0,2.0,94.117647,1.806122,3.741176,1.935054,107.13861,0.305556,0.035294,-0.270262,88.449253,0.225765,0.467647,0.241882,107.138839
QAOA,4,16,asap,next_cycle,8,2,2,4,8,5,5,34.0,2.0,94.117647,1.806122,3.741176,1.935054,107.13861,0.305556,0.035294,-0.270262,88.449253,0.225765,0.467647,0.241882,107.138839
QAOA,4,16,asap,next_cycle,8,2,2,8,4,5,5,34.0,2.0,94.117647,1.806122,3.741176,1.935054,107.13861,0.370166,0.183908,-0.186258,50.317425,0.225765,0.467647,0.241882,107.138839
QAOA,4,16,asap,next_cycle,8,2,2,8,8,5,5,34.0,2.0,94.117647,1.84375,6.765957,4.922207,266.967159,0.572917,0.06383,-0.509087,88.85877,0.230469,0.845745,0.615276,266.966924
QAOA,4,16,greedy_critical,next_cycle,4,1,1,4,4,5,5,34.0,2.0,94.117647,3.078261,3.878049,0.799788,25.981812,0.122642,0.012195,-0.110447,90.056424,0.769565,0.969512,0.199947,25.981821
QAOA,4,16,greedy_critical,next_cycle,4,1,1,4,8,5,5,34.0,2.0,94.117647,3.078261,3.878049,0.799788,25.981812,0.122642,0.012195,-0.110447,90.056424,0.769565,0.969512,0.199947,25.981821
QAOA,4,16,greedy_critical,next_cycle,4,1,1,8,4,5,5,34.0,2.0,94.117647,3.078261,3.878049,0.799788,25.981812,0.122642,0.012195,-0.110447,90.056424,0.769565,0.969512,0.199947,25.981821
QAOA,4,16,greedy_critical,next_cycle,4,1,1,8,8,5,5,34.0,2.0,94.117647,3.078261,3.878049,0.799788,25.981812,0.122642,0.012195,-0.110447,90.056424,0.769565,0.969512,0.199947,25.981821
QAOA,4,16,greedy_critical,next_cycle,4,1,2,4,4,5,5,34.0,2.0,94.117647,2.313725,3.831325,1.5176,65.5912,0.24031,0.024096,-0.216214,89.972952,0.578431,0.957831,0.3794,65.591229
QAOA,4,16,greedy_critical,next_cycle,4,1,2,4,8,5,5,34.0,2.0,94.117647,2.313725,3.831325,1.5176,65.5912,0.24031,0.024096,-0.216214,89.972952,0.578431,0.957831,0.3794,65.591229
QAOA,4,16,greedy_critical,next_cycle,4,1,2,8,4,5,5,34.0,2.0,94.117647,2.313725,3.831325,1.5176,65.5912,0.24031,0.024096,-0.216214,89.972952,0.578431,0.957831,0.3794,65.591229
QAOA,4,16,greedy_critical,next_cycle,4,1,2,8,8,5,5,34.0,2.0,94.117647,2.313725,3.831325,1.5176,65.5912,0.24031,0.024096,-0.216214,89.972952,0.578431,0.957831,0.3794,65.591229
QAOA,4,16,greedy_critical,next_cycle,4,2,1,4,4,5,5,34.0,2.0,94.117647,2.313725,3.831325,1.5176,65.5912,0.24031,0.024096,-0.216214,89.972952,0.578431,0.957831,0.3794,65.591229
QAOA,4,16,greedy_critical,next_cycle,4,2,1,4,8,5,5,34.0,2.0,94.117647,2.313725,3.831325,1.5176,65.5912,0.24031,0.024096,-0.216214,89.972952,0.578431,0.957831,0.3794,65.591229
QAOA,4,16,greedy_critical,next_cycle,4,2,1,8,4,5,5,34.0,2.0,94.117647,2.313725,3.831325,1.5176,65.5912,0.24031,0.024096,-0.216214,89.972952,0.578431,0.957831,0.3794,65.591229
QAOA,4,16,greedy_critical,next_cycle,4,2,1,8,8,5,5,34.0,2.0,94.117647,2.313725,3.831325,1.5176,65.5912,0.24031,0.024096,-0.216214,89.972952,0.578431,0.957831,0.3794,65.591229
QAOA,4,16,greedy_critical,next_cycle,4,2,2,4,4,5,5,34.0,2.0,94.117647,1.853403,3.785714,1.932311,104.257466,0.371728,0.035714,-0.336014,90.392437,0.463351,0.946429,0.483078,104.257464
QAOA,4,16,greedy_critical,next_cycle,4,2,2,4,8,5,5,34.0,2.0,94.117647,1.853403,3.785714,1.932311,104.257466,0.371728,0.035714,-0.336014,90.392437,0.463351,0.946429,0.483078,104.257464
QAOA,4,16,greedy_critical,next_cycle,4,2,2,8,4,5,5,34.0,2.0,94.117647,1.853403,3.785714,1.932311,104.257466,0.371728,0.035714,-0.336014,90.392437,0.463351,0.946429,0.483078,104.257464
QAOA,4,16,greedy_critical,next_cycle,4,2,2,8,8,5,5,34.0,2.0,94.117647,1.853403,3.785714,1.932311,104.257466,0.371728,0.035714,-0.336014,90.392437,0.463351,0.946429,0.483078,104.257464
QAOA,4,16,greedy_critical,next_cycle,8,1,1,4,4,5,5,34.0,2.0,94.117647,3.078261,3.878049,0.799788,25.981812,0.122642,0.012195,-0.110447,90.056424,0.384783,0.484756,0.099973,25.981657
QAOA,4,16,greedy_critical,next_cycle,8,1,1,4,8,5,5,34.0,2.0,94.117647,3.078261,3.878049,0.799788,25.981812,0.122642,0.012195,-0.110447,90.056424,0.384783,0.484756,0.099973,25.981657
QAOA,4,16,greedy_critical,next_cycle,8,1,1,8,4,5,5,34.0,2.0,94.117647,3.0,3.878049,0.878049,29.2683,0.157407,0.329268,0.171861,-109.182565,0.375,0.484756,0.109756,29.268267
QAOA,4,16,greedy_critical,next_cycle,8,1,1,8,8,5,5,34.0,2.0,94.117647,3.105263,7.571429,4.466166,143.825692,0.395833,0.02381,-0.372023,93.984837,0.388158,0.946429,0.558271,143.82571
QAOA,4,16,greedy_critical,next_cycle,8,1,2,4,4,5,5,34.0,2.0,94.117647,2.313725,3.831325,1.5176,65.5912,0.24031,0.024096,-0.216214,89.972952,0.289216,0.478916,0.1897,65.591115
QAOA,4,16,greedy_critical,next_cycle,8,1,2,4,8,5,5,34.0,2.0,94.117647,2.313725,3.831325,1.5176,65.5912,0.24031,0.024096,-0.216214,89.972952,0.289216,0.478916,0.1897,65.591115
QAOA,4,16,greedy_critical,next_cycle,8,1,2,8,4,5,5,34.0,2.0,94.117647,2.313725,3.831325,1.5176,65.5912,0.271318,0.337349,0.066031,-24.337125,0.289216,0.478916,0.1897,65.591115
QAOA,4,16,greedy_critical,next_cycle,8,1,2,8,8,5,5,34.0,2.0,94.117647,2.328947,7.395349,5.066402,217.540459,0.546875,0.046512,-0.500363,91.494949,0.291118,0.924419,0.633301,217.540997
QAOA,4,16,greedy_critical,next_cycle,8,2,1,4,4,5,5,34.0,2.0,94.117647,2.313725,3.831325,1.5176,65.5912,0.24031,0.024096,-0.216214,89.972952,0.289216,0.478916,0.1897,65.591115
QAOA,4,16,greedy_critical,next_cycle,8,2,1,4,8,5,5,34.0,2.0,94.117647,2.313725,3.831325,1.5176,65.5912,0.24031,0.024096,-0.216214,89.972952,0.289216,0.478916,0.1897,65.591115
QAOA,4,16,greedy_critical,next_cycle,8,2,1,8,4,5,5,34.0,2.0,94.117647,2.313725,3.831325,1.5176,65.5912,0.271318,0.337349,0.066031,-24.337125,0.289216,0.478916,0.1897,65.591115
QAOA,4,16,greedy_critical,next_cycle,8,2,1,8,8,5,5,34.0,2.0,94.117647,2.328947,7.395349,5.066402,217.540459,0.546875,0.046512,-0.500363,91.494949,0.291118,0.924419,0.633301,217.540997
QAOA,4,16,greedy_critical,next_cycle,8,2,2,4,4,5,5,34.0,2.0,94.117647,1.853403,3.785714,1.932311,104.257466,0.371728,0.035714,-0.336014,90.392437,0.231675,0.473214,0.241539,104.257689
QAOA,4,16,greedy_critical,next_cycle,8,2,2,4,8,5,5,34.0,2.0,94.117647,1.853403,3.785714,1.932311,104.257466,0.371728,0.035714,-0.336014,90.392437,0.231675,0.473214,0.241539,104.257689
QAOA,4,16,greedy_critical,next_cycle,8,2,2,8,4,5,5,34.0,2.0,94.117647,1.853403,3.785714,1.932311,104.257466,0.440994,0.322581,-0.118413,26.851386,0.231675,0.473214,0.241539,104.257689
QAOA,4,16,greedy_critical,next_cycle,8,2,2,8,8,5,5,34.0,2.0,94.117647,1.863158,7.066667,5.203509,279.284366,0.6375,0.066667,-0.570833,89.542431,0.232895,0.883333,0.650438,279.283797
QAOA,6,36,asap,next_cycle,4,1,1,4,4,5,5,76.0,2.0,97.368421,3.825,3.975904,0.150904,3.945203,0.0225,0.002463,-0.020037,89.053333,0.95625,0.993976,0.037726,3.945203
QAOA,6,36,asap,next_cycle,4,1,1,4,8,5,5,76.0,2.0,97.368421,3.825,3.975904,0.150904,3.945203,0.0225,0.002463,-0.020037,89.053333,0.95625,0.993976,0.037726,3.945203
QAOA,6,36,asap,next_cycle,4,1,1,8,4,5,5,76.0,2.0,97.368421,3.825,3.975904,0.150904,3.945203,0.0225,0.002463,-0.020037,89.053333,0.95625,0.993976,0.037726,3.945203
QAOA,6,36,asap,next_cycle,4,1,1,8,8,5,5,76.0,2.0,97.368421,3.825,3.975904,0.150904,3.945203,0.0225,0.002463,-0.020037,89.053333,0.95625,0.993976,0.037726,3.945203
QAOA,6,36,asap,next_cycle,4,1,2,4,4,5,5,76.0,2.0,97.368421,3.608491,3.966346,0.357855,9.917026,0.042453,0.004914,-0.037539,88.424846,0.902123,0.991587,0.089464,9.917051
QAOA,6,36,asap,next_cycle,4,1,2,4,8,5,5,76.0,2.0,97.368421,3.608491,3.966346,0.357855,9.917026,0.042453,0.004914,-0.037539,88.424846,0.902123,0.991587,0.089464,9.917051
QAOA,6,36,asap,next_cycle,4,1,2,8,4,5,5,76.0,2.0,97.368421,3.608491,3.966346,0.357855,9.917026,0.042453,0.004914,-0.037539,88.424846,0.902123,0.991587,0.089464,9.917051
QAOA,6,36,asap,next_cycle,4,1,2,8,8,5,5,76.0,2.0,97.368421,3.608491,3.966346,0.357855,9.917026,0.042453,0.004914,-0.037539,88.424846,0.902123,0.991587,0.089464,9.917051
QAOA,6,36,asap,next_cycle,4,2,1,4,4,5,5,76.0,2.0,97.368421,3.608491,3.966346,0.357855,9.917026,0.042453,0.004914,-0.037539,88.424846,0.902123,0.991587,0.089464,9.917051
QAOA,6,36,asap,next_cycle,4,2,1,4,8,5,5,76.0,2.0,97.368421,3.608491,3.966346,0.357855,9.917026,0.042453,0.004914,-0.037539,88.424846,0.902123,0.991587,0.089464,9.917051
QAOA,6,36,asap,next_cycle,4,2,1,8,4,5,5,76.0,2.0,97.368421,3.608491,3.966346,0.357855,9.917026,0.042453,0.004914,-0.037539,88.424846,0.902123,0.991587,0.089464,9.917051
QAOA,6,36,asap,next_cycle,4,2,1,8,8,5,5,76.0,2.0,97.368421,3.608491,3.966346,0.357855,9.917026,0.042453,0.004914,-0.037539,88.424846,0.902123,0.991587,0.089464,9.917051
QAOA,6,36,asap,next_cycle,4,2,2,4,4,5,5,76.0,2.0,97.368421,3.311688,3.956835,0.645147,19.480911,0.089669,0.007353,-0.082316,91.799842,0.827922,0.989209,0.161287,19.480941
QAOA,6,36,asap,next_cycle,4,2,2,4,8,5,5,76.0,2.0,97.368421,3.311688,3.956835,0.645147,19.480911,0.089669,0.007353,-0.082316,91.799842,0.827922,0.989209,0.161287,19.480941
QAOA,6,36,asap,next_cycle,4,2,2,8,4,5,5,76.0,2.0,97.368421,3.311688,3.956835,0.645147,19.480911,0.089669,0.007353,-0.082316,91.799842,0.827922,0.989209,0.161287,19.480941
QAOA,6,36,asap,next_cycle,4,2,2,8,8,5,5,76.0,2.0,97.368421,3.311688,3.956835,0.645147,19.480911,0.089669,0.007353,-0.082316,91.799842,0.827922,0.989209,0.161287,19.480941
QAOA,6,36,asap,next_cycle,8,1,1,4,4,5,5,76.0,2.0,97.368421,3.825,3.975904,0.150904,3.945203,0.0225,0.002463,-0.020037,89.053333,0.478125,0.496988,0.018863,3.945203
QAOA,6,36,asap,next_cycle,8,1,1,4,8,5,5,76.0,2.0,97.368421,3.825,3.975904,0.150904,3.945203,0.0225,0.002463,-0.020037,89.053333,0.478125,0.496988,0.018863,3.945203
QAOA,6,36,asap,next_cycle,8,1,1,8,4,5,5,76.0,2.0,97.368421,3.825,3.975904,0.150904,3.945203,0.0325,0.233766,0.201266,-619.28,0.478125,0.496988,0.018863,3.945203
QAOA,6,36,asap,next_cycle,8,1,1,8,8,5,5,76.0,2.0,97.368421,6.044944,7.894737,1.849793,30.600664,0.090196,0.004902,-0.085294,94.565169,0.755618,0.986842,0.231224,30.600647
QAOA,6,36,asap,next_cycle,8,1,2,4,4,5,5,76.0,2.0,97.368421,3.608491,3.966346,0.357855,9.917026,0.042453,0.004914,-0.037539,88.424846,0.451061,0.495793,0.044732,9.917062
QAOA,6,36,asap,next_cycle,8,1,2,4,8,5,5,76.0,2.0,97.368421,3.608491,3.966346,0.357855,9.917026,0.042453,0.004914,-0.037539,88.424846,0.451061,0.495793,0.044732,9.917062
QAOA,6,36,asap,next_cycle,8,1,2,8,4,5,5,76.0,2.0,97.368421,3.608491,3.966346,0.357855,9.917026,0.073113,0.235751,0.162638,-222.447444,0.451061,0.495793,0.044732,9.917062
QAOA,6,36,asap,next_cycle,8,1,2,8,8,5,5,76.0,2.0,97.368421,5.028037,7.857143,2.829106,56.266611,0.178683,0.009756,-0.168927,94.540051,0.628505,0.982143,0.353638,56.266537
QAOA,6,36,asap,next_cycle,8,2,1,4,4,5,5,76.0,2.0,97.368421,3.608491,3.966346,0.357855,9.917026,0.042453,0.004914,-0.037539,88.424846,0.451061,0.495793,0.044732,9.917062
QAOA,6,36,asap,next_cycle,8,2,1,4,8,5,5,76.0,2.0,97.368421,3.608491,3.966346,0.357855,9.917026,0.042453,0.004914,-0.037539,88.424846,0.451061,0.495793,0.044732,9.917062
QAOA,6,36,asap,next_cycle,8,2,1,8,4,5,5,76.0,2.0,97.368421,3.608491,3.966346,0.357855,9.917026,0.073113,0.235751,0.162638,-222.447444,0.451061,0.495793,0.044732,9.917062
QAOA,6,36,asap,next_cycle,8,2,1,8,8,5,5,76.0,2.0,97.368421,5.028037,7.857143,2.829106,56.266611,0.178683,0.009756,-0.168927,94.540051,0.628505,0.982143,0.353638,56.266537
QAOA,6,36,asap,next_cycle,8,2,2,4,4,5,5,76.0,2.0,97.368421,3.311688,3.956835,0.645147,19.480911,0.089669,0.007353,-0.082316,91.799842,0.413961,0.494604,0.080643,19.480821
QAOA,6,36,asap,next_cycle,8,2,2,4,8,5,5,76.0,2.0,97.368421,3.311688,3.956835,0.645147,19.480911,0.089669,0.007353,-0.082316,91.799842,0.413961,0.494604,0.080643,19.480821
QAOA,6,36,asap,next_cycle,8,2,2,8,4,5,5,76.0,2.0,97.368421,3.304536,3.956835,0.652299,19.739504,0.116959,0.235142,0.118183,-101.046521,0.413067,0.494604,0.081537,19.739413
QAOA,6,36,asap,next_cycle,8,2,2,8,8,5,5,76.0,2.0,97.368421,4.127877,7.806122,3.678245,89.107427,0.28836,0.014493,-0.273867,94.973991,0.515985,0.975765,0.45978,89.107241
QAOA,6,36,greedy_critical,next_cycle,4,1,1,4,4,5,5,76.0,2.0,97.368421,3.975904,3.975904,0.0,0.0,0.002463,0.002463,0.0,0.0,0.993976,0.993976,0.0,0.0
QAOA,6,36,greedy_critical,next_cycle,4,1,1,4,8,5,5,76.0,2.0,97.368421,3.975904,3.975904,0.0,0.0,0.002463,0.002463,0.0,0.0,0.993976,0.993976,0.0,0.0
QAOA,6,36,greedy_critical,next_cycle,4,1,1,8,4,5,5,76.0,2.0,97.368421,3.975904,3.975904,0.0,0.0,0.002463,0.002463,0.0,0.0,0.993976,0.993976,0.0,0.0
QAOA,6,36,greedy_critical,next_cycle,4,1,1,8,8,5,5,76.0,2.0,97.368421,3.975904,3.975904,0.0,0.0,0.002463,0.002463,0.0,0.0,0.993976,0.993976,0.0,0.0
QAOA,6,36,greedy_critical,next_cycle,4,1,2,4,4,5,5,76.0,2.0,97.368421,3.963731,3.966346,0.002615,0.065973,0.004878,0.004914,3.6e-05,-0.738007,0.990933,0.991587,0.000654,0.065998
QAOA,6,36,greedy_critical,next_cycle,4,1,2,4,8,5,5,76.0,2.0,97.368421,3.963731,3.966346,0.002615,0.065973,0.004878,0.004914,3.6e-05,-0.738007,0.990933,0.991587,0.000654,0.065998
QAOA,6,36,greedy_critical,next_cycle,4,1,2,8,4,5,5,76.0,2.0,97.368421,3.963731,3.966346,0.002615,0.065973,0.004878,0.004914,3.6e-05,-0.738007,0.990933,0.991587,0.000654,0.065998
QAOA,6,36,greedy_critical,next_cycle,4,1,2,8,8,5,5,76.0,2.0,97.368421,3.963731,3.966346,0.002615,0.065973,0.004878,0.004914,3.6e-05,-0.738007,0.990933,0.991587,0.000654,0.065998
QAOA,6,36,greedy_critical,next_cycle,4,2,1,4,4,5,5,76.0,2.0,97.368421,3.963731,3.966346,0.002615,0.065973,0.004878,0.004914,3.6e-05,-0.738007,0.990933,0.991587,0.000654,0.065998
QAOA,6,36,greedy_critical,next_cycle,4,2,1,4,8,5,5,76.0,2.0,97.368421,3.963731,3.966346,0.002615,0.065973,0.004878,0.004914,3.6e-05,-0.738007,0.990933,0.991587,0.000654,0.065998
QAOA,6,36,greedy_critical,next_cycle,4,2,1,8,4,5,5,76.0,2.0,97.368421,3.963731,3.966346,0.002615,0.065973,0.004878,0.004914,3.6e-05,-0.738007,0.990933,0.991587,0.000654,0.065998
QAOA,6,36,greedy_critical,next_cycle,4,2,1,8,8,5,5,76.0,2.0,97.368421,3.963731,3.966346,0.002615,0.065973,0.004878,0.004914,3.6e-05,-0.738007,0.990933,0.991587,0.000654,0.065998
QAOA,6,36,greedy_critical,next_cycle,4,2,2,4,4,5,5,76.0,2.0,97.368421,3.834586,3.956835,0.122249,3.188063,0.024038,0.007353,-0.016685,69.410933,0.958647,0.989209,0.030562,3.188035
QAOA,6,36,greedy_critical,next_cycle,4,2,2,4,8,5,5,76.0,2.0,97.368421,3.834586,3.956835,0.122249,3.188063,0.024038,0.007353,-0.016685,69.410933,0.958647,0.989209,0.030562,3.188035
QAOA,6,36,greedy_critical,next_cycle,4,2,2,8,4,5,5,76.0,2.0,97.368421,3.834586,3.956835,0.122249,3.188063,0.024038,0.007353,-0.016685,69.410933,0.958647,0.989209,0.030562,3.188035
QAOA,6,36,greedy_critical,next_cycle,4,2,2,8,8,5,5,76.0,2.0,97.368421,3.834586,3.956835,0.122249,3.188063,0.024038,0.007353,-0.016685,69.410933,0.958647,0.989209,0.030562,3.188035
QAOA,6,36,greedy_critical,next_cycle,8,1,1,4,4,5,5,76.0,2.0,97.368421,3.975904,3.975904,0.0,0.0,0.002463,0.002463,0.0,0.0,0.496988,0.496988,0.0,0.0
QAOA,6,36,greedy_critical,next_cycle,8,1,1,4,8,5,5,76.0,2.0,97.368421,3.975904,3.975904,0.0,0.0,0.002463,0.002463,0.0,0.0,0.496988,0.496988,0.0,0.0
QAOA,6,36,greedy_critical,next_cycle,8,1,1,8,4,5,5,76.0,2.0,97.368421,3.863636,3.975904,0.112268,2.90576,0.014218,0.426108,0.41189,-2896.961598,0.482955,0.496988,0.014033,2.905654
QAOA,6,36,greedy_critical,next_cycle,8,1,1,8,8,5,5,76.0,2.0,97.368421,6.987013,7.894737,0.907724,12.991589,0.064935,0.004902,-0.060033,92.450912,0.873377,0.986842,0.113465,12.991526
QAOA,6,36,greedy_critical,next_cycle,8,1,2,4,4,5,5,76.0,2.0,97.368421,3.963731,3.966346,0.002615,0.065973,0.004878,0.004914,3.6e-05,-0.738007,0.495466,0.495793,0.000327,0.065998
QAOA,6,36,greedy_critical,next_cycle,8,1,2,4,8,5,5,76.0,2.0,97.368421,3.963731,3.966346,0.002615,0.065973,0.004878,0.004914,3.6e-05,-0.738007,0.495466,0.495793,0.000327,0.065998
QAOA,6,36,greedy_critical,next_cycle,8,1,2,8,4,5,5,76.0,2.0,97.368421,3.686747,3.966346,0.279599,7.583894,0.057831,0.425481,0.36765,-635.731701,0.460843,0.495793,0.03495,7.583928
QAOA,6,36,greedy_critical,next_cycle,8,1,2,8,8,5,5,76.0,2.0,97.368421,5.24026,7.857143,2.616883,49.938037,0.243506,0.009756,-0.23375,95.993528,0.655032,0.982143,0.327111,49.938171
QAOA,6,36,greedy_critical,next_cycle,8,2,1,4,4,5,5,76.0,2.0,97.368421,3.963731,3.966346,0.002615,0.065973,0.004878,0.004914,3.6e-05,-0.738007,0.495466,0.495793,0.000327,0.065998
QAOA,6,36,greedy_critical,next_cycle,8,2,1,4,8,5,5,76.0,2.0,97.368421,3.963731,3.966346,0.002615,0.065973,0.004878,0.004914,3.6e-05,-0.738007,0.495466,0.495793,0.000327,0.065998
QAOA,6,36,greedy_critical,next_cycle,8,2,1,8,4,5,5,76.0,2.0,97.368421,3.686747,3.966346,0.279599,7.583894,0.057831,0.425481,0.36765,-635.731701,0.460843,0.495793,0.03495,7.583928
QAOA,6,36,greedy_critical,next_cycle,8,2,1,8,8,5,5,76.0,2.0,97.368421,5.24026,7.857143,2.616883,49.938037,0.243506,0.009756,-0.23375,95.993528,0.655032,0.982143,0.327111,49.938171
QAOA,6,36,greedy_critical,next_cycle,8,2,2,4,4,5,5,76.0,2.0,97.368421,3.834586,3.956835,0.122249,3.188063,0.024038,0.007353,-0.016685,69.410933,0.479323,0.494604,0.015281,3.188038
QAOA,6,36,greedy_critical,next_cycle,8,2,2,4,8,5,5,76.0,2.0,97.368421,3.834586,3.956835,0.122249,3.188063,0.024038,0.007353,-0.016685,69.410933,0.479323,0.494604,0.015281,3.188038
QAOA,6,36,greedy_critical,next_cycle,8,2,2,8,4,5,5,76.0,2.0,97.368421,3.370044,3.956835,0.586791,17.411969,0.110132,0.426859,0.316727,-287.58853,0.421256,0.494604,0.073348,17.41174
QAOA,6,36,greedy_critical,next_cycle,8,2,2,8,8,5,5,76.0,2.0,97.368421,4.192208,7.819905,3.627697,86.53428,0.366577,0.014563,-0.352014,96.027301,0.524026,0.977488,0.453462,86.534256
QAOA,8,64,asap,next_cycle,4,1,1,4,4,5,5,142.0,2.0,98.591549,3.934972,3.991955,0.056983,1.448117,0.00712,0.000805,-0.006315,88.69382,0.983743,0.997989,0.014246,1.448142
QAOA,8,64,asap,next_cycle,4,1,1,4,8,5,5,142.0,2.0,98.591549,3.934972,3.991955,0.056983,1.448117,0.00712,0.000805,-0.006315,88.69382,0.983743,0.997989,0.014246,1.448142
QAOA,8,64,asap,next_cycle,4,1,1,8,4,5,5,142.0,2.0,98.591549,3.934972,3.991955,0.056983,1.448117,0.00712,0.000805,-0.006315,88.69382,0.983743,0.997989,0.014246,1.448142
QAOA,8,64,asap,next_cycle,4,1,1,8,8,5,5,142.0,2.0,98.591549,3.934972,3.991955,0.056983,1.448117,0.00712,0.000805,-0.006315,88.69382,0.983743,0.997989,0.014246,1.448142
QAOA,8,64,asap,next_cycle,4,1,2,4,4,5,5,142.0,2.0,98.591549,3.846868,3.988746,0.141878,3.688143,0.017941,0.001608,-0.016333,91.037289,0.961717,0.997186,0.035469,3.688091
QAOA,8,64,asap,next_cycle,4,1,2,4,8,5,5,142.0,2.0,98.591549,3.846868,3.988746,0.141878,3.688143,0.017941,0.001608,-0.016333,91.037289,0.961717,0.997186,0.035469,3.688091
QAOA,8,64,asap,next_cycle,4,1,2,8,4,5,5,142.0,2.0,98.591549,3.846868,3.988746,0.141878,3.688143,0.017941,0.001608,-0.016333,91.037289,0.961717,0.997186,0.035469,3.688091
QAOA,8,64,asap,next_cycle,4,1,2,8,8,5,5,142.0,2.0,98.591549,3.846868,3.988746,0.141878,3.688143,0.017941,0.001608,-0.016333,91.037289,0.961717,0.997186,0.035469,3.688091
QAOA,8,64,asap,next_cycle,4,2,1,4,4,5,5,142.0,2.0,98.591549,3.846868,3.988746,0.141878,3.688143,0.017941,0.001608,-0.016333,91.037289,0.961717,0.997186,0.035469,3.688091
QAOA,8,64,asap,next_cycle,4,2,1,4,8,5,5,142.0,2.0,98.591549,3.846868,3.988746,0.141878,3.688143,0.017941,0.001608,-0.016333,91.037289,0.961717,0.997186,0.035469,3.688091
QAOA,8,64,asap,next_cycle,4,2,1,8,4,5,5,142.0,2.0,98.591549,3.846868,3.988746,0.141878,3.688143,0.017941,0.001608,-0.016333,91.037289,0.961717,0.997186,0.035469,3.688091
QAOA,8,64,asap,next_cycle,4,2,1,8,8,5,5,142.0,2.0,98.591549,3.846868,3.988746,0.141878,3.688143,0.017941,0.001608,-0.016333,91.037289,0.961717,0.997186,0.035469,3.688091
QAOA,8,64,asap,next_cycle,4,2,2,4,4,5,5,142.0,2.0,98.591549,3.724757,3.985542,0.260785,7.001396,0.041543,0.00241,-0.039133,94.198782,0.931189,0.996386,0.065197,7.001479
QAOA,8,64,asap,next_cycle,4,2,2,4,8,5,5,142.0,2.0,98.591549,3.724757,3.985542,0.260785,7.001396,0.041543,0.00241,-0.039133,94.198782,0.931189,0.996386,0.065197,7.001479
QAOA,8,64,asap,next_cycle,4,2,2,8,4,5,5,142.0,2.0,98.591549,3.724757,3.985542,0.260785,7.001396,0.041543,0.00241,-0.039133,94.198782,0.931189,0.996386,0.065197,7.001479
QAOA,8,64,asap,next_cycle,4,2,2,8,8,5,5,142.0,2.0,98.591549,3.724757,3.985542,0.260785,7.001396,0.041543,0.00241,-0.039133,94.198782,0.931189,0.996386,0.065197,7.001479
QAOA,8,64,asap,next_cycle,8,1,1,4,4,5,5,142.0,2.0,98.591549,3.934972,3.991955,0.056983,1.448117,0.00712,0.000805,-0.006315,88.69382,0.491872,0.498994,0.007122,1.447938
QAOA,8,64,asap,next_cycle,8,1,1,4,8,5,5,142.0,2.0,98.591549,3.934972,3.991955,0.056983,1.448117,0.00712,0.000805,-0.006315,88.69382,0.491872,0.498994,0.007122,1.447938
QAOA,8,64,asap,next_cycle,8,1,1,8,4,5,5,142.0,2.0,98.591549,3.931854,3.991955,0.060101,1.528566,0.018053,0.251645,0.233592,-1293.923448,0.491482,0.498994,0.007512,1.528438
QAOA,8,64,asap,next_cycle,8,1,1,8,8,5,5,142.0,2.0,98.591549,7.227866,7.968,0.740134,10.240007,0.043284,0.001605,-0.041679,96.291932,0.903483,0.996,0.092517,10.240038
QAOA,8,64,asap,next_cycle,8,1,2,4,4,5,5,142.0,2.0,98.591549,3.846868,3.988746,0.141878,3.688143,0.017941,0.001608,-0.016333,91.037289,0.480858,0.498593,0.017735,3.688199
QAOA,8,64,asap,next_cycle,8,1,2,4,8,5,5,142.0,2.0,98.591549,3.846868,3.988746,0.141878,3.688143,0.017941,0.001608,-0.016333,91.037289,0.480858,0.498593,0.017735,3.688199
QAOA,8,64,asap,next_cycle,8,1,2,8,4,5,5,142.0,2.0,98.591549,3.843895,3.988746,0.144851,3.768339,0.034536,0.25226,0.217724,-630.426222,0.480487,0.498593,0.018106,3.76826
QAOA,8,64,asap,next_cycle,8,1,2,8,8,5,5,142.0,2.0,98.591549,6.693548,7.955272,1.261724,18.849854,0.084677,0.003205,-0.081472,96.215029,0.836694,0.994409,0.157715,18.849783
QAOA,8,64,asap,next_cycle,8,2,1,4,4,5,5,142.0,2.0,98.591549,3.846868,3.988746,0.141878,3.688143,0.017941,0.001608,-0.016333,91.037289,0.480858,0.498593,0.017735,3.688199
QAOA,8,64,asap,next_cycle,8,2,1,4,8,5,5,142.0,2.0,98.591549,3.846868,3.988746,0.141878,3.688143,0.017941,0.001608,-0.016333,91.037289,0.480858,0.498593,0.017735,3.688199
QAOA,8,64,asap,next_cycle,8,2,1,8,4,5,5,142.0,2.0,98.591549,3.843895,3.988746,0.144851,3.768339,0.034536,0.25226,0.217724,-630.426222,0.480487,0.498593,0.018106,3.76826
QAOA,8,64,asap,next_cycle,8,2,1,8,8,5,5,142.0,2.0,98.591549,6.693548,7.955272,1.261724,18.849854,0.084677,0.003205,-0.081472,96.215029,0.836694,0.994409,0.157715,18.849783
QAOA,8,64,asap,next_cycle,8,2,2,4,4,5,5,142.0,2.0,98.591549,3.724757,3.985542,0.260785,7.001396,0.041543,0.00241,-0.039133,94.198782,0.465595,0.498193,0.032598,7.001364
QAOA,8,64,asap,next_cycle,8,2,2,4,8,5,5,142.0,2.0,98.591549,3.724757,3.985542,0.260785,7.001396,0.041543,0.00241,-0.039133,94.198782,0.465595,0.498193,0.032598,7.001364
QAOA,8,64,asap,next_cycle,8,2,2,8,4,5,5,142.0,2.0,98.591549,3.727134,3.985542,0.258408,6.933156,0.051908,0.252053,0.200145,-385.576404,0.465892,0.498193,0.032301,6.933152
QAOA,8,64,asap,next_cycle,8,2,2,8,8,5,5,142.0,2.0,98.591549,6.080586,7.942584,1.861998,30.622016,0.149497,0.0048,-0.144697,96.789233,0.760073,0.992823,0.23275,30.622059
QAOA,8,64,greedy_critical,next_cycle,4,1,1,4,4,5,5,142.0,2.0,98.591549,3.991955,3.991955,0.0,0.0,0.000805,0.000805,0.0,0.0,0.997989,0.997989,0.0,0.0
QAOA,8,64,greedy_critical,next_cycle,4,1,1,4,8,5,5,142.0,2.0,98.591549,3.991955,3.991955,0.0,0.0,0.000805,0.000805,0.0,0.0,0.997989,0.997989,0.0,0.0
QAOA,8,64,greedy_critical,next_cycle,4,1,1,8,4,5,5,142.0,2.0,98.591549,3.991955,3.991955,0.0,0.0,0.000805,0.000805,0.0,0.0,0.997989,0.997989,0.0,0.0
QAOA,8,64,greedy_critical,next_cycle,4,1,1,8,8,5,5,142.0,2.0,98.591549,3.991955,3.991955,0.0,0.0,0.000805,0.000805,0.0,0.0,0.997989,0.997989,0.0,0.0
QAOA,8,64,greedy_critical,next_cycle,4,1,2,4,4,5,5,142.0,2.0,98.591549,3.988746,3.988746,0.0,0.0,0.001608,0.001608,0.0,0.0,0.997186,0.997186,0.0,0.0
QAOA,8,64,greedy_critical,next_cycle,4,1,2,4,8,5,5,142.0,2.0,98.591549,3.988746,3.988746,0.0,0.0,0.001608,0.001608,0.0,0.0,0.997186,0.997186,0.0,0.0
QAOA,8,64,greedy_critical,next_cycle,4,1,2,8,4,5,5,142.0,2.0,98.591549,3.988746,3.988746,0.0,0.0,0.001608,0.001608,0.0,0.0,0.997186,0.997186,0.0,0.0
QAOA,8,64,greedy_critical,next_cycle,4,1,2,8,8,5,5,142.0,2.0,98.591549,3.988746,3.988746,0.0,0.0,0.001608,0.001608,0.0,0.0,0.997186,0.997186,0.0,0.0
QAOA,8,64,greedy_critical,next_cycle,4,2,1,4,4,5,5,142.0,2.0,98.591549,3.988746,3.988746,0.0,0.0,0.001608,0.001608,0.0,0.0,0.997186,0.997186,0.0,0.0
QAOA,8,64,greedy_critical,next_cycle,4,2,1,4,8,5,5,142.0,2.0,98.591549,3.988746,3.988746,0.0,0.0,0.001608,0.001608,0.0,0.0,0.997186,0.997186,0.0,0.0
QAOA,8,64,greedy_critical,next_cycle,4,2,1,8,4,5,5,142.0,2.0,98.591549,3.988746,3.988746,0.0,0.0,0.001608,0.001608,0.0,0.0,0.997186,0.997186,0.0,0.0
QAOA,8,64,greedy_critical,next_cycle,4,2,1,8,8,5,5,142.0,2.0,98.591549,3.988746,3.988746,0.0,0.0,0.001608,0.001608,0.0,0.0,0.997186,0.997186,0.0,0.0
QAOA,8,64,greedy_critical,next_cycle,4,2,2,4,4,5,5,142.0,2.0,98.591549,3.98533,3.985542,0.000212,0.00532,0.002445,0.00241,-3.5e-05,1.431493,0.996333,0.996386,5.3e-05,0.00532
QAOA,8,64,greedy_critical,next_cycle,4,2,2,4,8,5,5,142.0,2.0,98.591549,3.98533,3.985542,0.000212,0.00532,0.002445,0.00241,-3.5e-05,1.431493,0.996333,0.996386,5.3e-05,0.00532
QAOA,8,64,greedy_critical,next_cycle,4,2,2,8,4,5,5,142.0,2.0,98.591549,3.98533,3.985542,0.000212,0.00532,0.002445,0.00241,-3.5e-05,1.431493,0.996333,0.996386,5.3e-05,0.00532
QAOA,8,64,greedy_critical,next_cycle,4,2,2,8,8,5,5,142.0,2.0,98.591549,3.98533,3.985542,0.000212,0.00532,0.002445,0.00241,-3.5e-05,1.431493,0.996333,0.996386,5.3e-05,0.00532
QAOA,8,64,greedy_critical,next_cycle,8,1,1,4,4,5,5,142.0,2.0,98.591549,3.991955,3.991955,0.0,0.0,0.000805,0.000805,0.0,0.0,0.498994,0.498994,0.0,0.0
QAOA,8,64,greedy_critical,next_cycle,8,1,1,4,8,5,5,142.0,2.0,98.591549,3.991955,3.991955,0.0,0.0,0.000805,0.000805,0.0,0.0,0.498994,0.498994,0.0,0.0
QAOA,8,64,greedy_critical,next_cycle,8,1,1,8,4,5,5,142.0,2.0,98.591549,3.947494,3.991955,0.044461,1.12631,0.01105,0.453125,0.442075,-4000.678733,0.493437,0.498994,0.005557,1.126182
QAOA,8,64,greedy_critical,next_cycle,8,1,1,8,8,5,5,142.0,2.0,98.591549,7.85782,7.968,0.11018,1.40217,0.001605,0.001605,0.0,0.0,0.982227,0.996,0.013773,1.402222
QAOA,8,64,greedy_critical,next_cycle,8,1,2,4,4,5,5,142.0,2.0,98.591549,3.988746,3.988746,0.0,0.0,0.001608,0.001608,0.0,0.0,0.498593,0.498593,0.0,0.0
QAOA,8,64,greedy_critical,next_cycle,8,1,2,4,8,5,5,142.0,2.0,98.591549,3.988746,3.988746,0.0,0.0,0.001608,0.001608,0.0,0.0,0.498593,0.498593,0.0,0.0
QAOA,8,64,greedy_critical,next_cycle,8,1,2,8,4,5,5,142.0,2.0,98.591549,3.882904,3.988746,0.105842,2.725846,0.027581,0.453574,0.425993,-1544.516152,0.485363,0.498593,0.01323,2.725795
QAOA,8,64,greedy_critical,next_cycle,8,1,2,8,8,5,5,142.0,2.0,98.591549,7.490964,7.955272,0.464308,6.198241,0.00463,0.003205,-0.001425,30.777538,0.93637,0.994409,0.058039,6.198298
QAOA,8,64,greedy_critical,next_cycle,8,2,1,4,4,5,5,142.0,2.0,98.591549,3.988746,3.988746,0.0,0.0,0.001608,0.001608,0.0,0.0,0.498593,0.498593,0.0,0.0
QAOA,8,64,greedy_critical,next_cycle,8,2,1,4,8,5,5,142.0,2.0,98.591549,3.988746,3.988746,0.0,0.0,0.001608,0.001608,0.0,0.0,0.498593,0.498593,0.0,0.0
QAOA,8,64,greedy_critical,next_cycle,8,2,1,8,4,5,5,142.0,2.0,98.591549,3.882904,3.988746,0.105842,2.725846,0.027581,0.453574,0.425993,-1544.516152,0.485363,0.498593,0.01323,2.725795
QAOA,8,64,greedy_critical,next_cycle,8,2,1,8,8,5,5,142.0,2.0,98.591549,7.490964,7.955272,0.464308,6.198241,0.00463,0.003205,-0.001425,30.777538,0.93637,0.994409,0.058039,6.198298
QAOA,8,64,greedy_critical,next_cycle,8,2,2,4,4,5,5,142.0,2.0,98.591549,3.98533,3.985542,0.000212,0.00532,0.002445,0.00241,-3.5e-05,1.431493,0.498166,0.498193,2.7e-05,0.00542
QAOA,8,64,greedy_critical,next_cycle,8,2,2,4,8,5,5,142.0,2.0,98.591549,3.98533,3.985542,0.000212,0.00532,0.002445,0.00241,-3.5e-05,1.431493,0.498166,0.498193,2.7e-05,0.00542
QAOA,8,64,greedy_critical,next_cycle,8,2,2,8,4,5,5,142.0,2.0,98.591549,3.75,3.985542,0.235542,6.28112,0.048157,0.454023,0.405866,-842.797516,0.46875,0.498193,0.029443,6.281173
QAOA,8,64,greedy_critical,next_cycle,8,2,2,8,8,5,5,142.0,2.0,98.591549,6.788811,7.942584,1.153773,16.995215,0.114685,0.0048,-0.109885,95.814623,0.848601,0.992823,0.144222,16.995266
QFT,4,16,asap,next_cycle,4,1,1,4,4,5,5,77.0,7.0,90.909091,3.54023,3.948718,0.408488,11.538459,0.051724,0.003215,-0.048509,93.784317,0.885057,0.987179,0.102122,11.538466
QFT,4,16,asap,next_cycle,4,1,1,4,8,5,5,77.0,7.0,90.909091,3.54023,3.948718,0.408488,11.538459,0.051724,0.003215,-0.048509,93.784317,0.885057,0.987179,0.102122,11.538466
QFT,4,16,asap,next_cycle,4,1,1,8,4,5,5,77.0,7.0,90.909091,3.54023,3.948718,0.408488,11.538459,0.051724,0.003215,-0.048509,93.784317,0.885057,0.987179,0.102122,11.538466
QFT,4,16,asap,next_cycle,4,1,1,8,8,5,5,77.0,7.0,90.909091,3.54023,3.948718,0.408488,11.538459,0.051724,0.003215,-0.048509,93.784317,0.885057,0.987179,0.102122,11.538466
QFT,4,16,asap,next_cycle,4,1,2,4,4,5,5,77.0,7.0,90.909091,3.2,3.923567,0.723567,22.611469,0.088312,0.009554,-0.078758,89.181538,0.8,0.980892,0.180892,22.6115
QFT,4,16,asap,next_cycle,4,1,2,4,8,5,5,77.0,7.0,90.909091,3.2,3.923567,0.723567,22.611469,0.088312,0.009554,-0.078758,89.181538,0.8,0.980892,0.180892,22.6115
QFT,4,16,asap,next_cycle,4,1,2,8,4,5,5,77.0,7.0,90.909091,3.2,3.923567,0.723567,22.611469,0.088312,0.009554,-0.078758,89.181538,0.8,0.980892,0.180892,22.6115
QFT,4,16,asap,next_cycle,4,1,2,8,8,5,5,77.0,7.0,90.909091,3.2,3.923567,0.723567,22.611469,0.088312,0.009554,-0.078758,89.181538,0.8,0.980892,0.180892,22.6115
QFT,4,16,asap,next_cycle,4,2,1,4,4,5,5,77.0,7.0,90.909091,3.2,3.923567,0.723567,22.611469,0.088312,0.009554,-0.078758,89.181538,0.8,0.980892,0.180892,22.6115
QFT,4,16,asap,next_cycle,4,2,1,4,8,5,5,77.0,7.0,90.909091,3.2,3.923567,0.723567,22.611469,0.088312,0.009554,-0.078758,89.181538,0.8,0.980892,0.180892,22.6115
QFT,4,16,asap,next_cycle,4,2,1,8,4,5,5,77.0,7.0,90.909091,3.2,3.923567,0.723567,22.611469,0.088312,0.009554,-0.078758,89.181538,0.8,0.980892,0.180892,22.6115
QFT,4,16,asap,next_cycle,4,2,1,8,8,5,5,77.0,7.0,90.909091,3.2,3.923567,0.723567,22.611469,0.088312,0.009554,-0.078758,89.181538,0.8,0.980892,0.180892,22.6115
QFT,4,16,asap,next_cycle,4,2,2,4,4,5,5,77.0,7.0,90.909091,2.851852,3.874214,1.022362,35.849055,0.192575,0.018809,-0.173766,90.232896,0.712963,0.968553,0.25559,35.848985
QFT,4,16,asap,next_cycle,4,2,2,4,8,5,5,77.0,7.0,90.909091,2.851852,3.874214,1.022362,35.849055,0.192575,0.018809,-0.173766,90.232896,0.712963,0.968553,0.25559,35.848985
QFT,4,16,asap,next_cycle,4,2,2,8,4,5,5,77.0,7.0,90.909091,2.851852,3.874214,1.022362,35.849055,0.192575,0.018809,-0.173766,90.232896,0.712963,0.968553,0.25559,35.848985
QFT,4,16,asap,next_cycle,4,2,2,8,8,5,5,77.0,7.0,90.909091,2.851852,3.874214,1.022362,35.849055,0.192575,0.018809,-0.173766,90.232896,0.712963,0.968553,0.25559,35.848985
QFT,4,16,asap,next_cycle,8,1,1,4,4,5,5,77.0,7.0,90.909091,3.54023,3.948718,0.408488,11.538459,0.051724,0.003215,-0.048509,93.784317,0.442529,0.49359,0.051061,11.538453
QFT,4,16,asap,next_cycle,8,1,1,4,8,5,5,77.0,7.0,90.909091,3.54023,3.948718,0.408488,11.538459,0.051724,0.003215,-0.048509,93.784317,0.442529,0.49359,0.051061,11.538453
QFT,4,16,asap,next_cycle,8,1,1,8,4,5,5,77.0,7.0,90.909091,3.530086,3.948718,0.418632,11.858975,0.04298,0.437299,0.394319,-917.44765,0.441261,0.49359,0.052329,11.858968
QFT,4,16,asap,next_cycle,8,1,1,8,8,5,5,77.0,7.0,90.909091,5.069959,7.652174,2.582215,50.931674,0.205761,0.012422,-0.193339,93.962899,0.633745,0.956522,0.322777,50.931684
QFT,4,16,asap,next_cycle,8,1,2,4,4,5,5,77.0,7.0,90.909091,3.2,3.923567,0.723567,22.611469,0.088312,0.009554,-0.078758,89.181538,0.4,0.490446,0.090446,22.6115
QFT,4,16,asap,next_cycle,8,1,2,4,8,5,5,77.0,7.0,90.909091,3.2,3.923567,0.723567,22.611469,0.088312,0.009554,-0.078758,89.181538,0.4,0.490446,0.090446,22.6115
QFT,4,16,asap,next_cycle,8,1,2,8,4,5,5,77.0,7.0,90.909091,3.2,3.923567,0.723567,22.611469,0.098958,0.43949,0.340532,-344.117707,0.4,0.490446,0.090446,22.6115
QFT,4,16,asap,next_cycle,8,1,2,8,8,5,5,77.0,7.0,90.909091,3.898734,7.421687,3.522953,90.361461,0.338608,0.036145,-0.302463,89.325415,0.487342,0.927711,0.440369,90.361389
QFT,4,16,asap,next_cycle,8,2,1,4,4,5,5,77.0,7.0,90.909091,3.2,3.923567,0.723567,22.611469,0.088312,0.009554,-0.078758,89.181538,0.4,0.490446,0.090446,22.6115
QFT,4,16,asap,next_cycle,8,2,1,4,8,5,5,77.0,7.0,90.909091,3.2,3.923567,0.723567,22.611469,0.088312,0.009554,-0.078758,89.181538,0.4,0.490446,0.090446,22.6115
QFT,4,16,asap,next_cycle,8,2,1,8,4,5,5,77.0,7.0,90.909091,3.2,3.923567,0.723567,22.611469,0.098958,0.43949,0.340532,-344.117707,0.4,0.490446,0.090446,22.6115
QFT,4,16,asap,next_cycle,8,2,1,8,8,5,5,77.0,7.0,90.909091,3.898734,7.421687,3.522953,90.361461,0.338608,0.036145,-0.302463,89.325415,0.487342,0.927711,0.440369,90.361389
QFT,4,16,asap,next_cycle,8,2,2,4,4,5,5,77.0,7.0,90.909091,2.851852,3.874214,1.022362,35.849055,0.192575,0.018809,-0.173766,90.232896,0.356481,0.484277,0.127796,35.849316
QFT,4,16,asap,next_cycle,8,2,2,4,8,5,5,77.0,7.0,90.909091,2.851852,3.874214,1.022362,35.849055,0.192575,0.018809,-0.173766,90.232896,0.356481,0.484277,0.127796,35.849316
QFT,4,16,asap,next_cycle,8,2,2,8,4,5,5,77.0,7.0,90.909091,2.858469,3.874214,1.015745,35.534582,0.212963,0.442006,0.229043,-107.550607,0.357309,0.484277,0.126968,35.534509
QFT,4,16,asap,next_cycle,8,2,2,8,8,5,5,77.0,7.0,90.909091,3.126904,7.162791,4.035887,129.069744,0.459391,0.052941,-0.40645,88.47583,0.390863,0.895349,0.504486,129.069776
QFT,4,16,greedy_critical,next_cycle,4,1,1,4,4,5,5,77.0,7.0,90.909091,3.655786,3.974194,0.318408,8.7097,0.038576,0.003226,-0.03535,91.637287,0.913947,0.993548,0.079601,8.709586
QFT,4,16,greedy_critical,next_cycle,4,1,1,4,8,5,5,77.0,7.0,90.909091,3.655786,3.974194,0.318408,8.7097,0.038576,0.003226,-0.03535,91.637287,0.913947,0.993548,0.079601,8.709586
QFT,4,16,greedy_critical,next_cycle,4,1,1,8,4,5,5,77.0,7.0,90.909091,3.655786,3.974194,0.318408,8.7097,0.038576,0.003226,-0.03535,91.637287,0.913947,0.993548,0.079601,8.709586
QFT,4,16,greedy_critical,next_cycle,4,1,1,8,8,5,5,77.0,7.0,90.909091,3.655786,3.974194,0.318408,8.7097,0.038576,0.003226,-0.03535,91.637287,0.913947,0.993548,0.079601,8.709586
QFT,4,16,greedy_critical,next_cycle,4,1,2,4,4,5,5,77.0,7.0,90.909091,3.36612,3.961415,0.595295,17.684901,0.101093,0.006431,-0.094662,93.638531,0.84153,0.990354,0.148824,17.684931
QFT,4,16,greedy_critical,next_cycle,4,1,2,4,8,5,5,77.0,7.0,90.909091,3.36612,3.961415,0.595295,17.684901,0.101093,0.006431,-0.094662,93.638531,0.84153,0.990354,0.148824,17.684931
QFT,4,16,greedy_critical,next_cycle,4,1,2,8,4,5,5,77.0,7.0,90.909091,3.36612,3.961415,0.595295,17.684901,0.101093,0.006431,-0.094662,93.638531,0.84153,0.990354,0.148824,17.684931
QFT,4,16,greedy_critical,next_cycle,4,1,2,8,8,5,5,77.0,7.0,90.909091,3.36612,3.961415,0.595295,17.684901,0.101093,0.006431,-0.094662,93.638531,0.84153,0.990354,0.148824,17.684931
QFT,4,16,greedy_critical,next_cycle,4,2,1,4,4,5,5,77.0,7.0,90.909091,3.36612,3.961415,0.595295,17.684901,0.101093,0.006431,-0.094662,93.638531,0.84153,0.990354,0.148824,17.684931
QFT,4,16,greedy_critical,next_cycle,4,2,1,4,8,5,5,77.0,7.0,90.909091,3.36612,3.961415,0.595295,17.684901,0.101093,0.006431,-0.094662,93.638531,0.84153,0.990354,0.148824,17.684931
QFT,4,16,greedy_critical,next_cycle,4,2,1,8,4,5,5,77.0,7.0,90.909091,3.36612,3.961415,0.595295,17.684901,0.101093,0.006431,-0.094662,93.638531,0.84153,0.990354,0.148824,17.684931
QFT,4,16,greedy_critical,next_cycle,4,2,1,8,8,5,5,77.0,7.0,90.909091,3.36612,3.961415,0.595295,17.684901,0.101093,0.006431,-0.094662,93.638531,0.84153,0.990354,0.148824,17.684931
QFT,4,16,greedy_critical,next_cycle,4,2,2,4,4,5,5,77.0,7.0,90.909091,3.041975,3.948718,0.906743,29.807707,0.167901,0.009615,-0.158286,94.273411,0.760494,0.987179,0.226685,29.807599
QFT,4,16,greedy_critical,next_cycle,4,2,2,4,8,5,5,77.0,7.0,90.909091,3.041975,3.948718,0.906743,29.807707,0.167901,0.009615,-0.158286,94.273411,0.760494,0.987179,0.226685,29.807599
QFT,4,16,greedy_critical,next_cycle,4,2,2,8,4,5,5,77.0,7.0,90.909091,3.041975,3.948718,0.906743,29.807707,0.167901,0.009615,-0.158286,94.273411,0.760494,0.987179,0.226685,29.807599
QFT,4,16,greedy_critical,next_cycle,4,2,2,8,8,5,5,77.0,7.0,90.909091,3.041975,3.948718,0.906743,29.807707,0.167901,0.009615,-0.158286,94.273411,0.760494,0.987179,0.226685,29.807599
QFT,4,16,greedy_critical,next_cycle,8,1,1,4,4,5,5,77.0,7.0,90.909091,3.655786,3.974194,0.318408,8.7097,0.038576,0.003226,-0.03535,91.637287,0.456973,0.496774,0.039801,8.709705
QFT,4,16,greedy_critical,next_cycle,8,1,1,4,8,5,5,77.0,7.0,90.909091,3.655786,3.974194,0.318408,8.7097,0.038576,0.003226,-0.03535,91.637287,0.456973,0.496774,0.039801,8.709705
QFT,4,16,greedy_critical,next_cycle,8,1,1,8,4,5,5,77.0,7.0,90.909091,3.560694,3.961415,0.400721,11.254014,0.054913,0.44373,0.388817,-708.060022,0.445087,0.495177,0.05009,11.25398
QFT,4,16,greedy_critical,next_cycle,8,1,1,8,8,5,5,77.0,7.0,90.909091,5.220339,7.897436,2.677097,51.282053,0.220339,0.00641,-0.213929,97.090846,0.652542,0.987179,0.334637,51.282063
QFT,4,16,greedy_critical,next_cycle,8,1,2,4,4,5,5,77.0,7.0,90.909091,3.36612,3.961415,0.595295,17.684901,0.101093,0.006431,-0.094662,93.638531,0.420765,0.495177,0.074412,17.684931
QFT,4,16,greedy_critical,next_cycle,8,1,2,4,8,5,5,77.0,7.0,90.909091,3.36612,3.961415,0.595295,17.684901,0.101093,0.006431,-0.094662,93.638531,0.420765,0.495177,0.074412,17.684931
QFT,4,16,greedy_critical,next_cycle,8,1,2,8,4,5,5,77.0,7.0,90.909091,3.242105,3.936102,0.693997,21.405753,0.094488,0.440895,0.346407,-366.614808,0.405263,0.492013,0.08675,21.405852
QFT,4,16,greedy_critical,next_cycle,8,1,2,8,8,5,5,77.0,7.0,90.909091,3.923567,7.847134,3.923567,100.0,0.353503,0.012739,-0.340764,96.396353,0.490446,0.980892,0.490446,100.0
QFT,4,16,greedy_critical,next_cycle,8,2,1,4,4,5,5,77.0,7.0,90.909091,3.36612,3.961415,0.595295,17.684901,0.101093,0.006431,-0.094662,93.638531,0.420765,0.495177,0.074412,17.684931
QFT,4,16,greedy_critical,next_cycle,8,2,1,4,8,5,5,77.0,7.0,90.909091,3.36612,3.961415,0.595295,17.684901,0.101093,0.006431,-0.094662,93.638531,0.420765,0.495177,0.074412,17.684931
QFT,4,16,greedy_critical,next_cycle,8,2,1,8,4,5,5,77.0,7.0,90.909091,3.242105,3.936102,0.693997,21.405753,0.094488,0.440895,0.346407,-366.614808,0.405263,0.492013,0.08675,21.405852
QFT,4,16,greedy_critical,next_cycle,8,2,1,8,8,5,5,77.0,7.0,90.909091,3.923567,7.847134,3.923567,100.0,0.353503,0.012739,-0.340764,96.396353,0.490446,0.980892,0.490446,100.0
QFT,4,16,greedy_critical,next_cycle,8,2,2,4,4,5,5,77.0,7.0,90.909091,3.041975,3.948718,0.906743,29.807707,0.167901,0.009615,-0.158286,94.273411,0.380247,0.49359,0.113343,29.80773
QFT,4,16,greedy_critical,next_cycle,8,2,2,4,8,5,5,77.0,7.0,90.909091,3.041975,3.948718,0.906743,29.807707,0.167901,0.009615,-0.158286,94.273411,0.380247,0.49359,0.113343,29.80773
QFT,4,16,greedy_critical,next_cycle,8,2,2,8,4,5,5,77.0,7.0,90.909091,2.885246,3.911111,1.025865,35.555547,0.203747,0.44127,0.237523,-116.577422,0.360656,0.488889,0.128233,35.555488
QFT,4,16,greedy_critical,next_cycle,8,2,2,8,8,5,5,77.0,7.0,90.909091,3.142857,7.748428,4.605571,146.540902,0.482143,0.018868,-0.463275,96.086638,0.392857,0.968553,0.575696,146.540853
QFT,6,36,asap,next_cycle,4,1,1,4,4,5,5,177.0,17.0,90.39548,3.899633,3.987484,0.087851,2.252802,0.012247,0.000626,-0.011621,94.888544,0.974908,0.996871,0.021963,2.252828
QFT,6,36,asap,next_cycle,4,1,1,4,8,5,5,177.0,17.0,90.39548,3.899633,3.987484,0.087851,2.252802,0.012247,0.000626,-0.011621,94.888544,0.974908,0.996871,0.021963,2.252828
QFT,6,36,asap,next_cycle,4,1,1,8,4,5,5,177.0,17.0,90.39548,3.899633,3.987484,0.087851,2.252802,0.012247,0.000626,-0.011621,94.888544,0.974908,0.996871,0.021963,2.252828
QFT,6,36,asap,next_cycle,4,1,1,8,8,5,5,177.0,17.0,90.39548,3.899633,3.987484,0.087851,2.252802,0.012247,0.000626,-0.011621,94.888544,0.974908,0.996871,0.021963,2.252828
QFT,6,36,asap,next_cycle,4,1,2,4,4,5,5,177.0,17.0,90.39548,3.817855,3.980012,0.162157,4.247333,0.027578,0.001874,-0.025704,93.204728,0.954464,0.995003,0.040539,4.247305
QFT,6,36,asap,next_cycle,4,1,2,4,8,5,5,177.0,17.0,90.39548,3.817855,3.980012,0.162157,4.247333,0.027578,0.001874,-0.025704,93.204728,0.954464,0.995003,0.040539,4.247305
QFT,6,36,asap,next_cycle,4,1,2,8,4,5,5,177.0,17.0,90.39548,3.817855,3.980012,0.162157,4.247333,0.027578,0.001874,-0.025704,93.204728,0.954464,0.995003,0.040539,4.247305
QFT,6,36,asap,next_cycle,4,1,2,8,8,5,5,177.0,17.0,90.39548,3.817855,3.980012,0.162157,4.247333,0.027578,0.001874,-0.025704,93.204728,0.954464,0.995003,0.040539,4.247305
QFT,6,36,asap,next_cycle,4,2,1,4,4,5,5,177.0,17.0,90.39548,3.817855,3.980012,0.162157,4.247333,0.027578,0.001874,-0.025704,93.204728,0.954464,0.995003,0.040539,4.247305
QFT,6,36,asap,next_cycle,4,2,1,4,8,5,5,177.0,17.0,90.39548,3.817855,3.980012,0.162157,4.247333,0.027578,0.001874,-0.025704,93.204728,0.954464,0.995003,0.040539,4.247305
QFT,6,36,asap,next_cycle,4,2,1,8,4,5,5,177.0,17.0,90.39548,3.817855,3.980012,0.162157,4.247333,0.027578,0.001874,-0.025704,93.204728,0.954464,0.995003,0.040539,4.247305
QFT,6,36,asap,next_cycle,4,2,1,8,8,5,5,177.0,17.0,90.39548,3.817855,3.980012,0.162157,4.247333,0.027578,0.001874,-0.025704,93.204728,0.954464,0.995003,0.040539,4.247305
QFT,6,36,asap,next_cycle,4,2,2,4,4,5,5,177.0,17.0,90.39548,3.715452,3.970093,0.254641,6.853567,0.045534,0.003741,-0.041793,91.784161,0.928863,0.992523,0.06366,6.85354
QFT,6,36,asap,next_cycle,4,2,2,4,8,5,5,177.0,17.0,90.39548,3.715452,3.970093,0.254641,6.853567,0.045534,0.003741,-0.041793,91.784161,0.928863,0.992523,0.06366,6.85354
QFT,6,36,asap,next_cycle,4,2,2,8,4,5,5,177.0,17.0,90.39548,3.715452,3.970093,0.254641,6.853567,0.045534,0.003741,-0.041793,91.784161,0.928863,0.992523,0.06366,6.85354
QFT,6,36,asap,next_cycle,4,2,2,8,8,5,5,177.0,17.0,90.39548,3.715452,3.970093,0.254641,6.853567,0.045534,0.003741,-0.041793,91.784161,0.928863,0.992523,0.06366,6.85354
QFT,6,36,asap,next_cycle,8,1,1,4,4,5,5,177.0,17.0,90.39548,3.899633,3.987484,0.087851,2.252802,0.012247,0.000626,-0.011621,94.888544,0.487454,0.498436,0.010982,2.252931
QFT,6,36,asap,next_cycle,8,1,1,4,8,5,5,177.0,17.0,90.39548,3.899633,3.987484,0.087851,2.252802,0.012247,0.000626,-0.011621,94.888544,0.487454,0.498436,0.010982,2.252931
QFT,6,36,asap,next_cycle,8,1,1,8,4,5,5,177.0,17.0,90.39548,3.899633,3.987484,0.087851,2.252802,0.015912,0.354415,0.338503,-2127.344143,0.487454,0.498436,0.010982,2.252931
QFT,6,36,asap,next_cycle,8,1,1,8,8,5,5,177.0,17.0,90.39548,7.208145,7.925373,0.717228,9.950244,0.058824,0.002484,-0.05634,95.777234,0.901018,0.990672,0.089654,9.950301
QFT,6,36,asap,next_cycle,8,1,2,4,4,5,5,177.0,17.0,90.39548,3.817855,3.980012,0.162157,4.247333,0.027578,0.001874,-0.025704,93.204728,0.477232,0.497502,0.02027,4.24741
QFT,6,36,asap,next_cycle,8,1,2,4,8,5,5,177.0,17.0,90.39548,3.817855,3.980012,0.162157,4.247333,0.027578,0.001874,-0.025704,93.204728,0.477232,0.497502,0.02027,4.24741
QFT,6,36,asap,next_cycle,8,1,2,8,4,5,5,177.0,17.0,90.39548,3.817855,3.980012,0.162157,4.247333,0.031156,0.355,0.323844,-1039.427398,0.477232,0.497502,0.02027,4.24741
QFT,6,36,asap,next_cycle,8,1,2,8,8,5,5,177.0,17.0,90.39548,6.679245,7.856967,1.177722,17.632562,0.10808,0.008631,-0.099449,92.014249,0.834906,0.982121,0.147215,17.632524
QFT,6,36,asap,next_cycle,8,2,1,4,4,5,5,177.0,17.0,90.39548,3.817855,3.980012,0.162157,4.247333,0.027578,0.001874,-0.025704,93.204728,0.477232,0.497502,0.02027,4.24741
QFT,6,36,asap,next_cycle,8,2,1,4,8,5,5,177.0,17.0,90.39548,3.817855,3.980012,0.162157,4.247333,0.027578,0.001874,-0.025704,93.204728,0.477232,0.497502,0.02027,4.24741
QFT,6,36,asap,next_cycle,8,2,1,8,4,5,5,177.0,17.0,90.39548,3.817855,3.980012,0.162157,4.247333,0.031156,0.355,0.323844,-1039.427398,0.477232,0.497502,0.02027,4.24741
QFT,6,36,asap,next_cycle,8,2,1,8,8,5,5,177.0,17.0,90.39548,6.679245,7.856967,1.177722,17.632562,0.10808,0.008631,-0.099449,92.014249,0.834906,0.982121,0.147215,17.632524
QFT,6,36,asap,next_cycle,8,2,2,4,4,5,5,177.0,17.0,90.39548,3.715452,3.970093,0.254641,6.853567,0.045534,0.003741,-0.041793,91.784161,0.464431,0.496262,0.031831,6.853763
QFT,6,36,asap,next_cycle,8,2,2,4,8,5,5,177.0,17.0,90.39548,3.715452,3.970093,0.254641,6.853567,0.045534,0.003741,-0.041793,91.784161,0.464431,0.496262,0.031831,6.853763
QFT,6,36,asap,next_cycle,8,2,2,8,4,5,5,177.0,17.0,90.39548,3.715452,3.970093,0.254641,6.853567,0.051312,0.354738,0.303426,-591.33536,0.464431,0.496262,0.031831,6.853763
QFT,6,36,asap,next_cycle,8,2,2,8,8,5,5,177.0,17.0,90.39548,6.097608,7.789731,1.692123,27.750603,0.169378,0.017073,-0.152305,89.920179,0.762201,0.973716,0.211515,27.750554
QFT,6,36,greedy_critical,next_cycle,4,1,1,4,4,5,5,177.0,17.0,90.39548,3.952854,3.994984,0.04213,1.065812,0.001861,0.000627,-0.001234,66.308436,0.988213,0.998746,0.010533,1.065863
QFT,6,36,greedy_critical,next_cycle,4,1,1,4,8,5,5,177.0,17.0,90.39548,3.952854,3.994984,0.04213,1.065812,0.001861,0.000627,-0.001234,66.308436,0.988213,0.998746,0.010533,1.065863
QFT,6,36,greedy_critical,next_cycle,4,1,1,8,4,5,5,177.0,17.0,90.39548,3.952854,3.994984,0.04213,1.065812,0.001861,0.000627,-0.001234,66.308436,0.988213,0.998746,0.010533,1.065863
QFT,6,36,greedy_critical,next_cycle,4,1,1,8,8,5,5,177.0,17.0,90.39548,3.952854,3.994984,0.04213,1.065812,0.001861,0.000627,-0.001234,66.308436,0.988213,0.998746,0.010533,1.065863
QFT,6,36,greedy_critical,next_cycle,4,1,2,4,4,5,5,177.0,17.0,90.39548,3.882998,3.992481,0.109483,2.819548,0.014625,0.001253,-0.013372,91.432479,0.97075,0.99812,0.02737,2.819469
QFT,6,36,greedy_critical,next_cycle,4,1,2,4,8,5,5,177.0,17.0,90.39548,3.882998,3.992481,0.109483,2.819548,0.014625,0.001253,-0.013372,91.432479,0.97075,0.99812,0.02737,2.819469
QFT,6,36,greedy_critical,next_cycle,4,1,2,8,4,5,5,177.0,17.0,90.39548,3.882998,3.992481,0.109483,2.819548,0.014625,0.001253,-0.013372,91.432479,0.97075,0.99812,0.02737,2.819469
QFT,6,36,greedy_critical,next_cycle,4,1,2,8,8,5,5,177.0,17.0,90.39548,3.882998,3.992481,0.109483,2.819548,0.014625,0.001253,-0.013372,91.432479,0.97075,0.99812,0.02737,2.819469
QFT,6,36,greedy_critical,next_cycle,4,2,1,4,4,5,5,177.0,17.0,90.39548,3.882998,3.992481,0.109483,2.819548,0.014625,0.001253,-0.013372,91.432479,0.97075,0.99812,0.02737,2.819469
QFT,6,36,greedy_critical,next_cycle,4,2,1,4,8,5,5,177.0,17.0,90.39548,3.882998,3.992481,0.109483,2.819548,0.014625,0.001253,-0.013372,91.432479,0.97075,0.99812,0.02737,2.819469
QFT,6,36,greedy_critical,next_cycle,4,2,1,8,4,5,5,177.0,17.0,90.39548,3.882998,3.992481,0.109483,2.819548,0.014625,0.001253,-0.013372,91.432479,0.97075,0.99812,0.02737,2.819469
QFT,6,36,greedy_critical,next_cycle,4,2,1,8,8,5,5,177.0,17.0,90.39548,3.882998,3.992481,0.109483,2.819548,0.014625,0.001253,-0.013372,91.432479,0.97075,0.99812,0.02737,2.819469
QFT,6,36,greedy_critical,next_cycle,4,2,2,4,4,5,5,177.0,17.0,90.39548,3.797378,3.989981,0.192603,5.072,0.032777,0.001879,-0.030898,94.267322,0.949344,0.997495,0.048151,5.072029
QFT,6,36,greedy_critical,next_cycle,4,2,2,4,8,5,5,177.0,17.0,90.39548,3.797378,3.989981,0.192603,5.072,0.032777,0.001879,-0.030898,94.267322,0.949344,0.997495,0.048151,5.072029
QFT,6,36,greedy_critical,next_cycle,4,2,2,8,4,5,5,177.0,17.0,90.39548,3.797378,3.989981,0.192603,5.072,0.032777,0.001879,-0.030898,94.267322,0.949344,0.997495,0.048151,5.072029
QFT,6,36,greedy_critical,next_cycle,4,2,2,8,8,5,5,177.0,17.0,90.39548,3.797378,3.989981,0.192603,5.072,0.032777,0.001879,-0.030898,94.267322,0.949344,0.997495,0.048151,5.072029
QFT,6,36,greedy_critical,next_cycle,8,1,1,4,4,5,5,177.0,17.0,90.39548,3.952854,3.994984,0.04213,1.065812,0.001861,0.000627,-0.001234,66.308436,0.494107,0.499373,0.005266,1.065761
QFT,6,36,greedy_critical,next_cycle,8,1,1,4,8,5,5,177.0,17.0,90.39548,3.952854,3.994984,0.04213,1.065812,0.001861,0.000627,-0.001234,66.308436,0.494107,0.499373,0.005266,1.065761
QFT,6,36,greedy_critical,next_cycle,8,1,1,8,4,5,5,177.0,17.0,90.39548,3.909202,3.989981,0.080779,2.066381,0.01227,0.433312,0.421042,-3431.475143,0.48865,0.498748,0.010098,2.06651
QFT,6,36,greedy_critical,next_cycle,8,1,1,8,8,5,5,177.0,17.0,90.39548,7.400697,7.974969,0.574272,7.759702,0.034843,0.001252,-0.033591,96.406739,0.925087,0.996871,0.071784,7.759703
QFT,6,36,greedy_critical,next_cycle,8,1,2,4,4,5,5,177.0,17.0,90.39548,3.882998,3.992481,0.109483,2.819548,0.014625,0.001253,-0.013372,91.432479,0.485375,0.49906,0.013685,2.819469
QFT,6,36,greedy_critical,next_cycle,8,1,2,4,8,5,5,177.0,17.0,90.39548,3.882998,3.992481,0.109483,2.819548,0.014625,0.001253,-0.013372,91.432479,0.485375,0.49906,0.013685,2.819469
QFT,6,36,greedy_critical,next_cycle,8,1,2,8,4,5,5,177.0,17.0,90.39548,3.829327,3.984991,0.155664,4.065049,0.024053,0.434647,0.410594,-1707.038623,0.478666,0.498124,0.019458,4.065047
QFT,6,36,greedy_critical,next_cycle,8,1,2,8,8,5,5,177.0,17.0,90.39548,6.941176,7.965,1.023824,14.750008,0.081699,0.0025,-0.079199,96.939987,0.867647,0.995625,0.127978,14.750008
QFT,6,36,greedy_critical,next_cycle,8,2,1,4,4,5,5,177.0,17.0,90.39548,3.882998,3.992481,0.109483,2.819548,0.014625,0.001253,-0.013372,91.432479,0.485375,0.49906,0.013685,2.819469
QFT,6,36,greedy_critical,next_cycle,8,2,1,4,8,5,5,177.0,17.0,90.39548,3.882998,3.992481,0.109483,2.819548,0.014625,0.001253,-0.013372,91.432479,0.485375,0.49906,0.013685,2.819469
QFT,6,36,greedy_critical,next_cycle,8,2,1,8,4,5,5,177.0,17.0,90.39548,3.829327,3.984991,0.155664,4.065049,0.024053,0.434647,0.410594,-1707.038623,0.478666,0.498124,0.019458,4.065047
QFT,6,36,greedy_critical,next_cycle,8,2,1,8,8,5,5,177.0,17.0,90.39548,6.941176,7.965,1.023824,14.750008,0.081699,0.0025,-0.079199,96.939987,0.867647,0.995625,0.127978,14.750008
QFT,6,36,greedy_critical,next_cycle,8,2,2,4,4,5,5,177.0,17.0,90.39548,3.797378,3.989981,0.192603,5.072,0.032777,0.001879,-0.030898,94.267322,0.474672,0.498748,0.024076,5.072134
QFT,6,36,greedy_critical,next_cycle,8,2,2,4,8,5,5,177.0,17.0,90.39548,3.797378,3.989981,0.192603,5.072,0.032777,0.001879,-0.030898,94.267322,0.474672,0.498748,0.024076,5.072134
QFT,6,36,greedy_critical,next_cycle,8,2,2,8,4,5,5,177.0,17.0,90.39548,3.726316,3.977528,0.251212,6.741565,0.053185,0.433833,0.380648,-715.705556,0.465789,0.497191,0.031402,6.741679
QFT,6,36,greedy_critical,next_cycle,8,2,2,8,8,5,5,177.0,17.0,90.39548,6.423387,7.955056,1.531669,23.845193,0.139113,0.003745,-0.135368,97.307944,0.802923,0.994382,0.191459,23.84525
VQE,4,16,asap,next_cycle,4,1,1,4,4,5,5,15.0,1.0,93.333333,3.459459,3.878788,0.419329,12.121231,0.040541,0.015152,-0.025389,62.62549,0.864865,0.969697,0.104832,12.121198
VQE,4,16,asap,next_cycle,4,1,1,4,8,5,5,15.0,1.0,93.333333,3.459459,3.878788,0.419329,12.121231,0.040541,0.015152,-0.025389,62.62549,0.864865,0.969697,0.104832,12.121198
VQE,4,16,asap,next_cycle,4,1,1,8,4,5,5,15.0,1.0,93.333333,3.459459,3.878788,0.419329,12.121231,0.040541,0.015152,-0.025389,62.62549,0.864865,0.969697,0.104832,12.121198
VQE,4,16,asap,next_cycle,4,1,1,8,8,5,5,15.0,1.0,93.333333,3.459459,3.878788,0.419329,12.121231,0.040541,0.015152,-0.025389,62.62549,0.864865,0.969697,0.104832,12.121198
VQE,4,16,asap,next_cycle,4,1,2,4,4,5,5,15.0,1.0,93.333333,3.160494,3.820896,0.660402,20.895531,0.098765,0.029851,-0.068914,69.77573,0.790123,0.955224,0.165101,20.895607
VQE,4,16,asap,next_cycle,4,1,2,4,8,5,5,15.0,1.0,93.333333,3.160494,3.820896,0.660402,20.895531,0.098765,0.029851,-0.068914,69.77573,0.790123,0.955224,0.165101,20.895607
VQE,4,16,asap,next_cycle,4,1,2,8,4,5,5,15.0,1.0,93.333333,3.160494,3.820896,0.660402,20.895531,0.098765,0.029851,-0.068914,69.77573,0.790123,0.955224,0.165101,20.895607
VQE,4,16,asap,next_cycle,4,1,2,8,8,5,5,15.0,1.0,93.333333,3.160494,3.820896,0.660402,20.895531,0.098765,0.029851,-0.068914,69.77573,0.790123,0.955224,0.165101,20.895607
VQE,4,16,asap,next_cycle,4,2,1,4,4,5,5,15.0,1.0,93.333333,3.160494,3.820896,0.660402,20.895531,0.098765,0.029851,-0.068914,69.77573,0.790123,0.955224,0.165101,20.895607
VQE,4,16,asap,next_cycle,4,2,1,4,8,5,5,15.0,1.0,93.333333,3.160494,3.820896,0.660402,20.895531,0.098765,0.029851,-0.068914,69.77573,0.790123,0.955224,0.165101,20.895607
VQE,4,16,asap,next_cycle,4,2,1,8,4,5,5,15.0,1.0,93.333333,3.160494,3.820896,0.660402,20.895531,0.098765,0.029851,-0.068914,69.77573,0.790123,0.955224,0.165101,20.895607
VQE,4,16,asap,next_cycle,4,2,1,8,8,5,5,15.0,1.0,93.333333,3.160494,3.820896,0.660402,20.895531,0.098765,0.029851,-0.068914,69.77573,0.790123,0.955224,0.165101,20.895607
VQE,4,16,asap,next_cycle,4,2,2,4,4,5,5,15.0,1.0,93.333333,2.813187,3.710145,0.896958,31.884052,0.142857,0.043478,-0.099379,69.56537,0.703297,0.927536,0.224239,31.883969
VQE,4,16,asap,next_cycle,4,2,2,4,8,5,5,15.0,1.0,93.333333,2.813187,3.710145,0.896958,31.884052,0.142857,0.043478,-0.099379,69.56537,0.703297,0.927536,0.224239,31.883969
VQE,4,16,asap,next_cycle,4,2,2,8,4,5,5,15.0,1.0,93.333333,2.813187,3.710145,0.896958,31.884052,0.142857,0.043478,-0.099379,69.56537,0.703297,0.927536,0.224239,31.883969
VQE,4,16,asap,next_cycle,4,2,2,8,8,5,5,15.0,1.0,93.333333,2.813187,3.710145,0.896958,31.884052,0.142857,0.043478,-0.099379,69.56537,0.703297,0.927536,0.224239,31.883969
VQE,4,16,asap,next_cycle,8,1,1,4,4,5,5,15.0,1.0,93.333333,3.459459,3.878788,0.419329,12.121231,0.040541,0.015152,-0.025389,62.62549,0.432432,0.484848,0.052416,12.121212
VQE,4,16,asap,next_cycle,8,1,1,4,8,5,5,15.0,1.0,93.333333,3.459459,3.878788,0.419329,12.121231,0.040541,0.015152,-0.025389,62.62549,0.432432,0.484848,0.052416,12.121212
VQE,4,16,asap,next_cycle,8,1,1,8,4,5,5,15.0,1.0,93.333333,3.413333,3.878788,0.465455,13.636378,0.066667,0.348485,0.281818,-422.724886,0.426667,0.484848,0.058181,13.636161
VQE,4,16,asap,next_cycle,8,1,1,8,8,5,5,15.0,1.0,93.333333,5.019608,7.314286,2.294678,45.714287,0.098039,0.028571,-0.069468,70.857516,0.627451,0.914286,0.286835,45.714327
VQE,4,16,asap,next_cycle,8,1,2,4,4,5,5,15.0,1.0,93.333333,3.160494,3.820896,0.660402,20.895531,0.098765,0.029851,-0.068914,69.77573,0.395062,0.477612,0.08255,20.895454
VQE,4,16,asap,next_cycle,8,1,2,4,8,5,5,15.0,1.0,93.333333,3.160494,3.820896,0.660402,20.895531,0.098765,0.029851,-0.068914,69.77573,0.395062,0.477612,0.08255,20.895454
VQE,4,16,asap,next_cycle,8,1,2,8,4,5,5,15.0,1.0,93.333333,3.084337,3.820896,0.736559,23.880627,0.108434,0.358209,0.249775,-230.347492,0.385542,0.477612,0.09207,23.880667
VQE,4,16,asap,next_cycle,8,1,2,8,8,5,5,15.0,1.0,93.333333,3.820896,6.918919,3.098023,81.081061,0.38806,0.054054,-0.334006,86.070711,0.477612,0.864865,0.387253,81.081087
VQE,4,16,asap,next_cycle,8,2,1,4,4,5,5,15.0,1.0,93.333333,3.160494,3.820896,0.660402,20.895531,0.098765,0.029851,-0.068914,69.77573,0.395062,0.477612,0.08255,20.895454
VQE,4,16,asap,next_cycle,8,2,1,4,8,5,5,15.0,1.0,93.333333,3.160494,3.820896,0.660402,20.895531,0.098765,0.029851,-0.068914,69.77573,0.395062,0.477612,0.08255,20.895454
VQE,4,16,asap,next_cycle,8,2,1,8,4,5,5,15.0,1.0,93.333333,3.084337,3.820896,0.736559,23.880627,0.108434,0.358209,0.249775,-230.347492,0.385542,0.477612,0.09207,23.880667
VQE,4,16,asap,next_cycle,8,2,1,8,8,5,5,15.0,1.0,93.333333,3.820896,6.918919,3.098023,81.081061,0.38806,0.054054,-0.334006,86.070711,0.477612,0.864865,0.387253,81.081087
VQE,4,16,asap,next_cycle,8,2,2,4,4,5,5,15.0,1.0,93.333333,2.813187,3.710145,0.896958,31.884052,0.142857,0.043478,-0.099379,69.56537,0.351648,0.463768,0.11212,31.884157
VQE,4,16,asap,next_cycle,8,2,2,4,8,5,5,15.0,1.0,93.333333,2.813187,3.710145,0.896958,31.884052,0.142857,0.043478,-0.099379,69.56537,0.351648,0.463768,0.11212,31.884157
VQE,4,16,asap,next_cycle,8,2,2,8,4,5,5,15.0,1.0,93.333333,2.752688,3.710145,0.957457,34.78262,0.193548,0.376812,0.183264,-94.686589,0.344086,0.463768,0.119682,34.782583
VQE,4,16,asap,next_cycle,8,2,2,8,8,5,5,15.0,1.0,93.333333,3.084337,6.564103,3.479766,112.820551,0.506024,0.076923,-0.429101,84.798547,0.385542,0.820513,0.434971,112.820652
VQE,4,16,greedy_critical,next_cycle,4,1,1,4,4,5,5,15.0,1.0,93.333333,3.878788,3.878788,0.0,0.0,0.015152,0.015152,0.0,0.0,0.969697,0.969697,0.0,0.0
VQE,4,16,greedy_critical,next_cycle,4,1,1,4,8,5,5,15.0,1.0,93.333333,3.878788,3.878788,0.0,0.0,0.015152,0.015152,0.0,0.0,0.969697,0.969697,0.0,0.0
VQE,4,16,greedy_critical,next_cycle,4,1,1,8,4,5,5,15.0,1.0,93.333333,3.878788,3.878788,0.0,0.0,0.015152,0.015152,0.0,0.0,0.969697,0.969697,0.0,0.0
VQE,4,16,greedy_critical,next_cycle,4,1,1,8,8,5,5,15.0,1.0,93.333333,3.878788,3.878788,0.0,0.0,0.015152,0.015152,0.0,0.0,0.969697,0.969697,0.0,0.0
VQE,4,16,greedy_critical,next_cycle,4,1,2,4,4,5,5,15.0,1.0,93.333333,3.820896,3.820896,0.0,0.0,0.029851,0.029851,0.0,0.0,0.955224,0.955224,0.0,0.0
VQE,4,16,greedy_critical,next_cycle,4,1,2,4,8,5,5,15.0,1.0,93.333333,3.820896,3.820896,0.0,0.0,0.029851,0.029851,0.0,0.0,0.955224,0.955224,0.0,0.0
VQE,4,16,greedy_critical,next_cycle,4,1,2,8,4,5,5,15.0,1.0,93.333333,3.820896,3.820896,0.0,0.0,0.029851,0.029851,0.0,0.0,0.955224,0.955224,0.0,0.0
VQE,4,16,greedy_critical,next_cycle,4,1,2,8,8,5,5,15.0,1.0,93.333333,3.820896,3.820896,0.0,0.0,0.029851,0.029851,0.0,0.0,0.955224,0.955224,0.0,0.0
VQE,4,16,greedy_critical,next_cycle,4,2,1,4,4,5,5,15.0,1.0,93.333333,3.820896,3.820896,0.0,0.0,0.029851,0.029851,0.0,0.0,0.955224,0.955224,0.0,0.0
VQE,4,16,greedy_critical,next_cycle,4,2,1,4,8,5,5,15.0,1.0,93.333333,3.820896,3.820896,0.0,0.0,0.029851,0.029851,0.0,0.0,0.955224,0.955224,0.0,0.0
VQE,4,16,greedy_critical,next_cycle,4,2,1,8,4,5,5,15.0,1.0,93.333333,3.820896,3.820896,0.0,0.0,0.029851,0.029851,0.0,0.0,0.955224,0.955224,0.0,0.0
VQE,4,16,greedy_critical,next_cycle,4,2,1,8,8,5,5,15.0,1.0,93.333333,3.820896,3.820896,0.0,0.0,0.029851,0.029851,0.0,0.0,0.955224,0.955224,0.0,0.0
VQE,4,16,greedy_critical,next_cycle,4,2,2,4,4,5,5,15.0,1.0,93.333333,3.2,3.710145,0.510145,15.942031,0.1125,0.043478,-0.069022,61.352889,0.8,0.927536,0.127536,15.942
VQE,4,16,greedy_critical,next_cycle,4,2,2,4,8,5,5,15.0,1.0,93.333333,3.2,3.710145,0.510145,15.942031,0.1125,0.043478,-0.069022,61.352889,0.8,0.927536,0.127536,15.942
VQE,4,16,greedy_critical,next_cycle,4,2,2,8,4,5,5,15.0,1.0,93.333333,3.2,3.710145,0.510145,15.942031,0.1125,0.043478,-0.069022,61.352889,0.8,0.927536,0.127536,15.942
VQE,4,16,greedy_critical,next_cycle,4,2,2,8,8,5,5,15.0,1.0,93.333333,3.2,3.710145,0.510145,15.942031,0.1125,0.043478,-0.069022,61.352889,0.8,0.927536,0.127536,15.942
VQE,4,16,greedy_critical,next_cycle,8,1,1,4,4,5,5,15.0,1.0,93.333333,3.878788,3.878788,0.0,0.0,0.015152,0.015152,0.0,0.0,0.484848,0.484848,0.0,0.0
VQE,4,16,greedy_critical,next_cycle,8,1,1,4,8,5,5,15.0,1.0,93.333333,3.878788,3.878788,0.0,0.0,0.015152,0.015152,0.0,0.0,0.484848,0.484848,0.0,0.0
VQE,4,16,greedy_critical,next_cycle,8,1,1,8,4,5,5,15.0,1.0,93.333333,3.605634,3.878788,0.273154,7.575755,0.042254,0.348485,0.306231,-724.738486,0.450704,0.484848,0.034144,7.575704
VQE,4,16,greedy_critical,next_cycle,8,1,1,8,8,5,5,15.0,1.0,93.333333,5.333333,7.314286,1.980953,37.142871,0.020833,0.028571,0.007738,-37.142994,0.666667,0.914286,0.247619,37.142831
VQE,4,16,greedy_critical,next_cycle,8,1,2,4,4,5,5,15.0,1.0,93.333333,3.820896,3.820896,0.0,0.0,0.029851,0.029851,0.0,0.0,0.477612,0.477612,0.0,0.0
VQE,4,16,greedy_critical,next_cycle,8,1,2,4,8,5,5,15.0,1.0,93.333333,3.820896,3.820896,0.0,0.0,0.029851,0.029851,0.0,0.0,0.477612,0.477612,0.0,0.0
VQE,4,16,greedy_critical,next_cycle,8,1,2,8,4,5,5,15.0,1.0,93.333333,3.240506,3.820896,0.58039,17.910474,0.088608,0.358209,0.269601,-304.262595,0.405063,0.477612,0.072549,17.910547
VQE,4,16,greedy_critical,next_cycle,8,1,2,8,8,5,5,15.0,1.0,93.333333,4.0,6.918919,2.918919,72.972975,0.15625,0.054054,-0.102196,65.40544,0.5,0.864865,0.364865,72.973
VQE,4,16,greedy_critical,next_cycle,8,2,1,4,4,5,5,15.0,1.0,93.333333,3.820896,3.820896,0.0,0.0,0.029851,0.029851,0.0,0.0,0.477612,0.477612,0.0,0.0
VQE,4,16,greedy_critical,next_cycle,8,2,1,4,8,5,5,15.0,1.0,93.333333,3.820896,3.820896,0.0,0.0,0.029851,0.029851,0.0,0.0,0.477612,0.477612,0.0,0.0
VQE,4,16,greedy_critical,next_cycle,8,2,1,8,4,5,5,15.0,1.0,93.333333,3.240506,3.820896,0.58039,17.910474,0.088608,0.358209,0.269601,-304.262595,0.405063,0.477612,0.072549,17.910547
VQE,4,16,greedy_critical,next_cycle,8,2,1,8,8,5,5,15.0,1.0,93.333333,4.0,6.918919,2.918919,72.972975,0.15625,0.054054,-0.102196,65.40544,0.5,0.864865,0.364865,72.973
VQE,4,16,greedy_critical,next_cycle,8,2,2,4,4,5,5,15.0,1.0,93.333333,3.2,3.710145,0.510145,15.942031,0.1125,0.043478,-0.069022,61.352889,0.4,0.463768,0.063768,15.942
VQE,4,16,greedy_critical,next_cycle,8,2,2,4,8,5,5,15.0,1.0,93.333333,3.2,3.710145,0.510145,15.942031,0.1125,0.043478,-0.069022,61.352889,0.4,0.463768,0.063768,15.942
VQE,4,16,greedy_critical,next_cycle,8,2,2,8,4,5,5,15.0,1.0,93.333333,2.909091,3.710145,0.801054,27.53623,0.102273,0.376812,0.274539,-268.437418,0.363636,0.463768,0.100132,27.536328
VQE,4,16,greedy_critical,next_cycle,8,2,2,8,8,5,5,15.0,1.0,93.333333,3.2,6.564103,3.364103,105.128219,0.325,0.076923,-0.248077,76.331385,0.4,0.820513,0.420513,105.12825
VQE,6,36,asap,next_cycle,4,1,1,4,4,5,5,35.0,1.0,97.142857,3.88024,3.97546,0.09522,2.453972,0.008982,0.003067,-0.005915,65.85393,0.97006,0.993865,0.023805,2.453972
VQE,6,36,asap,next_cycle,4,1,1,4,8,5,5,35.0,1.0,97.142857,3.88024,3.97546,0.09522,2.453972,0.008982,0.003067,-0.005915,65.85393,0.97006,0.993865,0.023805,2.453972
VQE,6,36,asap,next_cycle,4,1,1,8,4,5,5,35.0,1.0,97.142857,3.88024,3.97546,0.09522,2.453972,0.008982,0.003067,-0.005915,65.85393,0.97006,0.993865,0.023805,2.453972
VQE,6,36,asap,next_cycle,4,1,1,8,8,5,5,35.0,1.0,97.142857,3.88024,3.97546,0.09522,2.453972,0.008982,0.003067,-0.005915,65.85393,0.97006,0.993865,0.023805,2.453972
VQE,6,36,asap,next_cycle,4,1,2,4,4,5,5,35.0,1.0,97.142857,3.800587,3.963303,0.162716,4.281339,0.02346,0.006116,-0.017344,73.930094,0.950147,0.990826,0.040679,4.281338
VQE,6,36,asap,next_cycle,4,1,2,4,8,5,5,35.0,1.0,97.142857,3.800587,3.963303,0.162716,4.281339,0.02346,0.006116,-0.017344,73.930094,0.950147,0.990826,0.040679,4.281338
VQE,6,36,asap,next_cycle,4,1,2,8,4,5,5,35.0,1.0,97.142857,3.800587,3.963303,0.162716,4.281339,0.02346,0.006116,-0.017344,73.930094,0.950147,0.990826,0.040679,4.281338
VQE,6,36,asap,next_cycle,4,1,2,8,8,5,5,35.0,1.0,97.142857,3.800587,3.963303,0.162716,4.281339,0.02346,0.006116,-0.017344,73.930094,0.950147,0.990826,0.040679,4.281338
VQE,6,36,asap,next_cycle,4,2,1,4,4,5,5,35.0,1.0,97.142857,3.800587,3.963303,0.162716,4.281339,0.02346,0.006116,-0.017344,73.930094,0.950147,0.990826,0.040679,4.281338
VQE,6,36,asap,next_cycle,4,2,1,4,8,5,5,35.0,1.0,97.142857,3.800587,3.963303,0.162716,4.281339,0.02346,0.006116,-0.017344,73.930094,0.950147,0.990826,0.040679,4.281338
VQE,6,36,asap,next_cycle,4,2,1,8,4,5,5,35.0,1.0,97.142857,3.800587,3.963303,0.162716,4.281339,0.02346,0.006116,-0.017344,73.930094,0.950147,0.990826,0.040679,4.281338
VQE,6,36,asap,next_cycle,4,2,1,8,8,5,5,35.0,1.0,97.142857,3.800587,3.963303,0.162716,4.281339,0.02346,0.006116,-0.017344,73.930094,0.950147,0.990826,0.040679,4.281338
VQE,6,36,asap,next_cycle,4,2,2,4,4,5,5,35.0,1.0,97.142857,3.692308,3.95122,0.258912,7.012199,0.037037,0.009146,-0.027891,75.305775,0.923077,0.987805,0.064728,7.012199
VQE,6,36,asap,next_cycle,4,2,2,4,8,5,5,35.0,1.0,97.142857,3.692308,3.95122,0.258912,7.012199,0.037037,0.009146,-0.027891,75.305775,0.923077,0.987805,0.064728,7.012199
VQE,6,36,asap,next_cycle,4,2,2,8,4,5,5,35.0,1.0,97.142857,3.692308,3.95122,0.258912,7.012199,0.037037,0.009146,-0.027891,75.305775,0.923077,0.987805,0.064728,7.012199
VQE,6,36,asap,next_cycle,4,2,2,8,8,5,5,35.0,1.0,97.142857,3.692308,3.95122,0.258912,7.012199,0.037037,0.009146,-0.027891,75.305775,0.923077,0.987805,0.064728,7.012199
VQE,6,36,asap,next_cycle,8,1,1,4,4,5,5,35.0,1.0,97.142857,3.88024,3.97546,0.09522,2.453972,0.008982,0.003067,-0.005915,65.85393,0.48503,0.496933,0.011903,2.454075
VQE,6,36,asap,next_cycle,8,1,1,4,8,5,5,35.0,1.0,97.142857,3.88024,3.97546,0.09522,2.453972,0.008982,0.003067,-0.005915,65.85393,0.48503,0.496933,0.011903,2.454075
VQE,6,36,asap,next_cycle,8,1,1,8,4,5,5,35.0,1.0,97.142857,3.868657,3.97546,0.106803,2.760725,0.014925,0.432515,0.41759,-2797.922948,0.483582,0.496933,0.013351,2.760855
VQE,6,36,asap,next_cycle,8,1,1,8,8,5,5,35.0,1.0,97.142857,7.160221,7.902439,0.742218,10.365853,0.022099,0.006098,-0.016001,72.405991,0.895028,0.987805,0.092777,10.365821
VQE,6,36,asap,next_cycle,8,1,2,4,4,5,5,35.0,1.0,97.142857,3.800587,3.963303,0.162716,4.281339,0.02346,0.006116,-0.017344,73.930094,0.475073,0.495413,0.02034,4.281447
VQE,6,36,asap,next_cycle,8,1,2,4,8,5,5,35.0,1.0,97.142857,3.800587,3.963303,0.162716,4.281339,0.02346,0.006116,-0.017344,73.930094,0.475073,0.495413,0.02034,4.281447
VQE,6,36,asap,next_cycle,8,1,2,8,4,5,5,35.0,1.0,97.142857,3.778426,3.963303,0.184877,4.892963,0.026239,0.434251,0.408012,-1554.983041,0.472303,0.495413,0.02311,4.893045
VQE,6,36,asap,next_cycle,8,1,2,8,8,5,5,35.0,1.0,97.142857,6.646154,7.854545,1.208391,18.181809,0.082051,0.012121,-0.06993,85.22748,0.830769,0.981818,0.151049,18.181829
VQE,6,36,asap,next_cycle,8,2,1,4,4,5,5,35.0,1.0,97.142857,3.800587,3.963303,0.162716,4.281339,0.02346,0.006116,-0.017344,73.930094,0.475073,0.495413,0.02034,4.281447
VQE,6,36,asap,next_cycle,8,2,1,4,8,5,5,35.0,1.0,97.142857,3.800587,3.963303,0.162716,4.281339,0.02346,0.006116,-0.017344,73.930094,0.475073,0.495413,0.02034,4.281447
VQE,6,36,asap,next_cycle,8,2,1,8,4,5,5,35.0,1.0,97.142857,3.778426,3.963303,0.184877,4.892963,0.026239,0.434251,0.408012,-1554.983041,0.472303,0.495413,0.02311,4.893045
VQE,6,36,asap,next_cycle,8,2,1,8,8,5,5,35.0,1.0,97.142857,6.646154,7.854545,1.208391,18.181809,0.082051,0.012121,-0.06993,85.22748,0.830769,0.981818,0.151049,18.181829
VQE,6,36,asap,next_cycle,8,2,2,4,4,5,5,35.0,1.0,97.142857,3.692308,3.95122,0.258912,7.012199,0.037037,0.009146,-0.027891,75.305775,0.461538,0.493902,0.032364,7.012207
VQE,6,36,asap,next_cycle,8,2,2,4,8,5,5,35.0,1.0,97.142857,3.692308,3.95122,0.258912,7.012199,0.037037,0.009146,-0.027891,75.305775,0.461538,0.493902,0.032364,7.012207
VQE,6,36,asap,next_cycle,8,2,2,8,4,5,5,35.0,1.0,97.142857,3.671388,3.95122,0.279832,7.621967,0.050992,0.435976,0.384984,-754.989018,0.458924,0.493902,0.034978,7.621741
VQE,6,36,asap,next_cycle,8,2,2,8,8,5,5,35.0,1.0,97.142857,6.056075,7.760479,1.704404,28.143707,0.11215,0.017964,-0.094186,83.982167,0.757009,0.97006,0.213051,28.143787
VQE,6,36,greedy_critical,next_cycle,4,1,1,4,4,5,5,35.0,1.0,97.142857,3.97546,3.97546,0.0,0.0,0.003067,0.003067,0.0,0.0,0.993865,0.993865,0.0,0.0
VQE,6,36,greedy_critical,next_cycle,4,1,1,4,8,5,5,35.0,1.0,97.142857,3.97546,3.97546,0.0,0.0,0.003067,0.003067,0.0,0.0,0.993865,0.993865,0.0,0.0
VQE,6,36,greedy_critical,next_cycle,4,1,1,8,4,5,5,35.0,1.0,97.142857,3.97546,3.97546,0.0,0.0,0.003067,0.003067,0.0,0.0,0.993865,0.993865,0.0,0.0
VQE,6,36,greedy_critical,next_cycle,4,1,1,8,8,5,5,35.0,1.0,97.142857,3.97546,3.97546,0.0,0.0,0.003067,0.003067,0.0,0.0,0.993865,0.993865,0.0,0.0
VQE,6,36,greedy_critical,next_cycle,4,1,2,4,4,5,5,35.0,1.0,97.142857,3.963303,3.963303,0.0,0.0,0.006116,0.006116,0.0,0.0,0.990826,0.990826,0.0,0.0
VQE,6,36,greedy_critical,next_cycle,4,1,2,4,8,5,5,35.0,1.0,97.142857,3.963303,3.963303,0.0,0.0,0.006116,0.006116,0.0,0.0,0.990826,0.990826,0.0,0.0
VQE,6,36,greedy_critical,next_cycle,4,1,2,8,4,5,5,35.0,1.0,97.142857,3.963303,3.963303,0.0,0.0,0.006116,0.006116,0.0,0.0,0.990826,0.990826,0.0,0.0
VQE,6,36,greedy_critical,next_cycle,4,1,2,8,8,5,5,35.0,1.0,97.142857,3.963303,3.963303,0.0,0.0,0.006116,0.006116,0.0,0.0,0.990826,0.990826,0.0,0.0
VQE,6,36,greedy_critical,next_cycle,4,2,1,4,4,5,5,35.0,1.0,97.142857,3.963303,3.963303,0.0,0.0,0.006116,0.006116,0.0,0.0,0.990826,0.990826,0.0,0.0
VQE,6,36,greedy_critical,next_cycle,4,2,1,4,8,5,5,35.0,1.0,97.142857,3.963303,3.963303,0.0,0.0,0.006116,0.006116,0.0,0.0,0.990826,0.990826,0.0,0.0
VQE,6,36,greedy_critical,next_cycle,4,2,1,8,4,5,5,35.0,1.0,97.142857,3.963303,3.963303,0.0,0.0,0.006116,0.006116,0.0,0.0,0.990826,0.990826,0.0,0.0
VQE,6,36,greedy_critical,next_cycle,4,2,1,8,8,5,5,35.0,1.0,97.142857,3.963303,3.963303,0.0,0.0,0.006116,0.006116,0.0,0.0,0.990826,0.990826,0.0,0.0
VQE,6,36,greedy_critical,next_cycle,4,2,2,4,4,5,5,35.0,1.0,97.142857,3.95122,3.95122,0.0,0.0,0.009146,0.009146,0.0,0.0,0.987805,0.987805,0.0,0.0
VQE,6,36,greedy_critical,next_cycle,4,2,2,4,8,5,5,35.0,1.0,97.142857,3.95122,3.95122,0.0,0.0,0.009146,0.009146,0.0,0.0,0.987805,0.987805,0.0,0.0
VQE,6,36,greedy_critical,next_cycle,4,2,2,8,4,5,5,35.0,1.0,97.142857,3.95122,3.95122,0.0,0.0,0.009146,0.009146,0.0,0.0,0.987805,0.987805,0.0,0.0
VQE,6,36,greedy_critical,next_cycle,4,2,2,8,8,5,5,35.0,1.0,97.142857,3.95122,3.95122,0.0,0.0,0.009146,0.009146,0.0,0.0,0.987805,0.987805,0.0,0.0
VQE,6,36,greedy_critical,next_cycle,8,1,1,4,4,5,5,35.0,1.0,97.142857,3.97546,3.97546,0.0,0.0,0.003067,0.003067,0.0,0.0,0.496933,0.496933,0.0,0.0
VQE,6,36,greedy_critical,next_cycle,8,1,1,4,8,5,5,35.0,1.0,97.142857,3.97546,3.97546,0.0,0.0,0.003067,0.003067,0.0,0.0,0.496933,0.496933,0.0,0.0
VQE,6,36,greedy_critical,next_cycle,8,1,1,8,4,5,5,35.0,1.0,97.142857,3.927273,3.97546,0.048187,1.226984,0.009091,0.432515,0.423424,-4657.617424,0.490909,0.496933,0.006024,1.227111
VQE,6,36,greedy_critical,next_cycle,8,1,1,8,8,5,5,35.0,1.0,97.142857,7.902439,7.902439,0.0,0.0,0.006098,0.006098,0.0,0.0,0.987805,0.987805,0.0,0.0
VQE,6,36,greedy_critical,next_cycle,8,1,2,4,4,5,5,35.0,1.0,97.142857,3.963303,3.963303,0.0,0.0,0.006116,0.006116,0.0,0.0,0.495413,0.495413,0.0,0.0
VQE,6,36,greedy_critical,next_cycle,8,1,2,4,8,5,5,35.0,1.0,97.142857,3.963303,3.963303,0.0,0.0,0.006116,0.006116,0.0,0.0,0.495413,0.495413,0.0,0.0
VQE,6,36,greedy_critical,next_cycle,8,1,2,8,4,5,5,35.0,1.0,97.142857,3.83432,3.963303,0.128983,3.363908,0.011834,0.434251,0.422417,-3569.520027,0.47929,0.495413,0.016123,3.363934
VQE,6,36,greedy_critical,next_cycle,8,1,2,8,8,5,5,35.0,1.0,97.142857,7.854545,7.854545,0.0,0.0,0.012121,0.012121,0.0,0.0,0.981818,0.981818,0.0,0.0
VQE,6,36,greedy_critical,next_cycle,8,2,1,4,4,5,5,35.0,1.0,97.142857,3.963303,3.963303,0.0,0.0,0.006116,0.006116,0.0,0.0,0.495413,0.495413,0.0,0.0
VQE,6,36,greedy_critical,next_cycle,8,2,1,4,8,5,5,35.0,1.0,97.142857,3.963303,3.963303,0.0,0.0,0.006116,0.006116,0.0,0.0,0.495413,0.495413,0.0,0.0
VQE,6,36,greedy_critical,next_cycle,8,2,1,8,4,5,5,35.0,1.0,97.142857,3.83432,3.963303,0.128983,3.363908,0.011834,0.434251,0.422417,-3569.520027,0.47929,0.495413,0.016123,3.363934
VQE,6,36,greedy_critical,next_cycle,8,2,1,8,8,5,5,35.0,1.0,97.142857,7.854545,7.854545,0.0,0.0,0.012121,0.012121,0.0,0.0,0.981818,0.981818,0.0,0.0
VQE,6,36,greedy_critical,next_cycle,8,2,2,4,4,5,5,35.0,1.0,97.142857,3.95122,3.95122,0.0,0.0,0.009146,0.009146,0.0,0.0,0.493902,0.493902,0.0,0.0
VQE,6,36,greedy_critical,next_cycle,8,2,2,4,8,5,5,35.0,1.0,97.142857,3.95122,3.95122,0.0,0.0,0.009146,0.009146,0.0,0.0,0.493902,0.493902,0.0,0.0
VQE,6,36,greedy_critical,next_cycle,8,2,2,8,4,5,5,35.0,1.0,97.142857,3.745665,3.95122,0.205555,5.487811,0.043353,0.435976,0.392623,-905.642055,0.468208,0.493902,0.025694,5.487732
VQE,6,36,greedy_critical,next_cycle,8,2,2,8,8,5,5,35.0,1.0,97.142857,7.2,7.760479,0.560479,7.784431,0.066667,0.017964,-0.048703,73.054135,0.9,0.97006,0.07006,7.784444
VQE,8,64,asap,next_cycle,4,1,1,4,4,5,5,63.0,1.0,98.412698,3.961315,3.992203,0.030888,0.779741,0.002901,0.000975,-0.001926,66.3909,0.990329,0.998051,0.007722,0.779741
VQE,8,64,asap,next_cycle,4,1,1,4,8,5,5,63.0,1.0,98.412698,3.961315,3.992203,0.030888,0.779741,0.002901,0.000975,-0.001926,66.3909,0.990329,0.998051,0.007722,0.779741
VQE,8,64,asap,next_cycle,4,1,1,8,4,5,5,63.0,1.0,98.412698,3.961315,3.992203,0.030888,0.779741,0.002901,0.000975,-0.001926,66.3909,0.990329,0.998051,0.007722,0.779741
VQE,8,64,asap,next_cycle,4,1,1,8,8,5,5,63.0,1.0,98.412698,3.961315,3.992203,0.030888,0.779741,0.002901,0.000975,-0.001926,66.3909,0.990329,0.998051,0.007722,0.779741
VQE,8,64,asap,next_cycle,4,1,2,4,4,5,5,63.0,1.0,98.412698,3.934678,3.988315,0.053637,1.363187,0.007685,0.001947,-0.005738,74.664932,0.98367,0.997079,0.013409,1.36316
VQE,8,64,asap,next_cycle,4,1,2,4,8,5,5,63.0,1.0,98.412698,3.934678,3.988315,0.053637,1.363187,0.007685,0.001947,-0.005738,74.664932,0.98367,0.997079,0.013409,1.36316
VQE,8,64,asap,next_cycle,4,1,2,8,4,5,5,63.0,1.0,98.412698,3.934678,3.988315,0.053637,1.363187,0.007685,0.001947,-0.005738,74.664932,0.98367,0.997079,0.013409,1.36316
VQE,8,64,asap,next_cycle,4,1,2,8,8,5,5,63.0,1.0,98.412698,3.934678,3.988315,0.053637,1.363187,0.007685,0.001947,-0.005738,74.664932,0.98367,0.997079,0.013409,1.36316
VQE,8,64,asap,next_cycle,4,2,1,4,4,5,5,63.0,1.0,98.412698,3.934678,3.988315,0.053637,1.363187,0.007685,0.001947,-0.005738,74.664932,0.98367,0.997079,0.013409,1.36316
VQE,8,64,asap,next_cycle,4,2,1,4,8,5,5,63.0,1.0,98.412698,3.934678,3.988315,0.053637,1.363187,0.007685,0.001947,-0.005738,74.664932,0.98367,0.997079,0.013409,1.36316
VQE,8,64,asap,next_cycle,4,2,1,8,4,5,5,63.0,1.0,98.412698,3.934678,3.988315,0.053637,1.363187,0.007685,0.001947,-0.005738,74.664932,0.98367,0.997079,0.013409,1.36316
VQE,8,64,asap,next_cycle,4,2,1,8,8,5,5,63.0,1.0,98.412698,3.934678,3.988315,0.053637,1.363187,0.007685,0.001947,-0.005738,74.664932,0.98367,0.997079,0.013409,1.36316
VQE,8,64,asap,next_cycle,4,2,2,4,4,5,5,63.0,1.0,98.412698,3.897241,3.984436,0.087195,2.237352,0.012369,0.002918,-0.009451,76.408764,0.97431,0.996109,0.021799,2.237378
VQE,8,64,asap,next_cycle,4,2,2,4,8,5,5,63.0,1.0,98.412698,3.897241,3.984436,0.087195,2.237352,0.012369,0.002918,-0.009451,76.408764,0.97431,0.996109,0.021799,2.237378
VQE,8,64,asap,next_cycle,4,2,2,8,4,5,5,63.0,1.0,98.412698,3.897241,3.984436,0.087195,2.237352,0.012369,0.002918,-0.009451,76.408764,0.97431,0.996109,0.021799,2.237378
VQE,8,64,asap,next_cycle,4,2,2,8,8,5,5,63.0,1.0,98.412698,3.897241,3.984436,0.087195,2.237352,0.012369,0.002918,-0.009451,76.408764,0.97431,0.996109,0.021799,2.237378
VQE,8,64,asap,next_cycle,8,1,1,4,4,5,5,63.0,1.0,98.412698,3.961315,3.992203,0.030888,0.779741,0.002901,0.000975,-0.001926,66.3909,0.495164,0.499025,0.003861,0.779742
VQE,8,64,asap,next_cycle,8,1,1,4,8,5,5,63.0,1.0,98.412698,3.961315,3.992203,0.030888,0.779741,0.002901,0.000975,-0.001926,66.3909,0.495164,0.499025,0.003861,0.779742
VQE,8,64,asap,next_cycle,8,1,1,8,4,5,5,63.0,1.0,98.412698,3.957488,3.992203,0.034715,0.877198,0.004831,0.461988,0.457157,-9462.989029,0.494686,0.499025,0.004339,0.877122
VQE,8,64,asap,next_cycle,8,1,1,8,8,5,5,63.0,1.0,98.412698,7.713748,7.968872,0.255124,3.307394,0.007533,0.001946,-0.005587,74.166999,0.964218,0.996109,0.031891,3.307447
VQE,8,64,asap,next_cycle,8,1,2,4,4,5,5,63.0,1.0,98.412698,3.934678,3.988315,0.053637,1.363187,0.007685,0.001947,-0.005738,74.664932,0.491835,0.498539,0.006704,1.363059
VQE,8,64,asap,next_cycle,8,1,2,4,8,5,5,63.0,1.0,98.412698,3.934678,3.988315,0.053637,1.363187,0.007685,0.001947,-0.005738,74.664932,0.491835,0.498539,0.006704,1.363059
VQE,8,64,asap,next_cycle,8,1,2,8,4,5,5,63.0,1.0,98.412698,3.927133,3.988315,0.061182,1.55793,0.008629,0.462512,0.453883,-5259.972187,0.490892,0.498539,0.007647,1.557776
VQE,8,64,asap,next_cycle,8,1,2,8,8,5,5,63.0,1.0,98.412698,7.515596,7.953398,0.437802,5.825247,0.029358,0.003883,-0.025475,86.773622,0.93945,0.994175,0.054725,5.825217
VQE,8,64,asap,next_cycle,8,2,1,4,4,5,5,63.0,1.0,98.412698,3.934678,3.988315,0.053637,1.363187,0.007685,0.001947,-0.005738,74.664932,0.491835,0.498539,0.006704,1.363059
VQE,8,64,asap,next_cycle,8,2,1,4,8,5,5,63.0,1.0,98.412698,3.934678,3.988315,0.053637,1.363187,0.007685,0.001947,-0.005738,74.664932,0.491835,0.498539,0.006704,1.363059
VQE,8,64,asap,next_cycle,8,2,1,8,4,5,5,63.0,1.0,98.412698,3.927133,3.988315,0.061182,1.55793,0.008629,0.462512,0.453883,-5259.972187,0.490892,0.498539,0.007647,1.557776
VQE,8,64,asap,next_cycle,8,2,1,8,8,5,5,63.0,1.0,98.412698,7.515596,7.953398,0.437802,5.825247,0.029358,0.003883,-0.025475,86.773622,0.93945,0.994175,0.054725,5.825217
VQE,8,64,asap,next_cycle,8,2,2,4,4,5,5,63.0,1.0,98.412698,3.897241,3.984436,0.087195,2.237352,0.012369,0.002918,-0.009451,76.408764,0.487155,0.498054,0.010899,2.237276
VQE,8,64,asap,next_cycle,8,2,2,4,8,5,5,63.0,1.0,98.412698,3.897241,3.984436,0.087195,2.237352,0.012369,0.002918,-0.009451,76.408764,0.487155,0.498054,0.010899,2.237276
VQE,8,64,asap,next_cycle,8,2,2,8,4,5,5,63.0,1.0,98.412698,3.889839,3.984436,0.094597,2.4319,0.017094,0.463035,0.445941,-2608.757459,0.48623,0.498054,0.011824,2.431771
VQE,8,64,asap,next_cycle,8,2,2,8,8,5,5,63.0,1.0,98.412698,7.262411,7.937984,0.675573,9.302324,0.042553,0.005814,-0.036739,86.337039,0.907801,0.992248,0.084447,9.302369
VQE,8,64,greedy_critical,next_cycle,4,1,1,4,4,5,5,63.0,1.0,98.412698,3.992203,3.992203,0.0,0.0,0.000975,0.000975,0.0,0.0,0.998051,0.998051,0.0,0.0
VQE,8,64,greedy_critical,next_cycle,4,1,1,4,8,5,5,63.0,1.0,98.412698,3.992203,3.992203,0.0,0.0,0.000975,0.000975,0.0,0.0,0.998051,0.998051,0.0,0.0
VQE,8,64,greedy_critical,next_cycle,4,1,1,8,4,5,5,63.0,1.0,98.412698,3.992203,3.992203,0.0,0.0,0.000975,0.000975,0.0,0.0,0.998051,0.998051,0.0,0.0
VQE,8,64,greedy_critical,next_cycle,4,1,1,8,8,5,5,63.0,1.0,98.412698,3.992203,3.992203,0.0,0.0,0.000975,0.000975,0.0,0.0,0.998051,0.998051,0.0,0.0
VQE,8,64,greedy_critical,next_cycle,4,1,2,4,4,5,5,63.0,1.0,98.412698,3.988315,3.988315,0.0,0.0,0.001947,0.001947,0.0,0.0,0.997079,0.997079,0.0,0.0
VQE,8,64,greedy_critical,next_cycle,4,1,2,4,8,5,5,63.0,1.0,98.412698,3.988315,3.988315,0.0,0.0,0.001947,0.001947,0.0,0.0,0.997079,0.997079,0.0,0.0
VQE,8,64,greedy_critical,next_cycle,4,1,2,8,4,5,5,63.0,1.0,98.412698,3.988315,3.988315,0.0,0.0,0.001947,0.001947,0.0,0.0,0.997079,0.997079,0.0,0.0
VQE,8,64,greedy_critical,next_cycle,4,1,2,8,8,5,5,63.0,1.0,98.412698,3.988315,3.988315,0.0,0.0,0.001947,0.001947,0.0,0.0,0.997079,0.997079,0.0,0.0
VQE,8,64,greedy_critical,next_cycle,4,2,1,4,4,5,5,63.0,1.0,98.412698,3.988315,3.988315,0.0,0.0,0.001947,0.001947,0.0,0.0,0.997079,0.997079,0.0,0.0
VQE,8,64,greedy_critical,next_cycle,4,2,1,4,8,5,5,63.0,1.0,98.412698,3.988315,3.988315,0.0,0.0,0.001947,0.001947,0.0,0.0,0.997079,0.997079,0.0,0.0
VQE,8,64,greedy_critical,next_cycle,4,2,1,8,4,5,5,63.0,1.0,98.412698,3.988315,3.988315,0.0,0.0,0.001947,0.001947,0.0,0.0,0.997079,0.997079,0.0,0.0
VQE,8,64,greedy_critical,next_cycle,4,2,1,8,8,5,5,63.0,1.0,98.412698,3.988315,3.988315,0.0,0.0,0.001947,0.001947,0.0,0.0,0.997079,0.997079,0.0,0.0
VQE,8,64,greedy_critical,next_cycle,4,2,2,4,4,5,5,63.0,1.0,98.412698,3.984436,3.984436,0.0,0.0,0.002918,0.002918,0.0,0.0,0.996109,0.996109,0.0,0.0
VQE,8,64,greedy_critical,next_cycle,4,2,2,4,8,5,5,63.0,1.0,98.412698,3.984436,3.984436,0.0,0.0,0.002918,0.002918,0.0,0.0,0.996109,0.996109,0.0,0.0
VQE,8,64,greedy_critical,next_cycle,4,2,2,8,4,5,5,63.0,1.0,98.412698,3.984436,3.984436,0.0,0.0,0.002918,0.002918,0.0,0.0,0.996109,0.996109,0.0,0.0
VQE,8,64,greedy_critical,next_cycle,4,2,2,8,8,5,5,63.0,1.0,98.412698,3.984436,3.984436,0.0,0.0,0.002918,0.002918,0.0,0.0,0.996109,0.996109,0.0,0.0
VQE,8,64,greedy_critical,next_cycle,8,1,1,4,4,5,5,63.0,1.0,98.412698,3.992203,3.992203,0.0,0.0,0.000975,0.000975,0.0,0.0,0.499025,0.499025,0.0,0.0
VQE,8,64,greedy_critical,next_cycle,8,1,1,4,8,5,5,63.0,1.0,98.412698,3.992203,3.992203,0.0,0.0,0.000975,0.000975,0.0,0.0,0.499025,0.499025,0.0,0.0
VQE,8,64,greedy_critical,next_cycle,8,1,1,8,4,5,5,63.0,1.0,98.412698,3.976699,3.992203,0.015504,0.389871,0.002913,0.461988,0.459075,-15759.526262,0.497087,0.499025,0.001938,0.389871
VQE,8,64,greedy_critical,next_cycle,8,1,1,8,8,5,5,63.0,1.0,98.412698,7.968872,7.968872,0.0,0.0,0.001946,0.001946,0.0,0.0,0.996109,0.996109,0.0,0.0
VQE,8,64,greedy_critical,next_cycle,8,1,2,4,4,5,5,63.0,1.0,98.412698,3.988315,3.988315,0.0,0.0,0.001947,0.001947,0.0,0.0,0.498539,0.498539,0.0,0.0
VQE,8,64,greedy_critical,next_cycle,8,1,2,4,8,5,5,63.0,1.0,98.412698,3.988315,3.988315,0.0,0.0,0.001947,0.001947,0.0,0.0,0.498539,0.498539,0.0,0.0
VQE,8,64,greedy_critical,next_cycle,8,1,2,8,4,5,5,63.0,1.0,98.412698,3.953668,3.988315,0.034647,0.876325,0.006757,0.462512,0.455755,-6744.931182,0.494208,0.498539,0.004331,0.876352
VQE,8,64,greedy_critical,next_cycle,8,1,2,8,8,5,5,63.0,1.0,98.412698,7.953398,7.953398,0.0,0.0,0.003883,0.003883,0.0,0.0,0.994175,0.994175,0.0,0.0
VQE,8,64,greedy_critical,next_cycle,8,2,1,4,4,5,5,63.0,1.0,98.412698,3.988315,3.988315,0.0,0.0,0.001947,0.001947,0.0,0.0,0.498539,0.498539,0.0,0.0
VQE,8,64,greedy_critical,next_cycle,8,2,1,4,8,5,5,63.0,1.0,98.412698,3.988315,3.988315,0.0,0.0,0.001947,0.001947,0.0,0.0,0.498539,0.498539,0.0,0.0
VQE,8,64,greedy_critical,next_cycle,8,2,1,8,4,5,5,63.0,1.0,98.412698,3.953668,3.988315,0.034647,0.876325,0.006757,0.462512,0.455755,-6744.931182,0.494208,0.498539,0.004331,0.876352
VQE,8,64,greedy_critical,next_cycle,8,2,1,8,8,5,5,63.0,1.0,98.412698,7.953398,7.953398,0.0,0.0,0.003883,0.003883,0.0,0.0,0.994175,0.994175,0.0,0.0
VQE,8,64,greedy_critical,next_cycle,8,2,2,4,4,5,5,63.0,1.0,98.412698,3.984436,3.984436,0.0,0.0,0.002918,0.002918,0.0,0.0,0.498054,0.498054,0.0,0.0
VQE,8,64,greedy_critical,next_cycle,8,2,2,4,8,5,5,63.0,1.0,98.412698,3.984436,3.984436,0.0,0.0,0.002918,0.002918,0.0,0.0,0.498054,0.498054,0.0,0.0
VQE,8,64,greedy_critical,next_cycle,8,2,2,8,4,5,5,63.0,1.0,98.412698,3.923372,3.984436,0.061064,1.556416,0.01341,0.463035,0.449625,-3352.908277,0.490421,0.498054,0.007633,1.556418
VQE,8,64,greedy_critical,next_cycle,8,2,2,8,8,5,5,63.0,1.0,98.412698,7.937984,7.937984,0.0,0.0,0.005814,0.005814,0.0,0.0,0.992248,0.992248,0.0,0.0
