algorithm,hardware_size,logical_qubits,dag_seed,policy,release_mode,issue_width,l_meas,l_ff,meas_width,ff_width,raw_ff_chain_depth,shifted_ff_chain_depth,depth_reduction_pct,raw_throughput,shifted_throughput,throughput_delta,throughput_gain_pct,raw_stall_rate,shifted_stall_rate,stall_rate_delta,stall_reduction_pct,raw_utilization,shifted_utilization,utilization_delta,utilization_gain_pct,raw_saturation_ratio,raw_saturation_bucket,raw_stall_bucket,latency_profile,width_profile,throughput_direction,stall_direction
QAOA,4,16,0,greedy_critical,next_cycle,8,1,2,8,4,37,2,94.594595,2.313725,3.847826,1.534101,66.304379,0.267974,0.347826,0.079852,-29.798413,0.289216,0.480978,0.191762,66.304077,0.289216,underutilized,stall_high,mixed,W8_M8_F4,improved,worse
QAOA,4,16,0,stall_aware_shifted,next_cycle,8,1,2,8,4,37,2,94.594595,2.313725,3.847826,1.534101,66.304379,0.267974,0.380435,0.112461,-41.967131,0.289216,0.480978,0.191762,66.304077,0.289216,underutilized,stall_high,mixed,W8_M8_F4,improved,worse
QAOA,4,16,1,asap,next_cycle,8,1,2,8,4,28,2,92.857143,2.677686,3.811765,1.134079,42.35295,0.140496,0.176471,0.035975,-25.605711,0.334711,0.476471,0.14176,42.352955,0.334711,underutilized,stall_medium,mixed,W8_M8_F4,improved,worse
QAOA,4,16,1,greedy_critical,next_cycle,8,1,2,8,4,28,2,92.857143,2.722689,3.857143,1.134454,41.666676,0.142857,0.309524,0.166667,-116.667017,0.340336,0.482143,0.141807,41.666765,0.340336,underutilized,stall_medium,mixed,W8_M8_F4,improved,worse
QAOA,4,16,1,stall_aware_shifted,next_cycle,8,1,2,8,4,28,2,92.857143,2.745763,3.857143,1.11138,40.476181,0.228814,0.392857,0.164043,-71.692729,0.34322,0.482143,0.138923,40.476371,0.34322,underutilized,stall_high,mixed,W8_M8_F4,improved,worse
QAOA,4,16,1,stall_aware_shifted,next_cycle,8,1,2,8,5,28,2,92.857143,2.769231,4.764706,1.995475,72.058813,0.307692,0.308824,0.001132,-0.3679,0.346154,0.595588,0.249434,72.058679,0.346154,underutilized,stall_high,mixed,W8_M8_F5,improved,worse
QAOA,4,16,2,stall_aware_shifted,next_cycle,8,1,2,8,4,34,2,94.117647,2.255319,3.831325,1.576006,69.879516,0.29078,0.385542,0.094762,-32.588899,0.281915,0.478916,0.197001,69.879574,0.281915,underutilized,stall_high,mixed,W8_M8_F4,improved,worse
QAOA,4,16,3,greedy_critical,next_cycle,8,1,2,8,4,31,2,93.548387,2.465116,3.831325,1.366209,55.421692,0.271318,0.325301,0.053983,-19.896579,0.30814,0.478916,0.170776,55.421562,0.30814,underutilized,stall_high,mixed,W8_M8_F4,improved,worse
QAOA,4,16,3,stall_aware_shifted,next_cycle,8,1,2,8,4,31,2,93.548387,2.465116,3.831325,1.366209,55.421692,0.271318,0.39759,0.126272,-46.540222,0.30814,0.478916,0.170776,55.421562,0.30814,underutilized,stall_high,mixed,W8_M8_F4,improved,worse
QAOA,4,16,4,greedy_critical,next_cycle,8,1,2,8,4,34,2,94.117647,2.255319,3.831325,1.576006,69.879516,0.333333,0.337349,0.004016,-1.204801,0.281915,0.478916,0.197001,69.879574,0.281915,underutilized,stall_high,mixed,W8_M8_F4,improved,worse
QAOA,4,16,4,stall_aware_shifted,next_cycle,8,1,2,8,4,34,2,94.117647,2.239437,3.831325,1.591888,71.084295,0.330986,0.385542,0.054556,-16.482872,0.27993,0.478916,0.198986,71.0842,0.27993,underutilized,stall_high,mixed,W8_M8_F4,improved,worse
QAOA,6,36,0,asap,next_cycle,8,1,2,8,4,76,2,97.368421,3.501085,3.965602,0.464517,13.267801,0.106291,0.230958,0.124667,-117.288388,0.437636,0.4957,0.058064,13.267647,0.437636,underutilized,stall_medium,mixed,W8_M8_F4,improved,worse
QAOA,6,36,0,greedy_critical,next_cycle,8,1,2,8,4,76,2,97.368421,3.547253,3.965602,0.418349,11.793605,0.081319,0.422604,0.341285,-419.686666,0.443407,0.4957,0.052293,11.793454,0.443407,underutilized,stall_medium,mixed,W8_M8_F4,improved,worse
QAOA,6,36,0,greedy_critical,next_cycle,8,1,2,8,5,76,2,97.368421,4.181347,4.95092,0.769573,18.404906,0.090674,0.303681,0.213007,-234.915191,0.522668,0.618865,0.096197,18.404991,0.522668,active,stall_medium,mixed,W8_M8_F5,improved,worse
QAOA,6,36,0,greedy_critical,next_cycle,8,1,2,8,6,76,2,97.368421,4.637931,5.933824,1.295893,27.941188,0.143678,0.176471,0.032793,-22.823954,0.579741,0.741728,0.161987,27.94127,0.579741,active,stall_medium,mixed,W8_M8_F6,improved,worse
QAOA,6,36,0,stall_aware_shifted,next_cycle,8,1,2,8,4,76,2,97.368421,3.531729,3.965602,0.433873,12.285003,0.09628,0.447174,0.350894,-364.4516,0.441466,0.4957,0.054234,12.284978,0.441466,underutilized,stall_medium,mixed,W8_M8_F4,improved,worse
QAOA,6,36,0,stall_aware_shifted,next_cycle,8,1,2,8,5,76,2,97.368421,4.170543,4.95092,0.780377,18.71164,0.126615,0.306748,0.180133,-142.268294,0.521318,0.618865,0.097547,18.711612,0.521318,active,stall_medium,mixed,W8_M8_F5,improved,worse
QAOA,6,36,1,asap,next_cycle,8,1,2,8,4,73,2,97.260274,3.764151,3.970149,0.205998,5.472628,0.040094,0.21393,0.173836,-433.571108,0.470519,0.496269,0.02575,5.47268,0.470519,underutilized,stall_low,mixed,W8_M8_F4,improved,worse
QAOA,6,36,1,asap,next_cycle,8,1,2,8,5,73,2,97.260274,4.384615,4.941176,0.556561,12.693498,0.063187,0.142415,0.079228,-125.386551,0.548077,0.617647,0.06957,12.693472,0.548077,active,stall_medium,mixed,W8_M8_F5,improved,worse
QAOA,6,36,1,greedy_critical,next_cycle,8,1,2,8,4,73,2,97.260274,3.827338,3.970149,0.142811,3.73134,0.016787,0.427861,0.411074,-2448.763924,0.478417,0.496269,0.017852,3.731473,0.478417,underutilized,stall_low,mixed,W8_M8_F4,improved,worse
QAOA,6,36,1,greedy_critical,next_cycle,8,1,2,8,5,73,2,97.260274,4.483146,4.941176,0.45803,10.216709,0.05618,0.294118,0.237938,-423.527946,0.560393,0.617647,0.057254,10.216759,0.560393,active,stall_medium,mixed,W8_M8_F5,improved,worse
QAOA,6,36,1,greedy_critical,next_cycle,8,1,2,8,6,73,2,97.260274,4.9875,5.933086,0.945586,18.959118,0.09375,0.193309,0.099559,-106.196267,0.623437,0.741636,0.118199,18.959253,0.623437,active,stall_medium,mixed,W8_M8_F6,improved,worse
QAOA,6,36,1,stall_aware_shifted,next_cycle,8,1,2,8,4,73,2,97.260274,3.8,3.970149,0.170149,4.477605,0.038095,0.430348,0.392253,-1029.67056,0.475,0.496269,0.021269,4.477684,0.475,underutilized,stall_low,mixed,W8_M8_F4,improved,worse
QAOA,6,36,1,stall_aware_shifted,next_cycle,8,1,2,8,5,73,2,97.260274,4.458101,4.941176,0.483075,10.835892,0.055866,0.306502,0.250636,-448.637812,0.557263,0.617647,0.060384,10.835817,0.557263,active,stall_medium,mixed,W8_M8_F5,improved,worse
QAOA,6,36,1,stall_aware_shifted,next_cycle,8,1,2,8,6,73,2,97.260274,4.956522,5.933086,0.976564,19.702606,0.102484,0.171004,0.06852,-66.859217,0.619565,0.741636,0.122071,19.702695,0.619565,active,stall_medium,mixed,W8_M8_F6,improved,worse
QAOA,6,36,2,asap,next_cycle,8,1,2,8,4,73,2,97.260274,3.691275,3.966346,0.275071,7.451924,0.044743,0.245192,0.200449,-448.000805,0.461409,0.495793,0.034384,7.451957,0.461409,underutilized,stall_low,mixed,W8_M8_F4,improved,worse
QAOA,6,36,2,asap,next_cycle,8,1,2,8,5,73,2,97.260274,4.376658,4.954955,0.578297,13.21321,0.058355,0.159159,0.100804,-172.742696,0.547082,0.619369,0.072287,13.213193,0.547082,active,stall_medium,mixed,W8_M8_F5,improved,worse
QAOA,6,36,2,greedy_critical,next_cycle,8,1,2,8,4,73,2,97.260274,3.758542,3.966346,0.207804,5.528846,0.047836,0.425481,0.377645,-789.457731,0.469818,0.495793,0.025975,5.528737,0.469818,underutilized,stall_low,mixed,W8_M8_F4,improved,worse
QAOA,6,36,2,greedy_critical,next_cycle,8,1,2,8,5,73,2,97.260274,4.495913,4.954955,0.459042,10.210206,0.049046,0.306306,0.25726,-524.527994,0.561989,0.619369,0.05738,10.210164,0.561989,active,stall_low,mixed,W8_M8_F5,improved,worse
QAOA,6,36,2,greedy_critical,next_cycle,8,1,2,8,6,73,2,97.260274,5.045872,5.935252,0.88938,17.625893,0.06422,0.18705,0.12283,-191.264404,0.630734,0.741906,0.111172,17.625814,0.630734,active,stall_medium,mixed,W8_M8_F6,improved,worse
QAOA,6,36,2,stall_aware_shifted,next_cycle,8,1,2,8,4,73,2,97.260274,3.741497,3.966346,0.224849,6.0096,0.029478,0.442308,0.41283,-1400.468146,0.467687,0.495793,0.028106,6.009575,0.467687,underutilized,stall_low,mixed,W8_M8_F4,improved,worse
QAOA,6,36,2,stall_aware_shifted,next_cycle,8,1,2,8,5,73,2,97.260274,4.483696,4.954955,0.471259,10.510503,0.054348,0.315315,0.260967,-480.177743,0.560462,0.619369,0.058907,10.510436,0.560462,active,stall_medium,mixed,W8_M8_F5,improved,worse
QAOA,6,36,2,stall_aware_shifted,next_cycle,8,1,2,8,6,73,2,97.260274,5.045872,5.935252,0.88938,17.625893,0.082569,0.183453,0.100884,-122.181448,0.630734,0.741906,0.111172,17.625814,0.630734,active,stall_medium,mixed,W8_M8_F6,improved,worse
QAOA,6,36,3,asap,next_cycle,8,1,2,8,4,76,2,97.368421,3.608491,3.963731,0.35524,9.844558,0.073113,0.235751,0.162638,-222.447444,0.451061,0.495466,0.044405,9.844566,0.451061,underutilized,stall_medium,mixed,W8_M8_F4,improved,worse
QAOA,6,36,3,asap,next_cycle,8,1,2,8,5,76,2,97.368421,4.157609,4.951456,0.793847,19.093835,0.105978,0.119741,0.013763,-12.986658,0.519701,0.618932,0.099231,19.093864,0.519701,active,stall_medium,mixed,W8_M8_F5,improved,worse
QAOA,6,36,3,greedy_critical,next_cycle,8,1,2,8,4,76,2,97.368421,3.686747,3.963731,0.276984,7.512965,0.057831,0.430052,0.372221,-643.635766,0.460843,0.495466,0.034623,7.512971,0.460843,underutilized,stall_medium,mixed,W8_M8_F4,improved,worse
QAOA,6,36,3,greedy_critical,next_cycle,8,1,2,8,5,76,2,97.368421,4.238227,4.951456,0.713229,16.828476,0.083102,0.288026,0.204924,-246.593343,0.529778,0.618932,0.089154,16.828558,0.529778,active,stall_medium,mixed,W8_M8_F5,improved,worse
QAOA,6,36,3,greedy_critical,next_cycle,8,1,2,8,6,76,2,97.368421,4.650456,5.930233,1.279777,27.519387,0.130699,0.186047,0.055348,-42.347684,0.581307,0.741279,0.159972,27.519366,0.581307,active,stall_medium,mixed,W8_M8_F6,improved,worse
QAOA,6,36,3,stall_aware_shifted,next_cycle,8,1,2,8,4,76,2,97.368421,3.677885,3.963731,0.285846,7.772021,0.0625,0.437824,0.375324,-600.5184,0.459736,0.495466,0.03573,7.771852,0.459736,underutilized,stall_medium,mixed,W8_M8_F4,improved,worse
QAOA,6,36,3,stall_aware_shifted,next_cycle,8,1,2,8,5,76,2,97.368421,4.226519,4.951456,0.724937,17.152106,0.066298,0.304207,0.237909,-358.847929,0.528315,0.618932,0.090617,17.152078,0.528315,active,stall_medium,mixed,W8_M8_F5,improved,worse
QAOA,6,36,3,stall_aware_shifted,next_cycle,8,1,2,8,6,76,2,97.368421,4.622356,5.930233,1.307877,28.294597,0.111782,0.174419,0.062637,-56.034961,0.577795,0.741279,0.163484,28.294464,0.577794,active,stall_medium,mixed,W8_M8_F6,improved,worse
QAOA,6,36,4,asap,next_cycle,8,1,2,8,4,85,2,97.647059,3.540773,3.966346,0.425573,12.019212,0.083691,0.25,0.166309,-198.717903,0.442597,0.495793,0.053196,12.01906,0.442597,underutilized,stall_medium,mixed,W8_M8_F4,improved,worse
QAOA,6,36,4,asap,next_cycle,8,1,2,8,5,85,2,97.647059,4.02439,4.954955,0.930565,23.123132,0.102439,0.156156,0.053717,-52.438036,0.503049,0.619369,0.11632,23.122996,0.503049,active,stall_medium,mixed,W8_M8_F5,improved,worse
QAOA,6,36,4,greedy_critical,next_cycle,8,1,2,8,4,85,2,97.647059,3.634361,3.966346,0.331985,9.134618,0.063877,0.423077,0.3592,-562.330729,0.454295,0.495793,0.041498,9.134593,0.454295,underutilized,stall_medium,mixed,W8_M8_F4,improved,worse
QAOA,6,36,4,greedy_critical,next_cycle,8,1,2,8,5,85,2,97.647059,4.135338,4.954955,0.819617,19.819831,0.105263,0.306306,0.201043,-190.991136,0.516917,0.619369,0.102452,19.819816,0.516917,active,stall_medium,mixed,W8_M8_F5,improved,worse
QAOA,6,36,4,greedy_critical,next_cycle,8,1,2,8,6,85,2,97.647059,4.532967,5.935252,1.402285,30.935257,0.098901,0.179856,0.080955,-81.854582,0.566621,0.741906,0.175285,30.93514,0.566621,active,stall_medium,mixed,W8_M8_F6,improved,worse
QAOA,6,36,4,stall_aware_shifted,next_cycle,8,1,2,8,4,85,2,97.647059,3.610503,3.966346,0.355843,9.855774,0.070022,0.442308,0.372286,-531.670047,0.451313,0.495793,0.04448,9.855688,0.451313,underutilized,stall_medium,mixed,W8_M8_F4,improved,worse
QAOA,6,36,4,stall_aware_shifted,next_cycle,8,1,2,8,5,85,2,97.647059,4.145729,4.954955,0.809226,19.51951,0.077889,0.306306,0.228417,-293.259639,0.518216,0.619369,0.101153,19.519467,0.518216,active,stall_medium,mixed,W8_M8_F5,improved,worse
QAOA,6,36,4,stall_aware_shifted,next_cycle,8,1,2,8,6,85,2,97.647059,4.508197,5.935252,1.427055,31.654673,0.144809,0.172662,0.027853,-19.234302,0.563525,0.741906,0.178381,31.654496,0.563525,active,stall_medium,mixed,W8_M8_F6,improved,worse
QAOA,8,64,0,asap,next_cycle,8,1,2,8,4,139,2,98.561151,3.821949,3.990385,0.168436,4.407071,0.034536,0.246795,0.212259,-614.602154,0.477744,0.498798,0.021054,4.406963,0.477744,underutilized,stall_low,mixed,W8_M8_F4,improved,worse
QAOA,8,64,0,asap,next_cycle,8,1,2,8,5,139,2,98.561151,4.64986,4.984985,0.335125,7.207206,0.049486,0.163163,0.113677,-229.715475,0.581232,0.623123,0.041891,7.207277,0.581233,active,stall_low,mixed,W8_M8_F5,improved,worse
QAOA,8,64,0,asap,next_cycle,8,1,2,8,6,139,2,98.561151,5.39545,5.978391,0.582941,10.804307,0.067172,0.110444,0.043272,-64.419699,0.674431,0.747299,0.072868,10.804367,0.674431,active,stall_medium,mixed,W8_M8_F6,improved,worse
QAOA,8,64,0,greedy_critical,next_cycle,8,1,2,8,4,139,2,98.561151,3.84556,3.990385,0.144825,3.766031,0.028571,0.453526,0.424955,-1487.36481,0.480695,0.498798,0.018103,3.766005,0.480695,underutilized,stall_low,mixed,W8_M8_F4,improved,worse
QAOA,8,64,0,greedy_critical,next_cycle,8,1,2,8,5,139,2,98.561151,4.693685,4.984985,0.2913,6.206211,0.048068,0.329329,0.281261,-585.13148,0.586711,0.623123,0.036412,6.206122,0.586711,active,stall_low,mixed,W8_M8_F5,improved,worse
QAOA,8,64,0,greedy_critical,next_cycle,8,1,2,8,6,139,2,98.561151,5.490628,5.978391,0.487763,8.883556,0.051819,0.210084,0.158265,-305.418862,0.686329,0.747299,0.06097,8.883495,0.686329,active,stall_medium,mixed,W8_M8_F6,improved,worse
QAOA,8,64,0,greedy_critical,next_cycle,8,1,2,8,7,139,2,98.561151,6.225,6.965035,0.740035,11.888112,0.055,0.096503,0.041503,-75.46,0.778125,0.870629,0.092504,11.888064,0.778125,active,stall_medium,mixed,W8_M8_F7,improved,worse
QAOA,8,64,0,stall_aware_shifted,next_cycle,8,1,2,8,4,139,2,98.561151,3.84556,3.990385,0.144825,3.766031,0.019305,0.465545,0.44624,-2311.525512,0.480695,0.498798,0.018103,3.766005,0.480695,underutilized,stall_low,mixed,W8_M8_F4,improved,worse
QAOA,8,64,0,stall_aware_shifted,next_cycle,8,1,2,8,5,139,2,98.561151,4.684854,4.984985,0.300131,6.406411,0.039511,0.328328,0.288817,-730.978715,0.585607,0.623123,0.037516,6.406344,0.585607,active,stall_low,mixed,W8_M8_F5,improved,worse
QAOA,8,64,0,stall_aware_shifted,next_cycle,8,1,2,8,6,139,2,98.561151,5.484581,5.978391,0.49381,9.003605,0.057269,0.195678,0.138409,-241.682236,0.685573,0.747299,0.061726,9.003563,0.685573,active,stall_medium,mixed,W8_M8_F6,improved,worse
QAOA,8,64,1,asap,next_cycle,8,1,2,8,4,127,2,98.425197,3.864486,3.988746,0.12426,3.215434,0.035826,0.257235,0.221409,-618.012058,0.483061,0.498593,0.015532,3.215329,0.483061,underutilized,stall_low,mixed,W8_M8_F4,improved,worse
QAOA,8,64,1,asap,next_cycle,8,1,2,8,5,127,2,98.425197,4.739255,4.981928,0.242673,5.120488,0.045845,0.162651,0.116806,-254.7846,0.592407,0.622741,0.030334,5.120466,0.592407,active,stall_low,mixed,W8_M8_F5,improved,worse
QAOA,8,64,1,asap,next_cycle,8,1,2,8,6,127,2,98.425197,5.537946,5.978313,0.440367,7.951811,0.058036,0.112048,0.054012,-93.066373,0.692243,0.747289,0.055046,7.951832,0.692243,active,stall_medium,mixed,W8_M8_F6,improved,worse
QAOA,8,64,1,greedy_critical,next_cycle,8,1,2,8,4,127,2,98.425197,3.888715,3.988746,0.100031,2.572341,0.028213,0.45418,0.425967,-1509.825258,0.486089,0.498593,0.012504,2.572368,0.486089,underutilized,stall_low,mixed,W8_M8_F4,improved,worse
QAOA,8,64,1,greedy_critical,next_cycle,8,1,2,8,5,127,2,98.425197,4.771154,4.981928,0.210774,4.417673,0.027885,0.327309,0.299424,-1073.781603,0.596394,0.622741,0.026347,4.417717,0.596394,active,stall_low,mixed,W8_M8_F5,improved,worse
QAOA,8,64,1,greedy_critical,next_cycle,8,1,2,8,6,127,2,98.425197,5.632236,5.978313,0.346077,6.144576,0.039728,0.209639,0.169911,-427.685763,0.70403,0.747289,0.043259,6.144482,0.704029,active,stall_low,mixed,W8_M8_F6,improved,worse
QAOA,8,64,1,greedy_critical,next_cycle,8,1,2,8,7,127,2,98.425197,6.410853,6.969101,0.558248,8.707858,0.047804,0.099719,0.051915,-108.599699,0.801357,0.871138,0.069781,8.707854,0.801357,near_saturation,stall_low,mixed,W8_M8_F7,improved,worse
QAOA,8,64,1,stall_aware_shifted,next_cycle,8,1,2,8,4,127,2,98.425197,3.888715,3.988746,0.100031,2.572341,0.027429,0.460611,0.433182,-1579.284699,0.486089,0.498593,0.012504,2.572368,0.486089,underutilized,stall_low,mixed,W8_M8_F4,improved,worse
QAOA,8,64,1,stall_aware_shifted,next_cycle,8,1,2,8,5,127,2,98.425197,4.771154,4.981928,0.210774,4.417673,0.035577,0.326305,0.290728,-817.179639,0.596394,0.622741,0.026347,4.417717,0.596394,active,stall_low,mixed,W8_M8_F5,improved,worse
QAOA,8,64,1,stall_aware_shifted,next_cycle,8,1,2,8,6,127,2,98.425197,5.619479,5.978313,0.358834,6.385539,0.035108,0.195181,0.160073,-455.944514,0.702435,0.747289,0.044854,6.385502,0.702435,active,stall_low,mixed,W8_M8_F6,improved,worse
QAOA,8,64,1,stall_aware_shifted,next_cycle,8,1,2,8,7,127,2,98.425197,6.402581,6.969101,0.56652,8.848307,0.043871,0.066011,0.02214,-50.466139,0.800323,0.871138,0.070815,8.848302,0.800323,near_saturation,stall_low,mixed,W8_M8_F7,improved,worse
QAOA,8,64,1,stall_aware_shifted,next_cycle,8,1,2,8,8,127,2,98.425197,7.657407,7.951923,0.294516,3.846158,0.003086,0.003205,0.000119,-3.856124,0.957176,0.99399,0.036814,3.846106,0.957176,saturated,stall_low,mixed,W8_M8_F8,improved,worse
QAOA,8,64,2,asap,next_cycle,8,1,2,8,4,142,2,98.591549,3.889423,3.988496,0.099073,2.547242,0.02484,0.25226,0.22742,-915.539452,0.486178,0.498562,0.012384,2.547215,0.486178,underutilized,stall_low,mixed,W8_M8_F4,improved,worse
QAOA,8,64,2,asap,next_cycle,8,1,2,8,5,142,2,98.591549,4.73561,4.983573,0.247963,5.236136,0.034146,0.154004,0.119858,-351.016224,0.591951,0.622947,0.030996,5.236244,0.591951,active,stall_low,mixed,W8_M8_F5,improved,worse
QAOA,8,64,2,asap,next_cycle,8,1,2,8,6,142,2,98.591549,5.49095,5.977833,0.486883,8.867008,0.042986,0.115764,0.072778,-169.306286,0.686369,0.747229,0.06086,8.866951,0.686369,active,stall_low,mixed,W8_M8_F6,improved,worse
QAOA,8,64,2,asap,next_cycle,8,1,2,8,7,142,2,98.591549,6.159898,6.964132,0.804234,13.055963,0.057107,0.063128,0.006021,-10.543366,0.769987,0.870516,0.100529,13.055935,0.769987,active,stall_medium,mixed,W8_M8_F7,improved,worse
QAOA,8,64,2,greedy_critical,next_cycle,8,1,2,8,4,142,2,98.591549,3.911362,3.988496,0.077134,1.97205,0.014504,0.453574,0.43907,-3027.233867,0.48892,0.498562,0.009642,1.972102,0.48892,underutilized,stall_low,mixed,W8_M8_F4,improved,worse
QAOA,8,64,2,greedy_critical,next_cycle,8,1,2,8,5,142,2,98.591549,4.786982,4.983573,0.196591,4.106784,0.025641,0.321355,0.295714,-1153.285753,0.598373,0.622947,0.024574,4.106803,0.598373,active,stall_low,mixed,W8_M8_F5,improved,worse
QAOA,8,64,2,greedy_critical,next_cycle,8,1,2,8,6,142,2,98.591549,5.592166,5.977833,0.385667,6.896559,0.032258,0.211823,0.179565,-556.652613,0.699021,0.747229,0.048208,6.896502,0.699021,active,stall_low,mixed,W8_M8_F6,improved,worse
QAOA,8,64,2,greedy_critical,next_cycle,8,1,2,8,7,142,2,98.591549,6.29572,6.964132,0.668412,10.616927,0.050584,0.090387,0.039803,-78.686937,0.786965,0.870516,0.083551,10.616864,0.786965,active,stall_medium,mixed,W8_M8_F7,improved,worse
QAOA,8,64,2,greedy_critical,next_cycle,8,1,2,8,8,142,2,98.591549,7.513932,7.957377,0.443445,5.901637,0.003096,0.003279,0.000183,-5.910853,0.939241,0.994672,0.055431,5.90168,0.939241,near_saturation,stall_low,mixed,W8_M8_F8,improved,worse
QAOA,8,64,2,stall_aware_shifted,next_cycle,8,1,2,8,4,142,2,98.591549,3.911362,3.988496,0.077134,1.97205,0.016922,0.463435,0.446513,-2638.653823,0.48892,0.498562,0.009642,1.972102,0.48892,underutilized,stall_low,mixed,W8_M8_F4,improved,worse
QAOA,8,64,2,stall_aware_shifted,next_cycle,8,1,2,8,5,142,2,98.591549,4.782266,4.983573,0.201307,4.209448,0.023645,0.328542,0.304897,-1289.477691,0.597783,0.622947,0.025164,4.209554,0.597783,active,stall_low,mixed,W8_M8_F5,improved,worse
QAOA,8,64,2,stall_aware_shifted,next_cycle,8,1,2,8,6,142,2,98.591549,5.57931,5.977833,0.398523,7.142873,0.041379,0.197044,0.155665,-376.193238,0.697414,0.747229,0.049815,7.142816,0.697414,active,stall_low,mixed,W8_M8_F6,improved,worse
QAOA,8,64,2,stall_aware_shifted,next_cycle,8,1,2,8,7,142,2,98.591549,6.287565,6.964132,0.676567,10.760398,0.037565,0.067432,0.029867,-79.50752,0.785946,0.870516,0.08457,10.760281,0.785946,active,stall_low,mixed,W8_M8_F7,improved,worse
QAOA,8,64,2,stall_aware_shifted,next_cycle,8,1,2,8,8,142,2,98.591549,7.513932,7.957377,0.443445,5.901637,0.003096,0.003279,0.000183,-5.910853,0.939241,0.994672,0.055431,5.90168,0.939241,near_saturation,stall_low,mixed,W8_M8_F8,improved,worse
QAOA,8,64,3,asap,next_cycle,8,1,2,8,4,148,2,98.648649,3.826291,3.988581,0.16229,4.241444,0.039124,0.251223,0.212099,-542.119926,0.478286,0.498573,0.020287,4.241604,0.478286,underutilized,stall_low,mixed,W8_M8_F4,improved,worse
QAOA,8,64,3,asap,next_cycle,8,1,2,8,5,148,2,98.648649,4.652712,4.984709,0.331997,7.135559,0.043768,0.156983,0.113215,-258.670718,0.581589,0.623089,0.0415,7.135623,0.581589,active,stall_low,mixed,W8_M8_F5,improved,worse
QAOA,8,64,3,asap,next_cycle,8,1,2,8,6,148,2,98.648649,5.385463,5.977995,0.592532,11.002434,0.068282,0.117359,0.049077,-71.873993,0.673183,0.747249,0.074066,11.002357,0.673183,active,stall_medium,mixed,W8_M8_F6,improved,worse
QAOA,8,64,3,greedy_critical,next_cycle,8,1,2,8,4,148,2,98.648649,3.853428,3.988581,0.135153,3.507345,0.027581,0.452692,0.425111,-1541.318299,0.481678,0.498573,0.016895,3.50753,0.481679,underutilized,stall_low,mixed,W8_M8_F4,improved,worse
QAOA,8,64,3,greedy_critical,next_cycle,8,1,2,8,5,148,2,98.648649,4.706449,4.984709,0.27826,5.912313,0.027911,0.32314,0.295229,-1057.751424,0.588306,0.623089,0.034783,5.912399,0.588306,active,stall_low,mixed,W8_M8_F5,improved,worse
QAOA,8,64,3,greedy_critical,next_cycle,8,1,2,8,6,148,2,98.648649,5.494382,5.977995,0.483613,8.801954,0.048315,0.209046,0.160731,-332.673083,0.686798,0.747249,0.060451,8.80186,0.686798,active,stall_low,mixed,W8_M8_F6,improved,worse
QAOA,8,64,3,greedy_critical,next_cycle,8,1,2,8,7,148,2,98.648649,6.182048,6.965812,0.783764,12.678064,0.041719,0.094017,0.052298,-125.357751,0.772756,0.870726,0.09797,12.677999,0.772756,active,stall_low,mixed,W8_M8_F7,improved,worse
QAOA,8,64,3,greedy_critical,next_cycle,8,1,2,8,8,148,2,98.648649,7.409091,7.95122,0.542129,7.317078,0.00303,0.003252,0.000222,-7.326733,0.926136,0.993902,0.067766,7.317068,0.926136,near_saturation,stall_low,mixed,W8_M8_F8,improved,worse
QAOA,8,64,3,stall_aware_shifted,next_cycle,8,1,2,8,4,148,2,98.648649,3.853428,3.988581,0.135153,3.507345,0.026793,0.464111,0.437318,-1632.209906,0.481678,0.498573,0.016895,3.50753,0.481679,underutilized,stall_low,mixed,W8_M8_F4,improved,worse
QAOA,8,64,3,stall_aware_shifted,next_cycle,8,1,2,8,5,148,2,98.648649,4.701923,4.984709,0.282786,6.014263,0.038462,0.327217,0.288755,-750.753991,0.58774,0.623089,0.035349,6.014394,0.58774,active,stall_low,mixed,W8_M8_F5,improved,worse
QAOA,8,64,3,stall_aware_shifted,next_cycle,8,1,2,8,6,148,2,98.648649,5.482063,5.977995,0.495932,9.046448,0.049327,0.195599,0.146272,-296.535366,0.685258,0.747249,0.061991,9.046374,0.685258,active,stall_low,mixed,W8_M8_F6,improved,worse
QAOA,8,64,4,asap,next_cycle,8,1,2,8,4,163,2,98.773006,3.843895,3.988773,0.144878,3.769042,0.025502,0.268645,0.243143,-953.427182,0.480487,0.498597,0.01811,3.769093,0.480487,underutilized,stall_low,mixed,W8_M8_F4,improved,worse
QAOA,8,64,4,asap,next_cycle,8,1,2,8,5,163,2,98.773006,4.605556,4.983968,0.378412,8.216424,0.038889,0.158317,0.119428,-307.099694,0.575694,0.622996,0.047302,8.216518,0.575694,active,stall_low,mixed,W8_M8_F5,improved,worse
QAOA,8,64,4,asap,next_cycle,8,1,2,8,6,163,2,98.773006,5.246835,5.978365,0.73153,13.94231,0.053797,0.108173,0.054376,-101.076268,0.655854,0.747296,0.091442,13.942432,0.655854,active,stall_medium,mixed,W8_M8_F6,improved,worse
QAOA,8,64,4,greedy_critical,next_cycle,8,1,2,8,4,163,2,98.773006,3.882904,3.988773,0.105869,2.726542,0.013271,0.455493,0.442222,-3332.243237,0.485363,0.498597,0.013234,2.726619,0.485363,underutilized,stall_low,mixed,W8_M8_F4,improved,worse
QAOA,8,64,4,greedy_critical,next_cycle,8,1,2,8,5,163,2,98.773006,4.67921,4.983968,0.304758,6.513022,0.034807,0.325651,0.290844,-835.590542,0.584901,0.622996,0.038095,6.513068,0.584901,active,stall_low,mixed,W8_M8_F5,improved,worse
QAOA,8,64,4,greedy_critical,next_cycle,8,1,2,8,6,163,2,98.773006,5.359914,5.978365,0.618451,11.53845,0.073276,0.205529,0.132253,-180.486107,0.669989,0.747296,0.077307,11.538548,0.669989,active,stall_medium,mixed,W8_M8_F6,improved,worse
QAOA,8,64,4,greedy_critical,next_cycle,8,1,2,8,7,163,2,98.773006,5.964029,6.966387,1.002358,16.806726,0.074341,0.096639,0.022298,-29.994216,0.745504,0.870798,0.125294,16.806617,0.745504,active,stall_medium,mixed,W8_M8_F7,improved,worse
QAOA,8,64,4,stall_aware_shifted,next_cycle,8,1,2,8,4,163,2,98.773006,3.870817,3.988773,0.117956,3.047315,0.020233,0.462711,0.442478,-2186.91247,0.483852,0.498597,0.014745,3.047419,0.483852,underutilized,stall_low,mixed,W8_M8_F4,improved,worse
QAOA,8,64,4,stall_aware_shifted,next_cycle,8,1,2,8,5,163,2,98.773006,4.674812,4.983968,0.309156,6.613229,0.037594,0.327655,0.290061,-771.561951,0.584352,0.622996,0.038644,6.613137,0.584352,active,stall_low,mixed,W8_M8_F5,improved,worse
QAOA,8,64,4,stall_aware_shifted,next_cycle,8,1,2,8,6,163,2,98.773006,5.348387,5.978365,0.629978,11.778841,0.06129,0.197115,0.135825,-221.610377,0.668548,0.747296,0.078748,11.77896,0.668548,active,stall_medium,mixed,W8_M8_F6,improved,worse
QFT,4,16,0,asap,next_cycle,8,1,2,8,4,77,7,90.909091,3.208333,3.923567,0.715234,22.29301,0.098958,0.401274,0.302316,-305.499303,0.401042,0.490446,0.089404,22.292927,0.401042,underutilized,stall_medium,mixed,W8_M8_F4,improved,worse
QFT,4,16,0,asap,next_cycle,8,1,2,8,5,77,7,90.909091,3.581395,4.850394,1.268999,35.433092,0.200581,0.307087,0.106506,-53.098748,0.447674,0.606299,0.158625,35.43315,0.447674,underutilized,stall_high,mixed,W8_M8_F5,improved,worse
QFT,4,16,0,greedy_critical,next_cycle,8,1,2,8,4,77,7,90.909091,3.242105,3.936102,0.693997,21.405753,0.123684,0.450479,0.326795,-264.217684,0.405263,0.492013,0.08675,21.405852,0.405263,underutilized,stall_medium,mixed,W8_M8_F4,improved,worse
QFT,4,16,0,greedy_critical,next_cycle,8,1,2,8,5,77,7,90.909091,3.623529,4.928,1.304471,36.000015,0.170588,0.32,0.149412,-87.586466,0.452941,0.616,0.163059,36.000053,0.452941,underutilized,stall_high,mixed,W8_M8_F5,improved,worse
QFT,4,16,0,stall_aware_shifted,next_cycle,8,1,2,8,4,77,7,90.909091,3.233596,3.936102,0.702506,21.725225,0.141732,0.434505,0.292773,-206.56803,0.404199,0.492013,0.087814,21.725437,0.404199,underutilized,stall_medium,mixed,W8_M8_F4,improved,worse
QFT,4,16,0,stall_aware_shifted,next_cycle,8,1,2,8,5,77,7,90.909091,3.612903,4.928,1.315097,36.400009,0.129032,0.332,0.202968,-157.300515,0.451613,0.616,0.164387,36.399971,0.451613,underutilized,stall_medium,mixed,W8_M8_F5,improved,worse
QFT,4,16,0,stall_aware_shifted,next_cycle,8,1,2,8,6,77,7,90.909091,3.85,5.894737,2.044737,53.110052,0.178125,0.210526,0.032401,-18.190035,0.48125,0.736842,0.255592,53.110026,0.48125,underutilized,stall_high,mixed,W8_M8_F6,improved,worse
QFT,4,16,1,asap,next_cycle,8,1,2,8,4,77,7,90.909091,3.2,3.923567,0.723567,22.611469,0.093506,0.43949,0.345984,-370.01262,0.4,0.490446,0.090446,22.6115,0.4,underutilized,stall_medium,mixed,W8_M8_F4,improved,worse
QFT,4,16,1,asap,next_cycle,8,1,2,8,5,77,7,90.909091,3.571014,4.850394,1.27938,35.826799,0.194203,0.34252,0.148317,-76.372147,0.446377,0.606299,0.159922,35.826667,0.446377,underutilized,stall_high,mixed,W8_M8_F5,improved,worse
QFT,4,16,1,greedy_critical,next_cycle,8,1,2,8,4,77,7,90.909091,3.242105,3.936102,0.693997,21.405753,0.092105,0.444089,0.351984,-382.155149,0.405263,0.492013,0.08675,21.405852,0.405263,underutilized,stall_medium,mixed,W8_M8_F4,improved,worse
QFT,4,16,1,greedy_critical,next_cycle,8,1,2,8,5,77,7,90.909091,3.612903,4.908367,1.295464,35.856595,0.170088,0.322709,0.152621,-89.73061,0.451613,0.613546,0.161933,35.856585,0.451613,underutilized,stall_high,mixed,W8_M8_F5,improved,worse
QFT,4,16,1,stall_aware_shifted,next_cycle,8,1,2,8,4,77,7,90.909091,3.225131,3.948718,0.723587,22.435895,0.13089,0.439103,0.308213,-235.474826,0.403141,0.49359,0.090449,22.436071,0.403141,underutilized,stall_medium,mixed,W8_M8_F4,improved,worse
QFT,4,16,1,stall_aware_shifted,next_cycle,8,1,2,8,5,77,7,90.909091,3.623529,4.928,1.304471,36.000015,0.15,0.328,0.178,-118.666667,0.452941,0.616,0.163059,36.000053,0.452941,underutilized,stall_medium,mixed,W8_M8_F5,improved,worse
QFT,4,16,1,stall_aware_shifted,next_cycle,8,1,2,8,6,77,7,90.909091,3.814241,5.894737,2.080496,54.545478,0.19195,0.205742,0.013792,-7.185204,0.47678,0.736842,0.260062,54.545493,0.47678,underutilized,stall_high,mixed,W8_M8_F6,improved,worse
QFT,4,16,2,asap,next_cycle,8,1,2,8,4,77,8,89.61039,3.21671,3.911111,0.694401,21.587305,0.143603,0.444444,0.300841,-209.494927,0.402089,0.488889,0.0868,21.587261,0.402089,underutilized,stall_medium,mixed,W8_M8_F4,improved,worse
QFT,4,16,2,asap,next_cycle,8,1,2,8,5,77,8,89.61039,3.591837,4.831373,1.239536,34.509807,0.198251,0.317647,0.119396,-60.224665,0.44898,0.603922,0.154942,34.509778,0.44898,underutilized,stall_high,mixed,W8_M8_F5,improved,worse
QFT,4,16,2,greedy_critical,next_cycle,8,1,2,8,4,77,8,89.61039,3.259259,3.923567,0.664308,20.382179,0.092593,0.420382,0.327789,-354.010562,0.407407,0.490446,0.083039,20.38232,0.407407,underutilized,stall_medium,mixed,W8_M8_F4,improved,worse
QFT,4,16,2,greedy_critical,next_cycle,8,1,2,8,5,77,8,89.61039,3.634218,4.888889,1.254671,34.523823,0.182891,0.321429,0.138538,-75.748943,0.454277,0.611111,0.156834,34.52387,0.454277,underutilized,stall_high,mixed,W8_M8_F5,improved,worse
QFT,4,16,2,stall_aware_shifted,next_cycle,8,1,2,8,4,77,8,89.61039,3.25066,3.936102,0.685442,21.086241,0.14248,0.43131,0.28883,-202.716171,0.406332,0.492013,0.085681,21.086451,0.406332,underutilized,stall_medium,mixed,W8_M8_F4,improved,worse
QFT,4,16,2,stall_aware_shifted,next_cycle,8,1,2,8,5,77,8,89.61039,3.64497,4.908367,1.263397,34.661383,0.162722,0.334661,0.171939,-105.664262,0.455621,0.613546,0.157925,34.661484,0.455621,underutilized,stall_high,mixed,W8_M8_F5,improved,worse
QFT,4,16,3,asap,next_cycle,8,1,2,8,4,77,7,90.909091,3.2,3.911111,0.711111,22.222219,0.103896,0.44127,0.337374,-324.7228,0.4,0.488889,0.088889,22.22225,0.4,underutilized,stall_medium,mixed,W8_M8_F4,improved,worse
QFT,4,16,3,asap,next_cycle,8,1,2,8,5,77,7,90.909091,3.571014,4.850394,1.27938,35.826799,0.202899,0.326772,0.123873,-61.051558,0.446377,0.606299,0.159922,35.826667,0.446377,underutilized,stall_high,mixed,W8_M8_F5,improved,worse
QFT,4,16,3,greedy_critical,next_cycle,8,1,2,8,4,77,7,90.909091,3.242105,3.936102,0.693997,21.405753,0.123684,0.41853,0.294846,-238.386533,0.405263,0.492013,0.08675,21.405852,0.405263,underutilized,stall_medium,mixed,W8_M8_F4,improved,worse
QFT,4,16,3,greedy_critical,next_cycle,8,1,2,8,5,77,7,90.909091,3.612903,4.928,1.315097,36.400009,0.187683,0.324,0.136317,-72.631512,0.451613,0.616,0.164387,36.399971,0.451613,underutilized,stall_high,mixed,W8_M8_F5,improved,worse
QFT,4,16,3,stall_aware_shifted,next_cycle,8,1,2,8,4,77,7,90.909091,3.233596,3.936102,0.702506,21.725225,0.107612,0.428115,0.320503,-297.832026,0.404199,0.492013,0.087814,21.725437,0.404199,underutilized,stall_medium,mixed,W8_M8_F4,improved,worse
QFT,4,16,3,stall_aware_shifted,next_cycle,8,1,2,8,5,77,7,90.909091,3.602339,4.928,1.325661,36.800007,0.131579,0.332,0.200421,-152.319899,0.450292,0.616,0.165708,36.800121,0.450292,underutilized,stall_medium,mixed,W8_M8_F5,improved,worse
QFT,4,16,3,stall_aware_shifted,next_cycle,8,1,2,8,6,77,7,90.909091,3.826087,5.894737,2.06865,54.066988,0.18323,0.205742,0.022512,-12.286198,0.478261,0.736842,0.258581,54.066922,0.478261,underutilized,stall_high,mixed,W8_M8_F6,improved,worse
QFT,4,16,4,asap,next_cycle,8,1,2,8,4,77,8,89.61039,3.2,3.923567,0.723567,22.611469,0.096104,0.407643,0.311539,-324.168609,0.4,0.490446,0.090446,22.6115,0.4,underutilized,stall_medium,mixed,W8_M8_F4,improved,worse
QFT,4,16,4,asap,next_cycle,8,1,2,8,5,77,8,89.61039,3.571014,4.869565,1.298551,36.363649,0.197101,0.300395,0.103294,-52.406634,0.446377,0.608696,0.162319,36.363657,0.446377,underutilized,stall_high,mixed,W8_M8_F5,improved,worse
QFT,4,16,4,greedy_critical,next_cycle,8,1,2,8,4,77,8,89.61039,3.233596,3.936102,0.702506,21.725225,0.094488,0.440895,0.346407,-366.614808,0.404199,0.492013,0.087814,21.725437,0.404199,underutilized,stall_medium,mixed,W8_M8_F4,improved,worse
QFT,4,16,4,greedy_critical,next_cycle,8,1,2,8,5,77,8,89.61039,3.612903,4.908367,1.295464,35.856595,0.181818,0.326693,0.144875,-79.68133,0.451613,0.613546,0.161933,35.856585,0.451613,underutilized,stall_high,mixed,W8_M8_F5,improved,worse
QFT,4,16,4,stall_aware_shifted,next_cycle,8,1,2,8,4,77,8,89.61039,3.233596,3.936102,0.702506,21.725225,0.068241,0.43131,0.363069,-532.03939,0.404199,0.492013,0.087814,21.725437,0.404199,underutilized,stall_medium,mixed,W8_M8_F4,improved,worse
QFT,4,16,4,stall_aware_shifted,next_cycle,8,1,2,8,5,77,8,89.61039,3.612903,4.928,1.315097,36.400009,0.143695,0.324,0.180305,-125.477574,0.451613,0.616,0.164387,36.399971,0.451613,underutilized,stall_medium,mixed,W8_M8_F5,improved,worse
QFT,4,16,4,stall_aware_shifted,next_cycle,8,1,2,8,6,77,8,89.61039,3.826087,5.894737,2.06865,54.066988,0.170807,0.215311,0.044504,-26.055138,0.478261,0.736842,0.258581,54.066922,0.478261,underutilized,stall_high,mixed,W8_M8_F6,improved,worse
QFT,6,36,0,asap,next_cycle,8,1,2,8,4,177,17,90.39548,3.815569,3.9825,0.166931,4.374996,0.037126,0.355,0.317874,-856.2032,0.476946,0.497812,0.020866,4.374919,0.476946,underutilized,stall_low,mixed,W8_M8_F4,improved,worse
QFT,6,36,0,asap,next_cycle,8,1,2,8,5,177,17,90.39548,4.644315,4.966485,0.32217,6.936868,0.049563,0.279034,0.229471,-462.98852,0.580539,0.620811,0.040272,6.937002,0.580539,active,stall_low,mixed,W8_M8_F5,improved,worse
QFT,6,36,0,asap,next_cycle,8,1,2,8,6,177,17,90.39548,5.40458,5.93849,0.53391,9.878843,0.068702,0.206897,0.138195,-201.151349,0.675573,0.742311,0.066738,9.878725,0.675573,active,stall_medium,mixed,W8_M8_F6,improved,worse
QFT,6,36,0,asap,next_cycle,8,1,2,8,7,177,17,90.39548,6.080153,6.911063,0.83091,13.665939,0.061069,0.117137,0.056068,-91.810902,0.760019,0.863883,0.103864,13.665974,0.760019,active,stall_medium,mixed,W8_M8_F7,improved,worse
QFT,6,36,0,greedy_critical,next_cycle,8,1,2,8,4,177,17,90.39548,3.827027,3.984991,0.157964,4.12759,0.022823,0.434647,0.411824,-1804.42536,0.478378,0.498124,0.019746,4.127698,0.478378,underutilized,stall_low,mixed,W8_M8_F4,improved,worse
QFT,6,36,0,greedy_critical,next_cycle,8,1,2,8,5,177,17,90.39548,4.661302,4.974239,0.312937,6.713511,0.03365,0.352849,0.319199,-948.585438,0.582663,0.62178,0.039117,6.713486,0.582663,active,stall_low,mixed,W8_M8_F5,improved,worse
QFT,6,36,0,greedy_critical,next_cycle,8,1,2,8,6,177,17,90.39548,5.427598,5.95514,0.527542,9.719622,0.063884,0.23271,0.168826,-264.269614,0.67845,0.744393,0.065943,9.719655,0.67845,active,stall_medium,mixed,W8_M8_F6,improved,worse
QFT,6,36,0,greedy_critical,next_cycle,8,1,2,8,7,177,17,90.39548,6.115163,6.971554,0.856391,14.004385,0.081574,0.109409,0.027835,-34.122392,0.764395,0.871444,0.107049,14.004409,0.764395,active,stall_medium,mixed,W8_M8_F7,improved,worse
QFT,6,36,0,stall_aware_shifted,next_cycle,8,1,2,8,4,177,17,90.39548,3.82473,3.984991,0.160261,4.190126,0.030612,0.437148,0.406536,-1328.028224,0.478091,0.498124,0.020033,4.190206,0.478091,underutilized,stall_low,mixed,W8_M8_F4,improved,worse
QFT,6,36,0,stall_aware_shifted,next_cycle,8,1,2,8,5,177,17,90.39548,4.661302,4.974239,0.312937,6.713511,0.037308,0.355191,0.317883,-852.050499,0.582663,0.62178,0.039117,6.713486,0.582663,active,stall_low,mixed,W8_M8_F5,improved,worse
QFT,6,36,0,stall_aware_shifted,next_cycle,8,1,2,8,6,177,17,90.39548,5.422979,5.95514,0.532161,9.813075,0.031489,0.228972,0.197483,-627.149163,0.677872,0.744393,0.066521,9.81321,0.677872,active,stall_low,mixed,W8_M8_F6,improved,worse
QFT,6,36,0,stall_aware_shifted,next_cycle,8,1,2,8,7,177,17,90.39548,6.103448,6.971554,0.868106,14.223206,0.056513,0.102845,0.046332,-81.984676,0.762931,0.871444,0.108513,14.223174,0.762931,active,stall_medium,mixed,W8_M8_F7,improved,worse
QFT,6,36,1,asap,next_cycle,8,1,2,8,4,177,16,90.960452,3.817855,3.980012,0.162157,4.247333,0.029359,0.364147,0.334788,-1140.324943,0.477232,0.497502,0.02027,4.24741,0.477232,underutilized,stall_low,mixed,W8_M8_F4,improved,worse
QFT,6,36,1,asap,next_cycle,8,1,2,8,5,177,16,90.960452,4.647702,4.962617,0.314915,6.775714,0.035011,0.29595,0.260939,-745.305761,0.580963,0.620327,0.039364,6.775647,0.580963,active,stall_low,mixed,W8_M8_F5,improved,worse
QFT,6,36,1,asap,next_cycle,8,1,2,8,6,177,16,90.960452,5.40458,5.94403,0.53945,9.981349,0.067006,0.214552,0.147546,-220.198191,0.675573,0.743004,0.067431,9.981305,0.675573,active,stall_medium,mixed,W8_M8_F6,improved,worse
QFT,6,36,1,asap,next_cycle,8,1,2,8,7,177,16,90.960452,6.08596,6.911063,0.825103,13.557483,0.090735,0.119306,0.028571,-31.4884,0.760745,0.863883,0.103138,13.5575,0.760745,active,stall_medium,mixed,W8_M8_F7,improved,worse
QFT,6,36,1,greedy_critical,next_cycle,8,1,2,8,4,177,16,90.960452,3.829327,3.984991,0.155664,4.065049,0.028846,0.430269,0.401423,-1391.607155,0.478666,0.498124,0.019458,4.065047,0.478666,underutilized,stall_low,mixed,W8_M8_F4,improved,worse
QFT,6,36,1,greedy_critical,next_cycle,8,1,2,8,5,177,16,90.960452,4.668132,4.974239,0.306107,6.557377,0.032234,0.35363,0.321396,-997.071415,0.583516,0.62178,0.038264,6.557489,0.583516,active,stall_low,mixed,W8_M8_F5,improved,worse
QFT,6,36,1,greedy_critical,next_cycle,8,1,2,8,6,177,16,90.960452,5.432225,5.960711,0.528486,9.728721,0.063086,0.230122,0.167036,-264.775069,0.679028,0.745089,0.066061,9.728759,0.679028,active,stall_medium,mixed,W8_M8_F6,improved,worse
QFT,6,36,1,greedy_critical,next_cycle,8,1,2,8,7,177,16,90.960452,6.121037,6.971554,0.850517,13.894982,0.07781,0.110503,0.032693,-42.01645,0.76513,0.871444,0.106314,13.894894,0.76513,active,stall_medium,mixed,W8_M8_F7,improved,worse
QFT,6,36,1,stall_aware_shifted,next_cycle,8,1,2,8,4,177,16,90.960452,3.822436,3.984991,0.162555,4.252655,0.028194,0.43277,0.404576,-1434.97198,0.477804,0.498124,0.02032,4.25279,0.477805,underutilized,stall_low,mixed,W8_M8_F4,improved,worse
QFT,6,36,1,stall_aware_shifted,next_cycle,8,1,2,8,5,177,16,90.960452,4.661302,4.974239,0.312937,6.713511,0.027798,0.355191,0.327393,-1177.757393,0.582663,0.62178,0.039117,6.713486,0.582663,active,stall_low,mixed,W8_M8_F5,improved,worse
QFT,6,36,1,stall_aware_shifted,next_cycle,8,1,2,8,6,177,16,90.960452,5.418367,5.960711,0.542344,10.009363,0.054422,0.229186,0.174764,-321.127485,0.677296,0.745089,0.067793,10.009361,0.677296,active,stall_medium,mixed,W8_M8_F6,improved,worse
QFT,6,36,1,stall_aware_shifted,next_cycle,8,1,2,8,7,177,16,90.960452,6.097608,6.971554,0.873946,14.332604,0.055502,0.102845,0.047343,-85.299629,0.762201,0.871444,0.109243,14.332571,0.762201,active,stall_medium,mixed,W8_M8_F7,improved,worse
QFT,6,36,2,asap,next_cycle,8,1,2,8,4,177,16,90.960452,3.815569,3.9825,0.166931,4.374996,0.035928,0.3425,0.306572,-853.29548,0.476946,0.497812,0.020866,4.374919,0.476946,underutilized,stall_low,mixed,W8_M8_F4,improved,worse
QFT,6,36,2,asap,next_cycle,8,1,2,8,5,177,16,90.960452,4.644315,4.962617,0.318302,6.853583,0.050292,0.26947,0.219178,-435.810865,0.580539,0.620327,0.039788,6.853631,0.580539,active,stall_medium,mixed,W8_M8_F5,improved,worse
QFT,6,36,2,asap,next_cycle,8,1,2,8,6,177,16,90.960452,5.40458,5.932961,0.528381,9.776541,0.059372,0.202048,0.142676,-240.308563,0.675573,0.74162,0.066047,9.776442,0.675573,active,stall_medium,mixed,W8_M8_F6,improved,worse
QFT,6,36,2,asap,next_cycle,8,1,2,8,7,177,16,90.960452,6.08596,6.896104,0.810144,13.311688,0.067813,0.12013,0.052317,-77.148924,0.760745,0.862013,0.101268,13.311688,0.760745,active,stall_medium,mixed,W8_M8_F7,improved,worse
QFT,6,36,2,greedy_critical,next_cycle,8,1,2,8,4,177,16,90.960452,3.829327,3.9825,0.153173,3.999998,0.022837,0.429375,0.406538,-1780.172527,0.478666,0.497812,0.019146,3.999866,0.478666,underutilized,stall_low,mixed,W8_M8_F4,improved,worse
QFT,6,36,2,greedy_critical,next_cycle,8,1,2,8,5,177,16,90.960452,4.664714,4.978125,0.313411,6.718761,0.044656,0.353906,0.30925,-692.516123,0.583089,0.622266,0.039177,6.718871,0.583089,active,stall_low,mixed,W8_M8_F5,improved,worse
QFT,6,36,2,greedy_critical,next_cycle,8,1,2,8,6,177,16,90.960452,5.432225,5.95514,0.522915,9.626166,0.059676,0.233645,0.173969,-291.522555,0.679028,0.744393,0.065365,9.62626,0.679028,active,stall_medium,mixed,W8_M8_F6,improved,worse
QFT,6,36,2,greedy_critical,next_cycle,8,1,2,8,7,177,16,90.960452,6.115163,6.971554,0.856391,14.004385,0.081574,0.110503,0.028929,-35.463506,0.764395,0.871444,0.107049,14.004409,0.764395,active,stall_medium,mixed,W8_M8_F7,improved,worse
QFT,6,36,2,stall_aware_shifted,next_cycle,8,1,2,8,4,177,16,90.960452,3.817855,3.9825,0.164645,4.3125,0.032954,0.4325,0.399546,-1212.435516,0.477232,0.497812,0.02058,4.312368,0.477232,underutilized,stall_low,mixed,W8_M8_F4,improved,worse
QFT,6,36,2,stall_aware_shifted,next_cycle,8,1,2,8,5,177,16,90.960452,4.651095,4.970359,0.319264,6.864276,0.049635,0.354134,0.304499,-613.476378,0.581387,0.621295,0.039908,6.864275,0.581387,active,stall_low,mixed,W8_M8_F5,improved,worse
QFT,6,36,2,stall_aware_shifted,next_cycle,8,1,2,8,6,177,16,90.960452,5.418367,5.95514,0.536773,9.906546,0.072279,0.230841,0.158562,-219.374922,0.677296,0.744393,0.067097,9.906599,0.677296,active,stall_medium,mixed,W8_M8_F6,improved,worse
QFT,6,36,2,stall_aware_shifted,next_cycle,8,1,2,8,7,177,16,90.960452,6.115163,6.971554,0.856391,14.004385,0.079655,0.106127,0.026472,-33.233319,0.764395,0.871444,0.107049,14.004409,0.764395,active,stall_medium,mixed,W8_M8_F7,improved,worse
QFT,6,36,3,asap,next_cycle,8,1,2,8,4,177,17,90.39548,3.820144,3.977528,0.157384,4.119845,0.023381,0.378901,0.35552,-1520.550875,0.477518,0.497191,0.019673,4.119845,0.477518,underutilized,stall_low,mixed,W8_M8_F4,improved,worse
QFT,6,36,3,asap,next_cycle,8,1,2,8,5,177,17,90.39548,4.647702,4.966485,0.318783,6.858938,0.051787,0.282151,0.230364,-444.829784,0.580963,0.620811,0.039848,6.858957,0.580963,active,stall_medium,mixed,W8_M8_F5,improved,worse
QFT,6,36,3,asap,next_cycle,8,1,2,8,6,177,17,90.39548,5.40458,5.94403,0.53945,9.981349,0.068702,0.204291,0.135589,-197.358156,0.675573,0.743004,0.067431,9.981305,0.675573,active,stall_medium,mixed,W8_M8_F6,improved,worse
QFT,6,36,3,asap,next_cycle,8,1,2,8,7,177,17,90.39548,6.08596,6.903575,0.817615,13.434446,0.08978,0.11701,0.02723,-30.329695,0.760745,0.862947,0.102202,13.434462,0.760745,active,stall_medium,mixed,W8_M8_F7,improved,worse
QFT,6,36,3,greedy_critical,next_cycle,8,1,2,8,4,177,17,90.39548,3.83163,3.987484,0.155854,4.067564,0.024053,0.441176,0.417123,-1734.182846,0.478954,0.498436,0.019482,4.067614,0.478954,underutilized,stall_low,mixed,W8_M8_F4,improved,worse
QFT,6,36,3,greedy_critical,next_cycle,8,1,2,8,5,177,17,90.39548,4.668132,4.978125,0.309993,6.640622,0.031502,0.353906,0.322404,-1023.439782,0.583516,0.622266,0.03875,6.640778,0.583516,active,stall_low,mixed,W8_M8_F5,improved,worse
QFT,6,36,3,greedy_critical,next_cycle,8,1,2,8,6,177,17,90.39548,5.432225,5.966292,0.534067,9.831459,0.061381,0.231273,0.169892,-276.782718,0.679028,0.745787,0.066759,9.831553,0.679028,active,stall_medium,mixed,W8_M8_F6,improved,worse
QFT,6,36,3,greedy_critical,next_cycle,8,1,2,8,7,177,17,90.39548,6.121037,6.971554,0.850517,13.894982,0.076849,0.109409,0.03256,-42.368801,0.76513,0.871444,0.106314,13.894894,0.76513,active,stall_medium,mixed,W8_M8_F7,improved,worse
QFT,6,36,3,stall_aware_shifted,next_cycle,8,1,2,8,4,177,17,90.39548,3.822436,3.987484,0.165048,4.317875,0.030594,0.436796,0.406202,-1327.717853,0.477804,0.498436,0.020632,4.318089,0.477805,underutilized,stall_low,mixed,W8_M8_F4,improved,worse
QFT,6,36,3,stall_aware_shifted,next_cycle,8,1,2,8,5,177,17,90.39548,4.657895,4.978125,0.32023,6.874994,0.035819,0.354687,0.318868,-890.220274,0.582237,0.622266,0.040029,6.875035,0.582237,active,stall_low,mixed,W8_M8_F5,improved,worse
QFT,6,36,3,stall_aware_shifted,next_cycle,8,1,2,8,6,177,17,90.39548,5.418367,5.966292,0.547925,10.112364,0.05102,0.228464,0.177444,-347.793022,0.677296,0.745787,0.068491,10.112418,0.677296,active,stall_medium,mixed,W8_M8_F6,improved,worse
QFT,6,36,3,stall_aware_shifted,next_cycle,8,1,2,8,7,177,17,90.39548,6.115163,6.971554,0.856391,14.004385,0.051823,0.105033,0.05321,-102.676418,0.764395,0.871444,0.107049,14.004409,0.764395,active,stall_medium,mixed,W8_M8_F7,improved,worse
QFT,6,36,4,asap,next_cycle,8,1,2,8,4,177,17,90.39548,3.817855,3.980012,0.162157,4.247333,0.031156,0.349157,0.318001,-1020.673386,0.477232,0.497502,0.02027,4.24741,0.477232,underutilized,stall_low,mixed,W8_M8_F4,improved,worse
QFT,6,36,4,asap,next_cycle,8,1,2,8,5,177,17,90.39548,4.644315,4.966485,0.32217,6.936868,0.052478,0.26968,0.217202,-413.891536,0.580539,0.620811,0.040272,6.937002,0.580539,active,stall_medium,mixed,W8_M8_F5,improved,worse
QFT,6,36,4,asap,next_cycle,8,1,2,8,6,177,17,90.39548,5.40458,5.94403,0.53945,9.981349,0.067854,0.190299,0.122445,-180.453621,0.675573,0.743004,0.067431,9.981305,0.675573,active,stall_medium,mixed,W8_M8_F6,improved,worse
QFT,6,36,4,asap,next_cycle,8,1,2,8,7,177,17,90.39548,6.08596,6.918567,0.832607,13.680783,0.090735,0.117264,0.026529,-29.237891,0.760745,0.864821,0.104076,13.6808,0.760745,active,stall_medium,mixed,W8_M8_F7,improved,worse
QFT,6,36,4,greedy_critical,next_cycle,8,1,2,8,4,177,17,90.39548,3.829327,3.9825,0.153173,3.999998,0.02524,0.44375,0.41851,-1658.122029,0.478666,0.497812,0.019146,3.999866,0.478666,underutilized,stall_low,mixed,W8_M8_F4,improved,worse
QFT,6,36,4,greedy_critical,next_cycle,8,1,2,8,5,177,17,90.39548,4.668132,4.974239,0.306107,6.557377,0.029304,0.358314,0.32901,-1122.747748,0.583516,0.62178,0.038264,6.557489,0.583516,active,stall_low,mixed,W8_M8_F5,improved,worse
QFT,6,36,4,greedy_critical,next_cycle,8,1,2,8,6,177,17,90.39548,5.432225,5.95514,0.522915,9.626166,0.058824,0.233645,0.174821,-297.193322,0.679028,0.744393,0.065365,9.62626,0.679028,active,stall_medium,mixed,W8_M8_F6,improved,worse
QFT,6,36,4,greedy_critical,next_cycle,8,1,2,8,7,177,17,90.39548,6.121037,6.971554,0.850517,13.894982,0.054755,0.109409,0.054654,-99.815542,0.76513,0.871444,0.106314,13.894894,0.76513,active,stall_medium,mixed,W8_M8_F7,improved,worse
QFT,6,36,4,stall_aware_shifted,next_cycle,8,1,2,8,4,177,17,90.39548,3.820144,3.9825,0.162356,4.249997,0.031175,0.443125,0.41195,-1321.411387,0.477518,0.497812,0.020294,4.249892,0.477518,underutilized,stall_low,mixed,W8_M8_F4,improved,worse
QFT,6,36,4,stall_aware_shifted,next_cycle,8,1,2,8,5,177,17,90.39548,4.657895,4.974239,0.316344,6.791566,0.038743,0.358314,0.319571,-824.84836,0.582237,0.62178,0.039543,6.791564,0.582237,active,stall_low,mixed,W8_M8_F5,improved,worse
QFT,6,36,4,stall_aware_shifted,next_cycle,8,1,2,8,6,177,17,90.39548,5.422979,5.95514,0.532161,9.813075,0.040851,0.234579,0.193728,-474.230741,0.677872,0.744393,0.066521,9.81321,0.677872,active,stall_low,mixed,W8_M8_F6,improved,worse
QFT,6,36,4,stall_aware_shifted,next_cycle,8,1,2,8,7,177,17,90.39548,6.1093,6.971554,0.862254,14.113794,0.055609,0.108315,0.052706,-94.779622,0.763663,0.871444,0.107781,14.113686,0.763663,active,stall_medium,mixed,W8_M8_F7,improved,worse
VQE,4,16,0,asap,next_cycle,8,1,2,8,4,15,1,93.333333,3.084337,3.820896,0.736559,23.880627,0.108434,0.358209,0.249775,-230.347492,0.385542,0.477612,0.09207,23.880667,0.385542,underutilized,stall_medium,mixed,W8_M8_F4,improved,worse
VQE,4,16,0,asap,next_cycle,8,1,2,8,5,15,1,93.333333,3.506849,4.654545,1.147696,32.727272,0.123288,0.254545,0.131257,-106.463727,0.438356,0.581818,0.143462,32.727281,0.438356,underutilized,stall_medium,mixed,W8_M8_F5,improved,worse
VQE,4,16,0,asap,next_cycle,8,1,2,8,6,15,1,93.333333,3.710145,5.446809,1.736664,46.808521,0.144928,0.170213,0.025285,-17.446594,0.463768,0.680851,0.217083,46.808534,0.463768,underutilized,stall_medium,mixed,W8_M8_F6,improved,worse
VQE,4,16,0,greedy_critical,next_cycle,8,1,2,8,4,15,1,93.333333,3.240506,3.820896,0.58039,17.910474,0.088608,0.358209,0.269601,-304.262595,0.405063,0.477612,0.072549,17.910547,0.405063,underutilized,stall_medium,mixed,W8_M8_F4,improved,worse
VQE,4,16,0,greedy_critical,next_cycle,8,1,2,8,5,15,1,93.333333,3.710145,4.654545,0.9444,25.454531,0.130435,0.254545,0.12411,-95.150841,0.463768,0.581818,0.11805,25.454538,0.463768,underutilized,stall_medium,mixed,W8_M8_F5,improved,worse
VQE,4,16,0,greedy_critical,next_cycle,8,1,2,8,6,15,1,93.333333,3.938462,5.446809,1.508347,38.297869,0.092308,0.170213,0.077905,-84.396802,0.492308,0.680851,0.188543,38.297773,0.492308,underutilized,stall_medium,mixed,W8_M8_F6,improved,worse
VQE,4,16,0,stall_aware_shifted,next_cycle,8,1,2,8,4,15,1,93.333333,3.160494,3.820896,0.660402,20.895531,0.074074,0.462687,0.388613,-524.628075,0.395062,0.477612,0.08255,20.895454,0.395062,underutilized,stall_medium,mixed,W8_M8_F4,improved,worse
VQE,4,16,0,stall_aware_shifted,next_cycle,8,1,2,8,5,15,1,93.333333,3.605634,4.654545,1.048911,29.090889,0.098592,0.381818,0.283226,-287.270772,0.450704,0.581818,0.131114,29.090933,0.450704,underutilized,stall_medium,mixed,W8_M8_F5,improved,worse
VQE,4,16,0,stall_aware_shifted,next_cycle,8,1,2,8,6,15,1,93.333333,3.820896,5.446809,1.625913,42.553186,0.164179,0.276596,0.112417,-68.472216,0.477612,0.680851,0.203239,42.55316,0.477612,underutilized,stall_high,mixed,W8_M8_F6,improved,worse
VQE,4,16,1,asap,next_cycle,8,1,2,8,4,15,1,93.333333,3.084337,3.820896,0.736559,23.880627,0.108434,0.358209,0.249775,-230.347492,0.385542,0.477612,0.09207,23.880667,0.385542,underutilized,stall_medium,mixed,W8_M8_F4,improved,worse
VQE,4,16,1,asap,next_cycle,8,1,2,8,5,15,1,93.333333,3.506849,4.654545,1.147696,32.727272,0.123288,0.254545,0.131257,-106.463727,0.438356,0.581818,0.143462,32.727281,0.438356,underutilized,stall_medium,mixed,W8_M8_F5,improved,worse
VQE,4,16,1,asap,next_cycle,8,1,2,8,6,15,1,93.333333,3.710145,5.446809,1.736664,46.808521,0.144928,0.170213,0.025285,-17.446594,0.463768,0.680851,0.217083,46.808534,0.463768,underutilized,stall_medium,mixed,W8_M8_F6,improved,worse
VQE,4,16,1,greedy_critical,next_cycle,8,1,2,8,4,15,1,93.333333,3.240506,3.820896,0.58039,17.910474,0.088608,0.358209,0.269601,-304.262595,0.405063,0.477612,0.072549,17.910547,0.405063,underutilized,stall_medium,mixed,W8_M8_F4,improved,worse
VQE,4,16,1,greedy_critical,next_cycle,8,1,2,8,5,15,1,93.333333,3.710145,4.654545,0.9444,25.454531,0.130435,0.254545,0.12411,-95.150841,0.463768,0.581818,0.11805,25.454538,0.463768,underutilized,stall_medium,mixed,W8_M8_F5,improved,worse
VQE,4,16,1,greedy_critical,next_cycle,8,1,2,8,6,15,1,93.333333,3.938462,5.446809,1.508347,38.297869,0.092308,0.170213,0.077905,-84.396802,0.492308,0.680851,0.188543,38.297773,0.492308,underutilized,stall_medium,mixed,W8_M8_F6,improved,worse
VQE,4,16,1,stall_aware_shifted,next_cycle,8,1,2,8,4,15,1,93.333333,3.160494,3.820896,0.660402,20.895531,0.074074,0.462687,0.388613,-524.628075,0.395062,0.477612,0.08255,20.895454,0.395062,underutilized,stall_medium,mixed,W8_M8_F4,improved,worse
VQE,4,16,1,stall_aware_shifted,next_cycle,8,1,2,8,5,15,1,93.333333,3.605634,4.654545,1.048911,29.090889,0.098592,0.381818,0.283226,-287.270772,0.450704,0.581818,0.131114,29.090933,0.450704,underutilized,stall_medium,mixed,W8_M8_F5,improved,worse
VQE,4,16,1,stall_aware_shifted,next_cycle,8,1,2,8,6,15,1,93.333333,3.820896,5.446809,1.625913,42.553186,0.164179,0.276596,0.112417,-68.472216,0.477612,0.680851,0.203239,42.55316,0.477612,underutilized,stall_high,mixed,W8_M8_F6,improved,worse
VQE,4,16,2,asap,next_cycle,8,1,2,8,4,15,1,93.333333,3.084337,3.820896,0.736559,23.880627,0.108434,0.358209,0.249775,-230.347492,0.385542,0.477612,0.09207,23.880667,0.385542,underutilized,stall_medium,mixed,W8_M8_F4,improved,worse
VQE,4,16,2,asap,next_cycle,8,1,2,8,5,15,1,93.333333,3.506849,4.654545,1.147696,32.727272,0.123288,0.254545,0.131257,-106.463727,0.438356,0.581818,0.143462,32.727281,0.438356,underutilized,stall_medium,mixed,W8_M8_F5,improved,worse
VQE,4,16,2,asap,next_cycle,8,1,2,8,6,15,1,93.333333,3.710145,5.446809,1.736664,46.808521,0.144928,0.170213,0.025285,-17.446594,0.463768,0.680851,0.217083,46.808534,0.463768,underutilized,stall_medium,mixed,W8_M8_F6,improved,worse
VQE,4,16,2,greedy_critical,next_cycle,8,1,2,8,4,15,1,93.333333,3.240506,3.820896,0.58039,17.910474,0.088608,0.358209,0.269601,-304.262595,0.405063,0.477612,0.072549,17.910547,0.405063,underutilized,stall_medium,mixed,W8_M8_F4,improved,worse
VQE,4,16,2,greedy_critical,next_cycle,8,1,2,8,5,15,1,93.333333,3.710145,4.654545,0.9444,25.454531,0.130435,0.254545,0.12411,-95.150841,0.463768,0.581818,0.11805,25.454538,0.463768,underutilized,stall_medium,mixed,W8_M8_F5,improved,worse
VQE,4,16,2,greedy_critical,next_cycle,8,1,2,8,6,15,1,93.333333,3.938462,5.446809,1.508347,38.297869,0.092308,0.170213,0.077905,-84.396802,0.492308,0.680851,0.188543,38.297773,0.492308,underutilized,stall_medium,mixed,W8_M8_F6,improved,worse
VQE,4,16,2,stall_aware_shifted,next_cycle,8,1,2,8,4,15,1,93.333333,3.160494,3.820896,0.660402,20.895531,0.074074,0.462687,0.388613,-524.628075,0.395062,0.477612,0.08255,20.895454,0.395062,underutilized,stall_medium,mixed,W8_M8_F4,improved,worse
VQE,4,16,2,stall_aware_shifted,next_cycle,8,1,2,8,5,15,1,93.333333,3.605634,4.654545,1.048911,29.090889,0.098592,0.381818,0.283226,-287.270772,0.450704,0.581818,0.131114,29.090933,0.450704,underutilized,stall_medium,mixed,W8_M8_F5,improved,worse
VQE,4,16,2,stall_aware_shifted,next_cycle,8,1,2,8,6,15,1,93.333333,3.820896,5.446809,1.625913,42.553186,0.164179,0.276596,0.112417,-68.472216,0.477612,0.680851,0.203239,42.55316,0.477612,underutilized,stall_high,mixed,W8_M8_F6,improved,worse
VQE,4,16,3,asap,next_cycle,8,1,2,8,4,15,1,93.333333,3.084337,3.820896,0.736559,23.880627,0.108434,0.358209,0.249775,-230.347492,0.385542,0.477612,0.09207,23.880667,0.385542,underutilized,stall_medium,mixed,W8_M8_F4,improved,worse
VQE,4,16,3,asap,next_cycle,8,1,2,8,5,15,1,93.333333,3.506849,4.654545,1.147696,32.727272,0.123288,0.254545,0.131257,-106.463727,0.438356,0.581818,0.143462,32.727281,0.438356,underutilized,stall_medium,mixed,W8_M8_F5,improved,worse
VQE,4,16,3,asap,next_cycle,8,1,2,8,6,15,1,93.333333,3.710145,5.446809,1.736664,46.808521,0.144928,0.170213,0.025285,-17.446594,0.463768,0.680851,0.217083,46.808534,0.463768,underutilized,stall_medium,mixed,W8_M8_F6,improved,worse
VQE,4,16,3,greedy_critical,next_cycle,8,1,2,8,4,15,1,93.333333,3.240506,3.820896,0.58039,17.910474,0.088608,0.358209,0.269601,-304.262595,0.405063,0.477612,0.072549,17.910547,0.405063,underutilized,stall_medium,mixed,W8_M8_F4,improved,worse
VQE,4,16,3,greedy_critical,next_cycle,8,1,2,8,5,15,1,93.333333,3.710145,4.654545,0.9444,25.454531,0.130435,0.254545,0.12411,-95.150841,0.463768,0.581818,0.11805,25.454538,0.463768,underutilized,stall_medium,mixed,W8_M8_F5,improved,worse
VQE,4,16,3,greedy_critical,next_cycle,8,1,2,8,6,15,1,93.333333,3.938462,5.446809,1.508347,38.297869,0.092308,0.170213,0.077905,-84.396802,0.492308,0.680851,0.188543,38.297773,0.492308,underutilized,stall_medium,mixed,W8_M8_F6,improved,worse
VQE,4,16,3,stall_aware_shifted,next_cycle,8,1,2,8,4,15,1,93.333333,3.160494,3.820896,0.660402,20.895531,0.074074,0.462687,0.388613,-524.628075,0.395062,0.477612,0.08255,20.895454,0.395062,underutilized,stall_medium,mixed,W8_M8_F4,improved,worse
VQE,4,16,3,stall_aware_shifted,next_cycle,8,1,2,8,5,15,1,93.333333,3.605634,4.654545,1.048911,29.090889,0.098592,0.381818,0.283226,-287.270772,0.450704,0.581818,0.131114,29.090933,0.450704,underutilized,stall_medium,mixed,W8_M8_F5,improved,worse
VQE,4,16,3,stall_aware_shifted,next_cycle,8,1,2,8,6,15,1,93.333333,3.820896,5.446809,1.625913,42.553186,0.164179,0.276596,0.112417,-68.472216,0.477612,0.680851,0.203239,42.55316,0.477612,underutilized,stall_high,mixed,W8_M8_F6,improved,worse
VQE,4,16,4,asap,next_cycle,8,1,2,8,4,15,1,93.333333,3.084337,3.820896,0.736559,23.880627,0.108434,0.358209,0.249775,-230.347492,0.385542,0.477612,0.09207,23.880667,0.385542,underutilized,stall_medium,mixed,W8_M8_F4,improved,worse
VQE,4,16,4,asap,next_cycle,8,1,2,8,5,15,1,93.333333,3.506849,4.654545,1.147696,32.727272,0.123288,0.254545,0.131257,-106.463727,0.438356,0.581818,0.143462,32.727281,0.438356,underutilized,stall_medium,mixed,W8_M8_F5,improved,worse
VQE,4,16,4,asap,next_cycle,8,1,2,8,6,15,1,93.333333,3.710145,5.446809,1.736664,46.808521,0.144928,0.170213,0.025285,-17.446594,0.463768,0.680851,0.217083,46.808534,0.463768,underutilized,stall_medium,mixed,W8_M8_F6,improved,worse
VQE,4,16,4,greedy_critical,next_cycle,8,1,2,8,4,15,1,93.333333,3.240506,3.820896,0.58039,17.910474,0.088608,0.358209,0.269601,-304.262595,0.405063,0.477612,0.072549,17.910547,0.405063,underutilized,stall_medium,mixed,W8_M8_F4,improved,worse
VQE,4,16,4,greedy_critical,next_cycle,8,1,2,8,5,15,1,93.333333,3.710145,4.654545,0.9444,25.454531,0.130435,0.254545,0.12411,-95.150841,0.463768,0.581818,0.11805,25.454538,0.463768,underutilized,stall_medium,mixed,W8_M8_F5,improved,worse
VQE,4,16,4,greedy_critical,next_cycle,8,1,2,8,6,15,1,93.333333,3.938462,5.446809,1.508347,38.297869,0.092308,0.170213,0.077905,-84.396802,0.492308,0.680851,0.188543,38.297773,0.492308,underutilized,stall_medium,mixed,W8_M8_F6,improved,worse
VQE,4,16,4,stall_aware_shifted,next_cycle,8,1,2,8,4,15,1,93.333333,3.160494,3.820896,0.660402,20.895531,0.074074,0.462687,0.388613,-524.628075,0.395062,0.477612,0.08255,20.895454,0.395062,underutilized,stall_medium,mixed,W8_M8_F4,improved,worse
VQE,4,16,4,stall_aware_shifted,next_cycle,8,1,2,8,5,15,1,93.333333,3.605634,4.654545,1.048911,29.090889,0.098592,0.381818,0.283226,-287.270772,0.450704,0.581818,0.131114,29.090933,0.450704,underutilized,stall_medium,mixed,W8_M8_F5,improved,worse
VQE,4,16,4,stall_aware_shifted,next_cycle,8,1,2,8,6,15,1,93.333333,3.820896,5.446809,1.625913,42.553186,0.164179,0.276596,0.112417,-68.472216,0.477612,0.680851,0.203239,42.55316,0.477612,underutilized,stall_high,mixed,W8_M8_F6,improved,worse
VQE,6,36,0,asap,next_cycle,8,1,2,8,4,35,1,97.142857,3.778426,3.963303,0.184877,4.892963,0.026239,0.434251,0.408012,-1554.983041,0.472303,0.495413,0.02311,4.893045,0.472303,underutilized,stall_low,mixed,W8_M8_F4,improved,worse
VQE,6,36,0,asap,next_cycle,8,1,2,8,5,35,1,97.142857,4.628571,4.927757,0.299186,6.463896,0.042857,0.311787,0.26893,-627.505425,0.578571,0.61597,0.037399,6.464029,0.578571,active,stall_low,mixed,W8_M8_F5,improved,worse
VQE,6,36,0,asap,next_cycle,8,1,2,8,6,35,1,97.142857,5.377593,5.917808,0.540215,10.045665,0.049793,0.191781,0.141988,-285.156548,0.672199,0.739726,0.067527,10.045686,0.672199,active,stall_low,mixed,W8_M8_F6,improved,worse
VQE,6,36,0,asap,next_cycle,8,1,2,8,7,35,1,97.142857,6.056075,6.857143,0.801068,13.227511,0.074766,0.084656,0.00989,-13.227938,0.757009,0.857143,0.100134,13.227584,0.757009,active,stall_medium,mixed,W8_M8_F7,improved,worse
VQE,6,36,0,greedy_critical,next_cycle,8,1,2,8,4,35,1,97.142857,3.83432,3.963303,0.128983,3.363908,0.011834,0.434251,0.422417,-3569.520027,0.47929,0.495413,0.016123,3.363934,0.47929,underutilized,stall_low,mixed,W8_M8_F4,improved,worse
VQE,6,36,0,greedy_critical,next_cycle,8,1,2,8,5,35,1,97.142857,4.695652,4.927757,0.232105,4.942977,0.032609,0.311787,0.279178,-856.137876,0.586957,0.61597,0.029013,4.942952,0.586956,active,stall_low,mixed,W8_M8_F5,improved,worse
VQE,6,36,0,greedy_critical,next_cycle,8,1,2,8,6,35,1,97.142857,5.514894,5.917808,0.402914,7.305925,0.038298,0.191781,0.153483,-400.759831,0.689362,0.739726,0.050364,7.305886,0.689362,active,stall_low,mixed,W8_M8_F6,improved,worse
VQE,6,36,0,greedy_critical,next_cycle,8,1,2,8,7,35,1,97.142857,6.291262,6.857143,0.565881,8.994714,0.048544,0.084656,0.036112,-74.390244,0.786408,0.857143,0.070735,8.994695,0.786408,active,stall_low,mixed,W8_M8_F7,improved,worse
VQE,6,36,0,stall_aware_shifted,next_cycle,8,1,2,8,4,35,1,97.142857,3.767442,3.963303,0.195861,5.198779,0.031977,0.498471,0.466494,-1458.842293,0.47093,0.495413,0.024483,5.198862,0.47093,underutilized,stall_low,mixed,W8_M8_F4,improved,worse
VQE,6,36,0,stall_aware_shifted,next_cycle,8,1,2,8,5,35,1,97.142857,4.56338,4.927757,0.364377,7.984805,0.038732,0.376426,0.337694,-871.873386,0.570423,0.61597,0.045547,7.984776,0.570423,active,stall_low,mixed,W8_M8_F5,improved,worse
VQE,6,36,0,stall_aware_shifted,next_cycle,8,1,2,8,6,35,1,97.142857,5.289796,5.917808,0.628012,11.87214,0.061224,0.251142,0.189918,-310.201882,0.661224,0.739726,0.078502,11.872225,0.661224,active,stall_medium,mixed,W8_M8_F6,improved,worse
VQE,6,36,0,stall_aware_shifted,next_cycle,8,1,2,8,7,35,1,97.142857,5.890909,6.857143,0.966234,16.402121,0.081818,0.132275,0.050457,-61.669804,0.736364,0.857143,0.120779,16.402078,0.736364,active,stall_medium,mixed,W8_M8_F7,improved,worse
VQE,6,36,1,asap,next_cycle,8,1,2,8,4,35,1,97.142857,3.778426,3.963303,0.184877,4.892963,0.026239,0.434251,0.408012,-1554.983041,0.472303,0.495413,0.02311,4.893045,0.472303,underutilized,stall_low,mixed,W8_M8_F4,improved,worse
VQE,6,36,1,asap,next_cycle,8,1,2,8,5,35,1,97.142857,4.628571,4.927757,0.299186,6.463896,0.042857,0.311787,0.26893,-627.505425,0.578571,0.61597,0.037399,6.464029,0.578571,active,stall_low,mixed,W8_M8_F5,improved,worse
VQE,6,36,1,asap,next_cycle,8,1,2,8,6,35,1,97.142857,5.377593,5.917808,0.540215,10.045665,0.049793,0.191781,0.141988,-285.156548,0.672199,0.739726,0.067527,10.045686,0.672199,active,stall_low,mixed,W8_M8_F6,improved,worse
VQE,6,36,1,asap,next_cycle,8,1,2,8,7,35,1,97.142857,6.056075,6.857143,0.801068,13.227511,0.074766,0.084656,0.00989,-13.227938,0.757009,0.857143,0.100134,13.227584,0.757009,active,stall_medium,mixed,W8_M8_F7,improved,worse
VQE,6,36,1,greedy_critical,next_cycle,8,1,2,8,4,35,1,97.142857,3.83432,3.963303,0.128983,3.363908,0.011834,0.434251,0.422417,-3569.520027,0.47929,0.495413,0.016123,3.363934,0.47929,underutilized,stall_low,mixed,W8_M8_F4,improved,worse
VQE,6,36,1,greedy_critical,next_cycle,8,1,2,8,5,35,1,97.142857,4.695652,4.927757,0.232105,4.942977,0.032609,0.311787,0.279178,-856.137876,0.586957,0.61597,0.029013,4.942952,0.586956,active,stall_low,mixed,W8_M8_F5,improved,worse
VQE,6,36,1,greedy_critical,next_cycle,8,1,2,8,6,35,1,97.142857,5.514894,5.917808,0.402914,7.305925,0.038298,0.191781,0.153483,-400.759831,0.689362,0.739726,0.050364,7.305886,0.689362,active,stall_low,mixed,W8_M8_F6,improved,worse
VQE,6,36,1,greedy_critical,next_cycle,8,1,2,8,7,35,1,97.142857,6.291262,6.857143,0.565881,8.994714,0.048544,0.084656,0.036112,-74.390244,0.786408,0.857143,0.070735,8.994695,0.786408,active,stall_low,mixed,W8_M8_F7,improved,worse
VQE,6,36,1,stall_aware_shifted,next_cycle,8,1,2,8,4,35,1,97.142857,3.767442,3.963303,0.195861,5.198779,0.031977,0.498471,0.466494,-1458.842293,0.47093,0.495413,0.024483,5.198862,0.47093,underutilized,stall_low,mixed,W8_M8_F4,improved,worse
VQE,6,36,1,stall_aware_shifted,next_cycle,8,1,2,8,5,35,1,97.142857,4.56338,4.927757,0.364377,7.984805,0.038732,0.376426,0.337694,-871.873386,0.570423,0.61597,0.045547,7.984776,0.570423,active,stall_low,mixed,W8_M8_F5,improved,worse
VQE,6,36,1,stall_aware_shifted,next_cycle,8,1,2,8,6,35,1,97.142857,5.289796,5.917808,0.628012,11.87214,0.061224,0.251142,0.189918,-310.201882,0.661224,0.739726,0.078502,11.872225,0.661224,active,stall_medium,mixed,W8_M8_F6,improved,worse
VQE,6,36,1,stall_aware_shifted,next_cycle,8,1,2,8,7,35,1,97.142857,5.890909,6.857143,0.966234,16.402121,0.081818,0.132275,0.050457,-61.669804,0.736364,0.857143,0.120779,16.402078,0.736364,active,stall_medium,mixed,W8_M8_F7,improved,worse
VQE,6,36,2,asap,next_cycle,8,1,2,8,4,35,1,97.142857,3.778426,3.963303,0.184877,4.892963,0.026239,0.434251,0.408012,-1554.983041,0.472303,0.495413,0.02311,4.893045,0.472303,underutilized,stall_low,mixed,W8_M8_F4,improved,worse
VQE,6,36,2,asap,next_cycle,8,1,2,8,5,35,1,97.142857,4.628571,4.927757,0.299186,6.463896,0.042857,0.311787,0.26893,-627.505425,0.578571,0.61597,0.037399,6.464029,0.578571,active,stall_low,mixed,W8_M8_F5,improved,worse
VQE,6,36,2,asap,next_cycle,8,1,2,8,6,35,1,97.142857,5.377593,5.917808,0.540215,10.045665,0.049793,0.191781,0.141988,-285.156548,0.672199,0.739726,0.067527,10.045686,0.672199,active,stall_low,mixed,W8_M8_F6,improved,worse
VQE,6,36,2,asap,next_cycle,8,1,2,8,7,35,1,97.142857,6.056075,6.857143,0.801068,13.227511,0.074766,0.084656,0.00989,-13.227938,0.757009,0.857143,0.100134,13.227584,0.757009,active,stall_medium,mixed,W8_M8_F7,improved,worse
VQE,6,36,2,greedy_critical,next_cycle,8,1,2,8,4,35,1,97.142857,3.83432,3.963303,0.128983,3.363908,0.011834,0.434251,0.422417,-3569.520027,0.47929,0.495413,0.016123,3.363934,0.47929,underutilized,stall_low,mixed,W8_M8_F4,improved,worse
VQE,6,36,2,greedy_critical,next_cycle,8,1,2,8,5,35,1,97.142857,4.695652,4.927757,0.232105,4.942977,0.032609,0.311787,0.279178,-856.137876,0.586957,0.61597,0.029013,4.942952,0.586956,active,stall_low,mixed,W8_M8_F5,improved,worse
VQE,6,36,2,greedy_critical,next_cycle,8,1,2,8,6,35,1,97.142857,5.514894,5.917808,0.402914,7.305925,0.038298,0.191781,0.153483,-400.759831,0.689362,0.739726,0.050364,7.305886,0.689362,active,stall_low,mixed,W8_M8_F6,improved,worse
VQE,6,36,2,greedy_critical,next_cycle,8,1,2,8,7,35,1,97.142857,6.291262,6.857143,0.565881,8.994714,0.048544,0.084656,0.036112,-74.390244,0.786408,0.857143,0.070735,8.994695,0.786408,active,stall_low,mixed,W8_M8_F7,improved,worse
VQE,6,36,2,stall_aware_shifted,next_cycle,8,1,2,8,4,35,1,97.142857,3.767442,3.963303,0.195861,5.198779,0.031977,0.498471,0.466494,-1458.842293,0.47093,0.495413,0.024483,5.198862,0.47093,underutilized,stall_low,mixed,W8_M8_F4,improved,worse
VQE,6,36,2,stall_aware_shifted,next_cycle,8,1,2,8,5,35,1,97.142857,4.56338,4.927757,0.364377,7.984805,0.038732,0.376426,0.337694,-871.873386,0.570423,0.61597,0.045547,7.984776,0.570423,active,stall_low,mixed,W8_M8_F5,improved,worse
VQE,6,36,2,stall_aware_shifted,next_cycle,8,1,2,8,6,35,1,97.142857,5.289796,5.917808,0.628012,11.87214,0.061224,0.251142,0.189918,-310.201882,0.661224,0.739726,0.078502,11.872225,0.661224,active,stall_medium,mixed,W8_M8_F6,improved,worse
VQE,6,36,2,stall_aware_shifted,next_cycle,8,1,2,8,7,35,1,97.142857,5.890909,6.857143,0.966234,16.402121,0.081818,0.132275,0.050457,-61.669804,0.736364,0.857143,0.120779,16.402078,0.736364,active,stall_medium,mixed,W8_M8_F7,improved,worse
VQE,6,36,3,asap,next_cycle,8,1,2,8,4,35,1,97.142857,3.778426,3.963303,0.184877,4.892963,0.026239,0.434251,0.408012,-1554.983041,0.472303,0.495413,0.02311,4.893045,0.472303,underutilized,stall_low,mixed,W8_M8_F4,improved,worse
VQE,6,36,3,asap,next_cycle,8,1,2,8,5,35,1,97.142857,4.628571,4.927757,0.299186,6.463896,0.042857,0.311787,0.26893,-627.505425,0.578571,0.61597,0.037399,6.464029,0.578571,active,stall_low,mixed,W8_M8_F5,improved,worse
VQE,6,36,3,asap,next_cycle,8,1,2,8,6,35,1,97.142857,5.377593,5.917808,0.540215,10.045665,0.049793,0.191781,0.141988,-285.156548,0.672199,0.739726,0.067527,10.045686,0.672199,active,stall_low,mixed,W8_M8_F6,improved,worse
VQE,6,36,3,asap,next_cycle,8,1,2,8,7,35,1,97.142857,6.056075,6.857143,0.801068,13.227511,0.074766,0.084656,0.00989,-13.227938,0.757009,0.857143,0.100134,13.227584,0.757009,active,stall_medium,mixed,W8_M8_F7,improved,worse
VQE,6,36,3,greedy_critical,next_cycle,8,1,2,8,4,35,1,97.142857,3.83432,3.963303,0.128983,3.363908,0.011834,0.434251,0.422417,-3569.520027,0.47929,0.495413,0.016123,3.363934,0.47929,underutilized,stall_low,mixed,W8_M8_F4,improved,worse
VQE,6,36,3,greedy_critical,next_cycle,8,1,2,8,5,35,1,97.142857,4.695652,4.927757,0.232105,4.942977,0.032609,0.311787,0.279178,-856.137876,0.586957,0.61597,0.029013,4.942952,0.586956,active,stall_low,mixed,W8_M8_F5,improved,worse
VQE,6,36,3,greedy_critical,next_cycle,8,1,2,8,6,35,1,97.142857,5.514894,5.917808,0.402914,7.305925,0.038298,0.191781,0.153483,-400.759831,0.689362,0.739726,0.050364,7.305886,0.689362,active,stall_low,mixed,W8_M8_F6,improved,worse
VQE,6,36,3,greedy_critical,next_cycle,8,1,2,8,7,35,1,97.142857,6.291262,6.857143,0.565881,8.994714,0.048544,0.084656,0.036112,-74.390244,0.786408,0.857143,0.070735,8.994695,0.786408,active,stall_low,mixed,W8_M8_F7,improved,worse
VQE,6,36,3,stall_aware_shifted,next_cycle,8,1,2,8,4,35,1,97.142857,3.767442,3.963303,0.195861,5.198779,0.031977,0.498471,0.466494,-1458.842293,0.47093,0.495413,0.024483,5.198862,0.47093,underutilized,stall_low,mixed,W8_M8_F4,improved,worse
VQE,6,36,3,stall_aware_shifted,next_cycle,8,1,2,8,5,35,1,97.142857,4.56338,4.927757,0.364377,7.984805,0.038732,0.376426,0.337694,-871.873386,0.570423,0.61597,0.045547,7.984776,0.570423,active,stall_low,mixed,W8_M8_F5,improved,worse
VQE,6,36,3,stall_aware_shifted,next_cycle,8,1,2,8,6,35,1,97.142857,5.289796,5.917808,0.628012,11.87214,0.061224,0.251142,0.189918,-310.201882,0.661224,0.739726,0.078502,11.872225,0.661224,active,stall_medium,mixed,W8_M8_F6,improved,worse
VQE,6,36,3,stall_aware_shifted,next_cycle,8,1,2,8,7,35,1,97.142857,5.890909,6.857143,0.966234,16.402121,0.081818,0.132275,0.050457,-61.669804,0.736364,0.857143,0.120779,16.402078,0.736364,active,stall_medium,mixed,W8_M8_F7,improved,worse
VQE,6,36,4,asap,next_cycle,8,1,2,8,4,35,1,97.142857,3.778426,3.963303,0.184877,4.892963,0.026239,0.434251,0.408012,-1554.983041,0.472303,0.495413,0.02311,4.893045,0.472303,underutilized,stall_low,mixed,W8_M8_F4,improved,worse
VQE,6,36,4,asap,next_cycle,8,1,2,8,5,35,1,97.142857,4.628571,4.927757,0.299186,6.463896,0.042857,0.311787,0.26893,-627.505425,0.578571,0.61597,0.037399,6.464029,0.578571,active,stall_low,mixed,W8_M8_F5,improved,worse
VQE,6,36,4,asap,next_cycle,8,1,2,8,6,35,1,97.142857,5.377593,5.917808,0.540215,10.045665,0.049793,0.191781,0.141988,-285.156548,0.672199,0.739726,0.067527,10.045686,0.672199,active,stall_low,mixed,W8_M8_F6,improved,worse
VQE,6,36,4,asap,next_cycle,8,1,2,8,7,35,1,97.142857,6.056075,6.857143,0.801068,13.227511,0.074766,0.084656,0.00989,-13.227938,0.757009,0.857143,0.100134,13.227584,0.757009,active,stall_medium,mixed,W8_M8_F7,improved,worse
VQE,6,36,4,greedy_critical,next_cycle,8,1,2,8,4,35,1,97.142857,3.83432,3.963303,0.128983,3.363908,0.011834,0.434251,0.422417,-3569.520027,0.47929,0.495413,0.016123,3.363934,0.47929,underutilized,stall_low,mixed,W8_M8_F4,improved,worse
VQE,6,36,4,greedy_critical,next_cycle,8,1,2,8,5,35,1,97.142857,4.695652,4.927757,0.232105,4.942977,0.032609,0.311787,0.279178,-856.137876,0.586957,0.61597,0.029013,4.942952,0.586956,active,stall_low,mixed,W8_M8_F5,improved,worse
VQE,6,36,4,greedy_critical,next_cycle,8,1,2,8,6,35,1,97.142857,5.514894,5.917808,0.402914,7.305925,0.038298,0.191781,0.153483,-400.759831,0.689362,0.739726,0.050364,7.305886,0.689362,active,stall_low,mixed,W8_M8_F6,improved,worse
VQE,6,36,4,greedy_critical,next_cycle,8,1,2,8,7,35,1,97.142857,6.291262,6.857143,0.565881,8.994714,0.048544,0.084656,0.036112,-74.390244,0.786408,0.857143,0.070735,8.994695,0.786408,active,stall_low,mixed,W8_M8_F7,improved,worse
VQE,6,36,4,stall_aware_shifted,next_cycle,8,1,2,8,4,35,1,97.142857,3.767442,3.963303,0.195861,5.198779,0.031977,0.498471,0.466494,-1458.842293,0.47093,0.495413,0.024483,5.198862,0.47093,underutilized,stall_low,mixed,W8_M8_F4,improved,worse
VQE,6,36,4,stall_aware_shifted,next_cycle,8,1,2,8,5,35,1,97.142857,4.56338,4.927757,0.364377,7.984805,0.038732,0.376426,0.337694,-871.873386,0.570423,0.61597,0.045547,7.984776,0.570423,active,stall_low,mixed,W8_M8_F5,improved,worse
VQE,6,36,4,stall_aware_shifted,next_cycle,8,1,2,8,6,35,1,97.142857,5.289796,5.917808,0.628012,11.87214,0.061224,0.251142,0.189918,-310.201882,0.661224,0.739726,0.078502,11.872225,0.661224,active,stall_medium,mixed,W8_M8_F6,improved,worse
VQE,6,36,4,stall_aware_shifted,next_cycle,8,1,2,8,7,35,1,97.142857,5.890909,6.857143,0.966234,16.402121,0.081818,0.132275,0.050457,-61.669804,0.736364,0.857143,0.120779,16.402078,0.736364,active,stall_medium,mixed,W8_M8_F7,improved,worse
VQE,8,64,0,asap,next_cycle,8,1,2,8,4,63,1,98.412698,3.927133,3.988315,0.061182,1.55793,0.008629,0.462512,0.453883,-5259.972187,0.490892,0.498539,0.007647,1.557776,0.490892,underutilized,stall_low,mixed,W8_M8_F4,improved,worse
VQE,8,64,0,asap,next_cycle,8,1,2,8,5,63,1,98.412698,4.87619,4.976914,0.100724,2.065629,0.014286,0.336574,0.322288,-2255.970881,0.609524,0.622114,0.01259,2.065546,0.609524,active,stall_low,mixed,W8_M8_F5,improved,worse
VQE,8,64,0,asap,next_cycle,8,1,2,8,6,63,1,98.412698,5.785311,5.970845,0.185534,3.206984,0.011299,0.214286,0.202987,-1796.504115,0.723164,0.746356,0.023192,3.207018,0.723164,active,stall_low,mixed,W8_M8_F6,improved,worse
VQE,8,64,0,asap,next_cycle,8,1,2,8,7,63,1,98.412698,6.67101,6.95416,0.28315,4.244485,0.026059,0.098472,0.072413,-277.880962,0.833876,0.86927,0.035394,4.244516,0.833876,near_saturation,stall_low,mixed,W8_M8_F7,improved,worse
VQE,8,64,0,greedy_critical,next_cycle,8,1,2,8,4,63,1,98.412698,3.953668,3.988315,0.034647,0.876325,0.006757,0.462512,0.455755,-6744.931182,0.494208,0.498539,0.004331,0.876352,0.494208,underutilized,stall_low,mixed,W8_M8_F4,improved,worse
VQE,8,64,0,greedy_critical,next_cycle,8,1,2,8,5,63,1,98.412698,4.905389,4.976914,0.071525,1.45809,0.010778,0.336574,0.325796,-3022.787159,0.613174,0.622114,0.00894,1.457987,0.613174,active,stall_low,mixed,W8_M8_F5,improved,worse
VQE,8,64,0,greedy_critical,next_cycle,8,1,2,8,6,63,1,98.412698,5.843081,5.970845,0.127764,2.186586,0.014265,0.214286,0.200021,-1402.180161,0.730385,0.746356,0.015971,2.186655,0.730385,active,stall_low,mixed,W8_M8_F6,improved,worse
VQE,8,64,0,greedy_critical,next_cycle,8,1,2,8,7,63,1,98.412698,6.792703,6.95416,0.161457,2.376918,0.014925,0.098472,0.083547,-559.778894,0.849088,0.86927,0.020182,2.376903,0.849088,near_saturation,stall_low,mixed,W8_M8_F7,improved,worse
VQE,8,64,0,stall_aware_shifted,next_cycle,8,1,2,8,4,63,1,98.412698,3.91213,3.988315,0.076185,1.947405,0.013372,0.499513,0.486141,-3635.514508,0.489016,0.498539,0.009523,1.94738,0.489016,underutilized,stall_low,mixed,W8_M8_F4,improved,worse
VQE,8,64,0,stall_aware_shifted,next_cycle,8,1,2,8,5,63,1,98.412698,4.835891,4.976914,0.141023,2.916174,0.022432,0.375456,0.353024,-1573.751783,0.604486,0.622114,0.017628,2.916197,0.604486,active,stall_low,mixed,W8_M8_F5,improved,worse
VQE,8,64,0,stall_aware_shifted,next_cycle,8,1,2,8,6,63,1,98.412698,5.704735,5.970845,0.26611,4.664721,0.023677,0.250729,0.227052,-958.955949,0.713092,0.746356,0.033264,4.664756,0.713092,active,stall_low,mixed,W8_M8_F6,improved,worse
VQE,8,64,0,stall_aware_shifted,next_cycle,8,1,2,8,7,63,1,98.412698,6.511924,6.95416,0.442236,6.791173,0.047695,0.127334,0.079639,-166.975574,0.81399,0.86927,0.05528,6.791238,0.81399,near_saturation,stall_low,mixed,W8_M8_F7,improved,worse
VQE,8,64,1,asap,next_cycle,8,1,2,8,4,63,1,98.412698,3.927133,3.988315,0.061182,1.55793,0.008629,0.462512,0.453883,-5259.972187,0.490892,0.498539,0.007647,1.557776,0.490892,underutilized,stall_low,mixed,W8_M8_F4,improved,worse
VQE,8,64,1,asap,next_cycle,8,1,2,8,5,63,1,98.412698,4.87619,4.976914,0.100724,2.065629,0.014286,0.336574,0.322288,-2255.970881,0.609524,0.622114,0.01259,2.065546,0.609524,active,stall_low,mixed,W8_M8_F5,improved,worse
VQE,8,64,1,asap,next_cycle,8,1,2,8,6,63,1,98.412698,5.785311,5.970845,0.185534,3.206984,0.011299,0.214286,0.202987,-1796.504115,0.723164,0.746356,0.023192,3.207018,0.723164,active,stall_low,mixed,W8_M8_F6,improved,worse
VQE,8,64,1,asap,next_cycle,8,1,2,8,7,63,1,98.412698,6.67101,6.95416,0.28315,4.244485,0.026059,0.098472,0.072413,-277.880962,0.833876,0.86927,0.035394,4.244516,0.833876,near_saturation,stall_low,mixed,W8_M8_F7,improved,worse
VQE,8,64,1,greedy_critical,next_cycle,8,1,2,8,4,63,1,98.412698,3.953668,3.988315,0.034647,0.876325,0.006757,0.462512,0.455755,-6744.931182,0.494208,0.498539,0.004331,0.876352,0.494208,underutilized,stall_low,mixed,W8_M8_F4,improved,worse
VQE,8,64,1,greedy_critical,next_cycle,8,1,2,8,5,63,1,98.412698,4.905389,4.976914,0.071525,1.45809,0.010778,0.336574,0.325796,-3022.787159,0.613174,0.622114,0.00894,1.457987,0.613174,active,stall_low,mixed,W8_M8_F5,improved,worse
VQE,8,64,1,greedy_critical,next_cycle,8,1,2,8,6,63,1,98.412698,5.843081,5.970845,0.127764,2.186586,0.014265,0.214286,0.200021,-1402.180161,0.730385,0.746356,0.015971,2.186655,0.730385,active,stall_low,mixed,W8_M8_F6,improved,worse
VQE,8,64,1,greedy_critical,next_cycle,8,1,2,8,7,63,1,98.412698,6.792703,6.95416,0.161457,2.376918,0.014925,0.098472,0.083547,-559.778894,0.849088,0.86927,0.020182,2.376903,0.849088,near_saturation,stall_low,mixed,W8_M8_F7,improved,worse
VQE,8,64,1,stall_aware_shifted,next_cycle,8,1,2,8,4,63,1,98.412698,3.91213,3.988315,0.076185,1.947405,0.013372,0.499513,0.486141,-3635.514508,0.489016,0.498539,0.009523,1.94738,0.489016,underutilized,stall_low,mixed,W8_M8_F4,improved,worse
VQE,8,64,1,stall_aware_shifted,next_cycle,8,1,2,8,5,63,1,98.412698,4.835891,4.976914,0.141023,2.916174,0.022432,0.375456,0.353024,-1573.751783,0.604486,0.622114,0.017628,2.916197,0.604486,active,stall_low,mixed,W8_M8_F5,improved,worse
VQE,8,64,1,stall_aware_shifted,next_cycle,8,1,2,8,6,63,1,98.412698,5.704735,5.970845,0.26611,4.664721,0.023677,0.250729,0.227052,-958.955949,0.713092,0.746356,0.033264,4.664756,0.713092,active,stall_low,mixed,W8_M8_F6,improved,worse
VQE,8,64,1,stall_aware_shifted,next_cycle,8,1,2,8,7,63,1,98.412698,6.511924,6.95416,0.442236,6.791173,0.047695,0.127334,0.079639,-166.975574,0.81399,0.86927,0.05528,6.791238,0.81399,near_saturation,stall_low,mixed,W8_M8_F7,improved,worse
VQE,8,64,2,asap,next_cycle,8,1,2,8,4,63,1,98.412698,3.927133,3.988315,0.061182,1.55793,0.008629,0.462512,0.453883,-5259.972187,0.490892,0.498539,0.007647,1.557776,0.490892,underutilized,stall_low,mixed,W8_M8_F4,improved,worse
VQE,8,64,2,asap,next_cycle,8,1,2,8,5,63,1,98.412698,4.87619,4.976914,0.100724,2.065629,0.014286,0.336574,0.322288,-2255.970881,0.609524,0.622114,0.01259,2.065546,0.609524,active,stall_low,mixed,W8_M8_F5,improved,worse
VQE,8,64,2,asap,next_cycle,8,1,2,8,6,63,1,98.412698,5.785311,5.970845,0.185534,3.206984,0.011299,0.214286,0.202987,-1796.504115,0.723164,0.746356,0.023192,3.207018,0.723164,active,stall_low,mixed,W8_M8_F6,improved,worse
VQE,8,64,2,asap,next_cycle,8,1,2,8,7,63,1,98.412698,6.67101,6.95416,0.28315,4.244485,0.026059,0.098472,0.072413,-277.880962,0.833876,0.86927,0.035394,4.244516,0.833876,near_saturation,stall_low,mixed,W8_M8_F7,improved,worse
VQE,8,64,2,greedy_critical,next_cycle,8,1,2,8,4,63,1,98.412698,3.953668,3.988315,0.034647,0.876325,0.006757,0.462512,0.455755,-6744.931182,0.494208,0.498539,0.004331,0.876352,0.494208,underutilized,stall_low,mixed,W8_M8_F4,improved,worse
VQE,8,64,2,greedy_critical,next_cycle,8,1,2,8,5,63,1,98.412698,4.905389,4.976914,0.071525,1.45809,0.010778,0.336574,0.325796,-3022.787159,0.613174,0.622114,0.00894,1.457987,0.613174,active,stall_low,mixed,W8_M8_F5,improved,worse
VQE,8,64,2,greedy_critical,next_cycle,8,1,2,8,6,63,1,98.412698,5.843081,5.970845,0.127764,2.186586,0.014265,0.214286,0.200021,-1402.180161,0.730385,0.746356,0.015971,2.186655,0.730385,active,stall_low,mixed,W8_M8_F6,improved,worse
VQE,8,64,2,greedy_critical,next_cycle,8,1,2,8,7,63,1,98.412698,6.792703,6.95416,0.161457,2.376918,0.014925,0.098472,0.083547,-559.778894,0.849088,0.86927,0.020182,2.376903,0.849088,near_saturation,stall_low,mixed,W8_M8_F7,improved,worse
VQE,8,64,2,stall_aware_shifted,next_cycle,8,1,2,8,4,63,1,98.412698,3.91213,3.988315,0.076185,1.947405,0.013372,0.499513,0.486141,-3635.514508,0.489016,0.498539,0.009523,1.94738,0.489016,underutilized,stall_low,mixed,W8_M8_F4,improved,worse
VQE,8,64,2,stall_aware_shifted,next_cycle,8,1,2,8,5,63,1,98.412698,4.835891,4.976914,0.141023,2.916174,0.022432,0.375456,0.353024,-1573.751783,0.604486,0.622114,0.017628,2.916197,0.604486,active,stall_low,mixed,W8_M8_F5,improved,worse
VQE,8,64,2,stall_aware_shifted,next_cycle,8,1,2,8,6,63,1,98.412698,5.704735,5.970845,0.26611,4.664721,0.023677,0.250729,0.227052,-958.955949,0.713092,0.746356,0.033264,4.664756,0.713092,active,stall_low,mixed,W8_M8_F6,improved,worse
VQE,8,64,2,stall_aware_shifted,next_cycle,8,1,2,8,7,63,1,98.412698,6.511924,6.95416,0.442236,6.791173,0.047695,0.127334,0.079639,-166.975574,0.81399,0.86927,0.05528,6.791238,0.81399,near_saturation,stall_low,mixed,W8_M8_F7,improved,worse
VQE,8,64,3,asap,next_cycle,8,1,2,8,4,63,1,98.412698,3.927133,3.988315,0.061182,1.55793,0.008629,0.462512,0.453883,-5259.972187,0.490892,0.498539,0.007647,1.557776,0.490892,underutilized,stall_low,mixed,W8_M8_F4,improved,worse
VQE,8,64,3,asap,next_cycle,8,1,2,8,5,63,1,98.412698,4.87619,4.976914,0.100724,2.065629,0.014286,0.336574,0.322288,-2255.970881,0.609524,0.622114,0.01259,2.065546,0.609524,active,stall_low,mixed,W8_M8_F5,improved,worse
VQE,8,64,3,asap,next_cycle,8,1,2,8,6,63,1,98.412698,5.785311,5.970845,0.185534,3.206984,0.011299,0.214286,0.202987,-1796.504115,0.723164,0.746356,0.023192,3.207018,0.723164,active,stall_low,mixed,W8_M8_F6,improved,worse
VQE,8,64,3,asap,next_cycle,8,1,2,8,7,63,1,98.412698,6.67101,6.95416,0.28315,4.244485,0.026059,0.098472,0.072413,-277.880962,0.833876,0.86927,0.035394,4.244516,0.833876,near_saturation,stall_low,mixed,W8_M8_F7,improved,worse
VQE,8,64,3,greedy_critical,next_cycle,8,1,2,8,4,63,1,98.412698,3.953668,3.988315,0.034647,0.876325,0.006757,0.462512,0.455755,-6744.931182,0.494208,0.498539,0.004331,0.876352,0.494208,underutilized,stall_low,mixed,W8_M8_F4,improved,worse
VQE,8,64,3,greedy_critical,next_cycle,8,1,2,8,5,63,1,98.412698,4.905389,4.976914,0.071525,1.45809,0.010778,0.336574,0.325796,-3022.787159,0.613174,0.622114,0.00894,1.457987,0.613174,active,stall_low,mixed,W8_M8_F5,improved,worse
VQE,8,64,3,greedy_critical,next_cycle,8,1,2,8,6,63,1,98.412698,5.843081,5.970845,0.127764,2.186586,0.014265,0.214286,0.200021,-1402.180161,0.730385,0.746356,0.015971,2.186655,0.730385,active,stall_low,mixed,W8_M8_F6,improved,worse
VQE,8,64,3,greedy_critical,next_cycle,8,1,2,8,7,63,1,98.412698,6.792703,6.95416,0.161457,2.376918,0.014925,0.098472,0.083547,-559.778894,0.849088,0.86927,0.020182,2.376903,0.849088,near_saturation,stall_low,mixed,W8_M8_F7,improved,worse
VQE,8,64,3,stall_aware_shifted,next_cycle,8,1,2,8,4,63,1,98.412698,3.91213,3.988315,0.076185,1.947405,0.013372,0.499513,0.486141,-3635.514508,0.489016,0.498539,0.009523,1.94738,0.489016,underutilized,stall_low,mixed,W8_M8_F4,improved,worse
VQE,8,64,3,stall_aware_shifted,next_cycle,8,1,2,8,5,63,1,98.412698,4.835891,4.976914,0.141023,2.916174,0.022432,0.375456,0.353024,-1573.751783,0.604486,0.622114,0.017628,2.916197,0.604486,active,stall_low,mixed,W8_M8_F5,improved,worse
VQE,8,64,3,stall_aware_shifted,next_cycle,8,1,2,8,6,63,1,98.412698,5.704735,5.970845,0.26611,4.664721,0.023677,0.250729,0.227052,-958.955949,0.713092,0.746356,0.033264,4.664756,0.713092,active,stall_low,mixed,W8_M8_F6,improved,worse
VQE,8,64,3,stall_aware_shifted,next_cycle,8,1,2,8,7,63,1,98.412698,6.511924,6.95416,0.442236,6.791173,0.047695,0.127334,0.079639,-166.975574,0.81399,0.86927,0.05528,6.791238,0.81399,near_saturation,stall_low,mixed,W8_M8_F7,improved,worse
VQE,8,64,4,asap,next_cycle,8,1,2,8,4,63,1,98.412698,3.927133,3.988315,0.061182,1.55793,0.008629,0.462512,0.453883,-5259.972187,0.490892,0.498539,0.007647,1.557776,0.490892,underutilized,stall_low,mixed,W8_M8_F4,improved,worse
VQE,8,64,4,asap,next_cycle,8,1,2,8,5,63,1,98.412698,4.87619,4.976914,0.100724,2.065629,0.014286,0.336574,0.322288,-2255.970881,0.609524,0.622114,0.01259,2.065546,0.609524,active,stall_low,mixed,W8_M8_F5,improved,worse
VQE,8,64,4,asap,next_cycle,8,1,2,8,6,63,1,98.412698,5.785311,5.970845,0.185534,3.206984,0.011299,0.214286,0.202987,-1796.504115,0.723164,0.746356,0.023192,3.207018,0.723164,active,stall_low,mixed,W8_M8_F6,improved,worse
VQE,8,64,4,asap,next_cycle,8,1,2,8,7,63,1,98.412698,6.67101,6.95416,0.28315,4.244485,0.026059,0.098472,0.072413,-277.880962,0.833876,0.86927,0.035394,4.244516,0.833876,near_saturation,stall_low,mixed,W8_M8_F7,improved,worse
VQE,8,64,4,greedy_critical,next_cycle,8,1,2,8,4,63,1,98.412698,3.953668,3.988315,0.034647,0.876325,0.006757,0.462512,0.455755,-6744.931182,0.494208,0.498539,0.004331,0.876352,0.494208,underutilized,stall_low,mixed,W8_M8_F4,improved,worse
VQE,8,64,4,greedy_critical,next_cycle,8,1,2,8,5,63,1,98.412698,4.905389,4.976914,0.071525,1.45809,0.010778,0.336574,0.325796,-3022.787159,0.613174,0.622114,0.00894,1.457987,0.613174,active,stall_low,mixed,W8_M8_F5,improved,worse
VQE,8,64,4,greedy_critical,next_cycle,8,1,2,8,6,63,1,98.412698,5.843081,5.970845,0.127764,2.186586,0.014265,0.214286,0.200021,-1402.180161,0.730385,0.746356,0.015971,2.186655,0.730385,active,stall_low,mixed,W8_M8_F6,improved,worse
VQE,8,64,4,greedy_critical,next_cycle,8,1,2,8,7,63,1,98.412698,6.792703,6.95416,0.161457,2.376918,0.014925,0.098472,0.083547,-559.778894,0.849088,0.86927,0.020182,2.376903,0.849088,near_saturation,stall_low,mixed,W8_M8_F7,improved,worse
VQE,8,64,4,stall_aware_shifted,next_cycle,8,1,2,8,4,63,1,98.412698,3.91213,3.988315,0.076185,1.947405,0.013372,0.499513,0.486141,-3635.514508,0.489016,0.498539,0.009523,1.94738,0.489016,underutilized,stall_low,mixed,W8_M8_F4,improved,worse
VQE,8,64,4,stall_aware_shifted,next_cycle,8,1,2,8,5,63,1,98.412698,4.835891,4.976914,0.141023,2.916174,0.022432,0.375456,0.353024,-1573.751783,0.604486,0.622114,0.017628,2.916197,0.604486,active,stall_low,mixed,W8_M8_F5,improved,worse
VQE,8,64,4,stall_aware_shifted,next_cycle,8,1,2,8,6,63,1,98.412698,5.704735,5.970845,0.26611,4.664721,0.023677,0.250729,0.227052,-958.955949,0.713092,0.746356,0.033264,4.664756,0.713092,active,stall_low,mixed,W8_M8_F6,improved,worse
VQE,8,64,4,stall_aware_shifted,next_cycle,8,1,2,8,7,63,1,98.412698,6.511924,6.95416,0.442236,6.791173,0.047695,0.127334,0.079639,-166.975574,0.81399,0.86927,0.05528,6.791238,0.81399,near_saturation,stall_low,mixed,W8_M8_F7,improved,worse
