algorithm,hardware_size,logical_qubits,policy,release_mode,issue_width,l_meas,l_ff,meas_width,ff_width,n_seeds_raw,n_seeds_shifted,ff_chain_depth_raw_median,ff_chain_depth_shifted_median,depth_reduction_pct,throughput_raw_median,throughput_shifted_median,throughput_delta,throughput_gain_pct,stall_rate_raw_median,stall_rate_shifted_median,stall_rate_delta,stall_reduction_pct,utilization_raw_median,utilization_shifted_median,utilization_delta,utilization_gain_pct
QAOA,4,16,asap,next_cycle,8,1,1,8,4,5,5,34.0,2.0,94.117647,2.878049,3.878049,1.0,34.74576,0.107143,0.168675,0.061532,-57.42979,0.359756,0.484756,0.125,34.745772
QAOA,4,16,asap,next_cycle,8,1,1,8,8,5,5,34.0,2.0,94.117647,3.051724,7.395349,4.343625,142.333481,0.293103,0.023256,-0.269847,92.065588,0.381466,0.924419,0.542953,142.333262
QAOA,4,16,asap,next_cycle,8,1,2,8,4,5,5,34.0,2.0,94.117647,2.226415,3.831325,1.60491,72.084944,0.291045,0.176471,-0.114574,39.366421,0.278302,0.478916,0.200614,72.085001
QAOA,4,16,asap,next_cycle,8,1,2,8,8,5,5,34.0,2.0,94.117647,2.298701,7.066667,4.767966,207.420017,0.467532,0.044444,-0.423088,90.493913,0.287338,0.883333,0.595995,207.419485
QAOA,4,16,asap,next_cycle,8,2,1,8,4,5,5,34.0,2.0,94.117647,2.226415,3.831325,1.60491,72.084944,0.291045,0.176471,-0.114574,39.366421,0.278302,0.478916,0.200614,72.085001
QAOA,4,16,asap,next_cycle,8,2,1,8,8,5,5,34.0,2.0,94.117647,2.298701,7.066667,4.767966,207.420017,0.467532,0.044444,-0.423088,90.493913,0.287338,0.883333,0.595995,207.419485
QAOA,4,16,asap,next_cycle,8,2,2,8,4,5,5,34.0,2.0,94.117647,1.806122,3.741176,1.935054,107.13861,0.370166,0.183908,-0.186258,50.317425,0.225765,0.467647,0.241882,107.138839
QAOA,4,16,asap,next_cycle,8,2,2,8,8,5,5,34.0,2.0,94.117647,1.84375,6.765957,4.922207,266.967159,0.572917,0.06383,-0.509087,88.85877,0.230469,0.845745,0.615276,266.966924
QAOA,4,16,greedy_critical,next_cycle,8,1,1,8,4,5,5,34.0,2.0,94.117647,3.0,3.878049,0.878049,29.2683,0.157407,0.329268,0.171861,-109.182565,0.375,0.484756,0.109756,29.268267
QAOA,4,16,greedy_critical,next_cycle,8,1,1,8,8,5,5,34.0,2.0,94.117647,3.105263,7.571429,4.466166,143.825692,0.395833,0.02381,-0.372023,93.984837,0.388158,0.946429,0.558271,143.82571
QAOA,4,16,greedy_critical,next_cycle,8,1,2,8,4,5,5,34.0,2.0,94.117647,2.313725,3.831325,1.5176,65.5912,0.271318,0.337349,0.066031,-24.337125,0.289216,0.478916,0.1897,65.591115
QAOA,4,16,greedy_critical,next_cycle,8,1,2,8,8,5,5,34.0,2.0,94.117647,2.328947,7.395349,5.066402,217.540459,0.546875,0.046512,-0.500363,91.494949,0.291118,0.924419,0.633301,217.540997
QAOA,4,16,greedy_critical,next_cycle,8,2,1,8,4,5,5,34.0,2.0,94.117647,2.313725,3.831325,1.5176,65.5912,0.271318,0.337349,0.066031,-24.337125,0.289216,0.478916,0.1897,65.591115
QAOA,4,16,greedy_critical,next_cycle,8,2,1,8,8,5,5,34.0,2.0,94.117647,2.328947,7.395349,5.066402,217.540459,0.546875,0.046512,-0.500363,91.494949,0.291118,0.924419,0.633301,217.540997
QAOA,4,16,greedy_critical,next_cycle,8,2,2,8,4,5,5,34.0,2.0,94.117647,1.853403,3.785714,1.932311,104.257466,0.440994,0.322581,-0.118413,26.851386,0.231675,0.473214,0.241539,104.257689
QAOA,4,16,greedy_critical,next_cycle,8,2,2,8,8,5,5,34.0,2.0,94.117647,1.863158,7.066667,5.203509,279.284366,0.6375,0.066667,-0.570833,89.542431,0.232895,0.883333,0.650438,279.283797
QAOA,4,16,regime_switch,next_cycle,8,1,1,8,4,5,5,34.0,2.0,94.117647,3.0,3.878049,0.878049,29.2683,0.144068,0.329268,0.1852,-128.550407,0.375,0.484756,0.109756,29.268267
QAOA,4,16,regime_switch,next_cycle,8,1,1,8,8,5,5,34.0,2.0,94.117647,3.051724,7.395349,4.343625,142.333481,0.293103,0.023256,-0.269847,92.065588,0.381466,0.924419,0.542953,142.333262
QAOA,4,16,regime_switch,next_cycle,8,1,2,8,4,5,5,34.0,2.0,94.117647,2.313725,3.831325,1.5176,65.5912,0.271318,0.315217,0.043899,-16.179907,0.289216,0.478916,0.1897,65.591115
QAOA,4,16,regime_switch,next_cycle,8,1,2,8,8,5,5,34.0,2.0,94.117647,2.298701,7.066667,4.767966,207.420017,0.467532,0.044444,-0.423088,90.493913,0.287338,0.883333,0.595995,207.419485
QAOA,4,16,regime_switch,next_cycle,8,2,1,8,4,5,5,34.0,2.0,94.117647,2.313725,3.697674,1.383949,59.814758,0.330986,0.08046,-0.250526,75.690815,0.289216,0.462209,0.172993,59.814464
QAOA,4,16,regime_switch,next_cycle,8,2,1,8,8,5,5,34.0,2.0,94.117647,2.298701,7.375,5.076299,220.833375,0.467532,0.045455,-0.422077,90.277671,0.287338,0.921875,0.634537,220.832956
QAOA,4,16,regime_switch,next_cycle,8,2,2,8,4,5,5,34.0,2.0,94.117647,1.853403,3.613636,1.760233,94.973031,0.4375,0.089888,-0.347612,79.454171,0.231675,0.451705,0.22003,94.973562
QAOA,4,16,regime_switch,next_cycle,8,2,2,8,8,5,5,34.0,2.0,94.117647,1.84375,7.066667,5.222917,283.276854,0.572917,0.065217,-0.5077,88.616676,0.230469,0.883333,0.652864,283.276276
QAOA,4,16,shifted_critical,next_cycle,8,1,1,8,4,5,5,34.0,2.0,94.117647,3.0,3.878049,0.878049,29.2683,0.144068,0.329268,0.1852,-128.550407,0.375,0.484756,0.109756,29.268267
QAOA,4,16,shifted_critical,next_cycle,8,1,1,8,8,5,5,34.0,2.0,94.117647,3.105263,7.571429,4.466166,143.825692,0.395833,0.02381,-0.372023,93.984837,0.388158,0.946429,0.558271,143.82571
QAOA,4,16,shifted_critical,next_cycle,8,1,2,8,4,5,5,34.0,2.0,94.117647,2.313725,3.831325,1.5176,65.5912,0.271318,0.315217,0.043899,-16.179907,0.289216,0.478916,0.1897,65.591115
QAOA,4,16,shifted_critical,next_cycle,8,1,2,8,8,5,5,34.0,2.0,94.117647,2.328947,7.395349,5.066402,217.540459,0.546875,0.046512,-0.500363,91.494949,0.291118,0.924419,0.633301,217.540997
QAOA,4,16,shifted_critical,next_cycle,8,2,1,8,4,5,5,34.0,2.0,94.117647,2.313725,3.831325,1.5176,65.5912,0.271318,0.315217,0.043899,-16.179907,0.289216,0.478916,0.1897,65.591115
QAOA,4,16,shifted_critical,next_cycle,8,2,1,8,8,5,5,34.0,2.0,94.117647,2.328947,7.395349,5.066402,217.540459,0.546875,0.046512,-0.500363,91.494949,0.291118,0.924419,0.633301,217.540997
QAOA,4,16,shifted_critical,next_cycle,8,2,2,8,4,5,5,34.0,2.0,94.117647,1.853403,3.785714,1.932311,104.257466,0.440994,0.309524,-0.13147,29.812197,0.231675,0.473214,0.241539,104.257689
QAOA,4,16,shifted_critical,next_cycle,8,2,2,8,8,5,5,34.0,2.0,94.117647,1.863158,7.066667,5.203509,279.284366,0.6375,0.066667,-0.570833,89.542431,0.232895,0.883333,0.650438,279.283797
QAOA,4,16,stall_aware_shifted,next_cycle,8,1,1,8,4,5,5,34.0,2.0,94.117647,2.917431,3.726316,0.808885,27.725934,0.109244,0.047059,-0.062185,56.923035,0.364679,0.465789,0.10111,27.725753
QAOA,4,16,stall_aware_shifted,next_cycle,8,1,1,8,8,5,5,34.0,2.0,94.117647,3.105263,6.893617,3.788354,121.997847,0.364583,0.078431,-0.286152,78.487477,0.388158,0.861702,0.473544,121.997743
QAOA,4,16,stall_aware_shifted,next_cycle,8,1,2,8,4,5,5,34.0,2.0,94.117647,2.298701,3.613636,1.314935,57.203394,0.300699,0.079545,-0.221154,73.546636,0.287338,0.451705,0.164367,57.203363
QAOA,4,16,stall_aware_shifted,next_cycle,8,1,2,8,8,5,5,34.0,2.0,94.117647,2.328947,6.765957,4.43701,190.515714,0.523438,0.085106,-0.438332,83.740959,0.291118,0.845745,0.554627,190.516217
QAOA,4,16,stall_aware_shifted,next_cycle,8,2,1,8,4,5,5,34.0,2.0,94.117647,2.298701,3.613636,1.314935,57.203394,0.272727,0.079545,-0.193182,70.833471,0.287338,0.451705,0.164367,57.203363
QAOA,4,16,stall_aware_shifted,next_cycle,8,2,1,8,8,5,5,34.0,2.0,94.117647,2.328947,6.765957,4.43701,190.515714,0.523438,0.085106,-0.438332,83.740959,0.291118,0.845745,0.554627,190.516217
QAOA,4,16,stall_aware_shifted,next_cycle,8,2,2,8,4,5,5,34.0,2.0,94.117647,1.853403,3.521739,1.668336,90.014746,0.413613,0.108696,-0.304917,73.720362,0.231675,0.440217,0.208542,90.014892
QAOA,4,16,stall_aware_shifted,next_cycle,8,2,2,8,8,5,5,34.0,2.0,94.117647,1.863158,6.36,4.496842,241.355913,0.61875,0.12,-0.49875,80.606061,0.232895,0.795,0.562105,241.355546
QAOA,6,36,asap,next_cycle,8,1,1,8,4,5,5,76.0,2.0,97.368421,3.825,3.975904,0.150904,3.945203,0.0325,0.233766,0.201266,-619.28,0.478125,0.496988,0.018863,3.945203
QAOA,6,36,asap,next_cycle,8,1,1,8,8,5,5,76.0,2.0,97.368421,6.044944,7.894737,1.849793,30.600664,0.090196,0.004902,-0.085294,94.565169,0.755618,0.986842,0.231224,30.600647
QAOA,6,36,asap,next_cycle,8,1,2,8,4,5,5,76.0,2.0,97.368421,3.608491,3.966346,0.357855,9.917026,0.073113,0.235751,0.162638,-222.447444,0.451061,0.495793,0.044732,9.917062
QAOA,6,36,asap,next_cycle,8,1,2,8,8,5,5,76.0,2.0,97.368421,5.028037,7.857143,2.829106,56.266611,0.178683,0.009756,-0.168927,94.540051,0.628505,0.982143,0.353638,56.266537
QAOA,6,36,asap,next_cycle,8,2,1,8,4,5,5,76.0,2.0,97.368421,3.608491,3.966346,0.357855,9.917026,0.073113,0.235751,0.162638,-222.447444,0.451061,0.495793,0.044732,9.917062
QAOA,6,36,asap,next_cycle,8,2,1,8,8,5,5,76.0,2.0,97.368421,5.028037,7.857143,2.829106,56.266611,0.178683,0.009756,-0.168927,94.540051,0.628505,0.982143,0.353638,56.266537
QAOA,6,36,asap,next_cycle,8,2,2,8,4,5,5,76.0,2.0,97.368421,3.304536,3.956835,0.652299,19.739504,0.116959,0.235142,0.118183,-101.046521,0.413067,0.494604,0.081537,19.739413
QAOA,6,36,asap,next_cycle,8,2,2,8,8,5,5,76.0,2.0,97.368421,4.127877,7.806122,3.678245,89.107427,0.28836,0.014493,-0.273867,94.973991,0.515985,0.975765,0.45978,89.107241
QAOA,6,36,greedy_critical,next_cycle,8,1,1,8,4,5,5,76.0,2.0,97.368421,3.863636,3.975904,0.112268,2.90576,0.014218,0.426108,0.41189,-2896.961598,0.482955,0.496988,0.014033,2.905654
QAOA,6,36,greedy_critical,next_cycle,8,1,1,8,8,5,5,76.0,2.0,97.368421,6.987013,7.894737,0.907724,12.991589,0.064935,0.004902,-0.060033,92.450912,0.873377,0.986842,0.113465,12.991526
QAOA,6,36,greedy_critical,next_cycle,8,1,2,8,4,5,5,76.0,2.0,97.368421,3.686747,3.966346,0.279599,7.583894,0.057831,0.425481,0.36765,-635.731701,0.460843,0.495793,0.03495,7.583928
QAOA,6,36,greedy_critical,next_cycle,8,1,2,8,8,5,5,76.0,2.0,97.368421,5.24026,7.857143,2.616883,49.938037,0.243506,0.009756,-0.23375,95.993528,0.655032,0.982143,0.327111,49.938171
QAOA,6,36,greedy_critical,next_cycle,8,2,1,8,4,5,5,76.0,2.0,97.368421,3.686747,3.966346,0.279599,7.583894,0.057831,0.425481,0.36765,-635.731701,0.460843,0.495793,0.03495,7.583928
QAOA,6,36,greedy_critical,next_cycle,8,2,1,8,8,5,5,76.0,2.0,97.368421,5.24026,7.857143,2.616883,49.938037,0.243506,0.009756,-0.23375,95.993528,0.655032,0.982143,0.327111,49.938171
QAOA,6,36,greedy_critical,next_cycle,8,2,2,8,4,5,5,76.0,2.0,97.368421,3.370044,3.956835,0.586791,17.411969,0.110132,0.426859,0.316727,-287.58853,0.421256,0.494604,0.073348,17.41174
QAOA,6,36,greedy_critical,next_cycle,8,2,2,8,8,5,5,76.0,2.0,97.368421,4.192208,7.819905,3.627697,86.53428,0.366577,0.014563,-0.352014,96.027301,0.524026,0.977488,0.453462,86.534256
QAOA,6,36,regime_switch,next_cycle,8,1,1,8,4,5,5,76.0,2.0,97.368421,3.863636,3.975904,0.112268,2.90576,0.020979,0.41039,0.389411,-1856.19429,0.482955,0.496988,0.014033,2.905654
QAOA,6,36,regime_switch,next_cycle,8,1,1,8,8,5,5,76.0,2.0,97.368421,6.044944,7.894737,1.849793,30.600664,0.090196,0.004902,-0.085294,94.565169,0.755618,0.986842,0.231224,30.600647
QAOA,6,36,regime_switch,next_cycle,8,1,2,8,4,5,5,76.0,2.0,97.368421,3.686747,3.966346,0.279599,7.583894,0.057831,0.409326,0.351495,-607.796856,0.460843,0.495793,0.03495,7.583928
QAOA,6,36,regime_switch,next_cycle,8,1,2,8,8,5,5,76.0,2.0,97.368421,5.028037,7.857143,2.829106,56.266611,0.178683,0.009756,-0.168927,94.540051,0.628505,0.982143,0.353638,56.266537
QAOA,6,36,regime_switch,next_cycle,8,2,1,8,4,5,5,76.0,2.0,97.368421,3.525641,3.937947,0.412306,11.694498,0.068376,0.019093,-0.049283,72.07646,0.440705,0.492243,0.051538,11.694444
QAOA,6,36,regime_switch,next_cycle,8,2,1,8,8,5,5,76.0,2.0,97.368421,5.206452,7.857143,2.650691,50.911657,0.200573,0.009756,-0.190817,95.135936,0.650806,0.982143,0.331337,50.911792
QAOA,6,36,regime_switch,next_cycle,8,2,2,8,4,5,5,76.0,2.0,97.368421,3.283262,3.909953,0.626691,19.08745,0.103004,0.02451,-0.078494,76.204808,0.410408,0.488744,0.078336,19.087347
QAOA,6,36,regime_switch,next_cycle,8,2,2,8,8,5,5,76.0,2.0,97.368421,4.170543,7.819905,3.649362,87.503282,0.298667,0.014563,-0.284104,95.124001,0.521318,0.977488,0.45617,87.503213
QAOA,6,36,shifted_critical,next_cycle,8,1,1,8,4,5,5,76.0,2.0,97.368421,3.863636,3.975904,0.112268,2.90576,0.020979,0.41039,0.389411,-1856.19429,0.482955,0.496988,0.014033,2.905654
QAOA,6,36,shifted_critical,next_cycle,8,1,1,8,8,5,5,76.0,2.0,97.368421,6.987013,7.894737,0.907724,12.991589,0.064935,0.004902,-0.060033,92.450912,0.873377,0.986842,0.113465,12.991526
QAOA,6,36,shifted_critical,next_cycle,8,1,2,8,4,5,5,76.0,2.0,97.368421,3.686747,3.966346,0.279599,7.583894,0.057831,0.409326,0.351495,-607.796856,0.460843,0.495793,0.03495,7.583928
QAOA,6,36,shifted_critical,next_cycle,8,1,2,8,8,5,5,76.0,2.0,97.368421,5.24026,7.857143,2.616883,49.938037,0.24026,0.009756,-0.230504,95.939399,0.655032,0.982143,0.327111,49.938171
QAOA,6,36,shifted_critical,next_cycle,8,2,1,8,4,5,5,76.0,2.0,97.368421,3.686747,3.966346,0.279599,7.583894,0.057831,0.409326,0.351495,-607.796856,0.460843,0.495793,0.03495,7.583928
QAOA,6,36,shifted_critical,next_cycle,8,2,1,8,8,5,5,76.0,2.0,97.368421,5.24026,7.857143,2.616883,49.938037,0.24026,0.009756,-0.230504,95.939399,0.655032,0.982143,0.327111,49.938171
QAOA,6,36,shifted_critical,next_cycle,8,2,2,8,4,5,5,76.0,2.0,97.368421,3.377483,3.956835,0.579352,17.153365,0.110375,0.41247,0.302095,-273.698754,0.422185,0.494604,0.072419,17.153381
QAOA,6,36,shifted_critical,next_cycle,8,2,2,8,8,5,5,76.0,2.0,97.368421,4.192208,7.819905,3.627697,86.53428,0.366577,0.014563,-0.352014,96.027301,0.524026,0.977488,0.453462,86.534256
QAOA,6,36,stall_aware_shifted,next_cycle,8,1,1,8,4,5,5,76.0,2.0,97.368421,3.775744,3.94621,0.170466,4.514766,0.025172,0.009901,-0.015271,60.666614,0.471968,0.493276,0.021308,4.514713
QAOA,6,36,stall_aware_shifted,next_cycle,8,1,1,8,8,5,5,76.0,2.0,97.368421,6.071429,7.797101,1.725672,28.422831,0.059761,0.009662,-0.050099,83.832265,0.758929,0.974638,0.215709,28.422817
QAOA,6,36,stall_aware_shifted,next_cycle,8,1,2,8,4,5,5,76.0,2.0,97.368421,3.554566,3.921376,0.36681,10.319403,0.04646,0.014742,-0.031718,68.269479,0.444321,0.490172,0.045851,10.319341
QAOA,6,36,stall_aware_shifted,next_cycle,8,1,2,8,8,5,5,76.0,2.0,97.368421,4.93578,7.685714,2.749934,55.714274,0.217391,0.02,-0.197391,90.799987,0.616972,0.960714,0.343742,55.71436
QAOA,6,36,stall_aware_shifted,next_cycle,8,2,1,8,4,5,5,76.0,2.0,97.368421,3.508696,3.921376,0.41268,11.761635,0.063636,0.014742,-0.048894,76.833868,0.438587,0.490172,0.051585,11.761635
QAOA,6,36,stall_aware_shifted,next_cycle,8,2,1,8,8,5,5,76.0,2.0,97.368421,5.028037,7.685714,2.657677,52.857149,0.218391,0.02,-0.198391,90.842113,0.628505,0.960714,0.332209,52.857018
QAOA,6,36,stall_aware_shifted,next_cycle,8,2,2,8,4,5,5,76.0,2.0,97.368421,3.287169,3.927007,0.639838,19.464713,0.118095,0.014599,-0.103496,87.637919,0.410896,0.490876,0.07998,19.464779
QAOA,6,36,stall_aware_shifted,next_cycle,8,2,2,8,8,5,5,76.0,2.0,97.368421,4.1491,7.577465,3.428365,82.629124,0.33162,0.034483,-0.297137,89.601652,0.518638,0.947183,0.428545,82.628924
QAOA,8,64,asap,next_cycle,8,1,1,8,4,5,5,142.0,2.0,98.591549,3.931854,3.991955,0.060101,1.528566,0.018053,0.251645,0.233592,-1293.923448,0.491482,0.498994,0.007512,1.528438
QAOA,8,64,asap,next_cycle,8,1,1,8,8,5,5,142.0,2.0,98.591549,7.227866,7.968,0.740134,10.240007,0.043284,0.001605,-0.041679,96.291932,0.903483,0.996,0.092517,10.240038
QAOA,8,64,asap,next_cycle,8,1,2,8,4,5,5,142.0,2.0,98.591549,3.843895,3.988746,0.144851,3.768339,0.034536,0.25226,0.217724,-630.426222,0.480487,0.498593,0.018106,3.76826
QAOA,8,64,asap,next_cycle,8,1,2,8,8,5,5,142.0,2.0,98.591549,6.693548,7.955272,1.261724,18.849854,0.084677,0.003205,-0.081472,96.215029,0.836694,0.994409,0.157715,18.849783
QAOA,8,64,asap,next_cycle,8,2,1,8,4,5,5,142.0,2.0,98.591549,3.843895,3.988746,0.144851,3.768339,0.034536,0.25226,0.217724,-630.426222,0.480487,0.498593,0.018106,3.76826
QAOA,8,64,asap,next_cycle,8,2,1,8,8,5,5,142.0,2.0,98.591549,6.693548,7.955272,1.261724,18.849854,0.084677,0.003205,-0.081472,96.215029,0.836694,0.994409,0.157715,18.849783
QAOA,8,64,asap,next_cycle,8,2,2,8,4,5,5,142.0,2.0,98.591549,3.727134,3.985542,0.258408,6.933156,0.051908,0.252053,0.200145,-385.576404,0.465892,0.498193,0.032301,6.933152
QAOA,8,64,asap,next_cycle,8,2,2,8,8,5,5,142.0,2.0,98.591549,6.080586,7.942584,1.861998,30.622016,0.149497,0.0048,-0.144697,96.789233,0.760073,0.992823,0.23275,30.622059
QAOA,8,64,greedy_critical,next_cycle,8,1,1,8,4,5,5,142.0,2.0,98.591549,3.947494,3.991955,0.044461,1.12631,0.01105,0.453125,0.442075,-4000.678733,0.493437,0.498994,0.005557,1.126182
QAOA,8,64,greedy_critical,next_cycle,8,1,1,8,8,5,5,142.0,2.0,98.591549,7.85782,7.968,0.11018,1.40217,0.001605,0.001605,0.0,0.0,0.982227,0.996,0.013773,1.402222
QAOA,8,64,greedy_critical,next_cycle,8,1,2,8,4,5,5,142.0,2.0,98.591549,3.882904,3.988746,0.105842,2.725846,0.027581,0.453574,0.425993,-1544.516152,0.485363,0.498593,0.01323,2.725795
QAOA,8,64,greedy_critical,next_cycle,8,1,2,8,8,5,5,142.0,2.0,98.591549,7.490964,7.955272,0.464308,6.198241,0.00463,0.003205,-0.001425,30.777538,0.93637,0.994409,0.058039,6.198298
QAOA,8,64,greedy_critical,next_cycle,8,2,1,8,4,5,5,142.0,2.0,98.591549,3.882904,3.988746,0.105842,2.725846,0.027581,0.453574,0.425993,-1544.516152,0.485363,0.498593,0.01323,2.725795
QAOA,8,64,greedy_critical,next_cycle,8,2,1,8,8,5,5,142.0,2.0,98.591549,7.490964,7.955272,0.464308,6.198241,0.00463,0.003205,-0.001425,30.777538,0.93637,0.994409,0.058039,6.198298
QAOA,8,64,greedy_critical,next_cycle,8,2,2,8,4,5,5,142.0,2.0,98.591549,3.75,3.985542,0.235542,6.28112,0.048157,0.454023,0.405866,-842.797516,0.46875,0.498193,0.029443,6.281173
QAOA,8,64,greedy_critical,next_cycle,8,2,2,8,8,5,5,142.0,2.0,98.591549,6.788811,7.942584,1.153773,16.995215,0.114685,0.0048,-0.109885,95.814623,0.848601,0.992823,0.144222,16.995266
QAOA,8,64,regime_switch,next_cycle,8,1,1,8,4,5,5,142.0,2.0,98.591549,3.947494,3.991955,0.044461,1.12631,0.01105,0.443282,0.432232,-3911.60181,0.493437,0.498994,0.005557,1.126182
QAOA,8,64,regime_switch,next_cycle,8,1,1,8,8,5,5,142.0,2.0,98.591549,7.227866,7.968,0.740134,10.240007,0.043284,0.001605,-0.041679,96.291932,0.903483,0.996,0.092517,10.240038
QAOA,8,64,regime_switch,next_cycle,8,1,2,8,4,5,5,142.0,2.0,98.591549,3.882904,3.988746,0.105842,2.725846,0.022394,0.443714,0.42132,-1881.396803,0.485363,0.498593,0.01323,2.725795
QAOA,8,64,regime_switch,next_cycle,8,1,2,8,8,5,5,142.0,2.0,98.591549,6.693548,7.955272,1.261724,18.849854,0.084677,0.003205,-0.081472,96.215029,0.836694,0.994409,0.157715,18.849783
QAOA,8,64,regime_switch,next_cycle,8,2,1,8,4,5,5,142.0,2.0,98.591549,3.798122,3.982343,0.184221,4.850318,0.027356,0.0056,-0.021756,79.529171,0.474765,0.497793,0.023028,4.8504
QAOA,8,64,regime_switch,next_cycle,8,2,1,8,8,5,5,142.0,2.0,98.591549,7.479699,7.955272,0.475573,6.358184,0.00463,0.003205,-0.001425,30.777538,0.934962,0.994409,0.059447,6.358226
QAOA,8,64,regime_switch,next_cycle,8,2,2,8,4,5,5,142.0,2.0,98.591549,3.710167,3.9696,0.259433,6.992488,0.042191,0.008772,-0.033419,79.208836,0.463771,0.4962,0.032429,6.99246
QAOA,8,64,regime_switch,next_cycle,8,2,2,8,8,5,5,142.0,2.0,98.591549,6.769874,7.942584,1.17271,17.322479,0.106849,0.0048,-0.102049,95.507679,0.846234,0.992823,0.146589,17.322514
QAOA,8,64,shifted_critical,next_cycle,8,1,1,8,4,5,5,142.0,2.0,98.591549,3.947494,3.991955,0.044461,1.12631,0.01105,0.443282,0.432232,-3911.60181,0.493437,0.498994,0.005557,1.126182
QAOA,8,64,shifted_critical,next_cycle,8,1,1,8,8,5,5,142.0,2.0,98.591549,7.85782,7.968,0.11018,1.40217,0.001605,0.001605,0.0,0.0,0.982227,0.996,0.013773,1.402222
QAOA,8,64,shifted_critical,next_cycle,8,1,2,8,4,5,5,142.0,2.0,98.591549,3.882904,3.988746,0.105842,2.725846,0.022394,0.443714,0.42132,-1881.396803,0.485363,0.498593,0.01323,2.725795
QAOA,8,64,shifted_critical,next_cycle,8,1,2,8,8,5,5,142.0,2.0,98.591549,7.490964,7.955272,0.464308,6.198241,0.00463,0.003205,-0.001425,30.777538,0.93637,0.994409,0.058039,6.198298
QAOA,8,64,shifted_critical,next_cycle,8,2,1,8,4,5,5,142.0,2.0,98.591549,3.882904,3.988746,0.105842,2.725846,0.022394,0.443714,0.42132,-1881.396803,0.485363,0.498593,0.01323,2.725795
QAOA,8,64,shifted_critical,next_cycle,8,2,1,8,8,5,5,142.0,2.0,98.591549,7.490964,7.955272,0.464308,6.198241,0.00463,0.003205,-0.001425,30.777538,0.93637,0.994409,0.058039,6.198298
QAOA,8,64,shifted_critical,next_cycle,8,2,2,8,4,5,5,142.0,2.0,98.591549,3.75,3.985542,0.235542,6.28112,0.046617,0.444992,0.398375,-854.570221,0.46875,0.498193,0.029443,6.281173
QAOA,8,64,shifted_critical,next_cycle,8,2,2,8,8,5,5,142.0,2.0,98.591549,6.788811,7.942584,1.153773,16.995215,0.114685,0.0048,-0.109885,95.814623,0.848601,0.992823,0.144222,16.995266
QAOA,8,64,stall_aware_shifted,next_cycle,8,1,1,8,4,5,5,142.0,2.0,98.591549,3.931854,3.988581,0.056727,1.442754,0.008907,0.000816,-0.008091,90.838666,0.491482,0.498573,0.007091,1.442779
QAOA,8,64,stall_aware_shifted,next_cycle,8,1,1,8,8,5,5,142.0,2.0,98.591549,7.138686,7.942584,0.803898,11.261148,0.035562,0.0032,-0.032362,91.001631,0.892336,0.992823,0.100487,11.261117
QAOA,8,64,stall_aware_shifted,next_cycle,8,1,2,8,4,5,5,142.0,2.0,98.591549,3.853428,3.97561,0.122182,3.170735,0.017121,0.005587,-0.011534,67.36756,0.481678,0.496951,0.015273,3.17079
QAOA,8,64,stall_aware_shifted,next_cycle,8,1,2,8,8,5,5,142.0,2.0,98.591549,6.434211,7.892235,1.458024,22.660494,0.100248,0.007949,-0.092299,92.070665,0.804276,0.986529,0.182253,22.660505
QAOA,8,64,stall_aware_shifted,next_cycle,8,2,1,8,4,5,5,142.0,2.0,98.591549,3.81904,3.97561,0.15657,4.099721,0.028794,0.005587,-0.023207,80.596652,0.47738,0.496951,0.019571,4.099669
QAOA,8,64,stall_aware_shifted,next_cycle,8,2,1,8,8,5,5,142.0,2.0,98.591549,6.526868,7.892235,1.365367,20.919176,0.088689,0.007949,-0.08074,91.03722,0.815858,0.986529,0.170671,20.919204
QAOA,8,64,stall_aware_shifted,next_cycle,8,2,2,8,4,5,5,142.0,2.0,98.591549,3.630657,3.977636,0.346979,9.55692,0.050439,0.003994,-0.046445,92.081524,0.453832,0.497204,0.043372,9.55684
QAOA,8,64,stall_aware_shifted,next_cycle,8,2,2,8,8,5,5,142.0,2.0,98.591549,5.933985,7.84252,1.908535,32.162788,0.177262,0.015823,-0.161439,91.073665,0.741748,0.980315,0.238567,32.16281
QFT,4,16,asap,next_cycle,8,1,1,8,4,5,5,77.0,7.0,90.909091,3.530086,3.948718,0.418632,11.858975,0.04298,0.437299,0.394319,-917.44765,0.441261,0.49359,0.052329,11.858968
QFT,4,16,asap,next_cycle,8,1,1,8,8,5,5,77.0,7.0,90.909091,5.069959,7.652174,2.582215,50.931674,0.205761,0.012422,-0.193339,93.962899,0.633745,0.956522,0.322777,50.931684
QFT,4,16,asap,next_cycle,8,1,2,8,4,5,5,77.0,7.0,90.909091,3.2,3.923567,0.723567,22.611469,0.098958,0.43949,0.340532,-344.117707,0.4,0.490446,0.090446,22.6115
QFT,4,16,asap,next_cycle,8,1,2,8,8,5,5,77.0,7.0,90.909091,3.898734,7.421687,3.522953,90.361461,0.338608,0.036145,-0.302463,89.325415,0.487342,0.927711,0.440369,90.361389
QFT,4,16,asap,next_cycle,8,2,1,8,4,5,5,77.0,7.0,90.909091,3.2,3.923567,0.723567,22.611469,0.098958,0.43949,0.340532,-344.117707,0.4,0.490446,0.090446,22.6115
QFT,4,16,asap,next_cycle,8,2,1,8,8,5,5,77.0,7.0,90.909091,3.898734,7.421687,3.522953,90.361461,0.338608,0.036145,-0.302463,89.325415,0.487342,0.927711,0.440369,90.361389
QFT,4,16,asap,next_cycle,8,2,2,8,4,5,5,77.0,7.0,90.909091,2.858469,3.874214,1.015745,35.534582,0.212963,0.442006,0.229043,-107.550607,0.357309,0.484277,0.126968,35.534509
QFT,4,16,asap,next_cycle,8,2,2,8,8,5,5,77.0,7.0,90.909091,3.126904,7.162791,4.035887,129.069744,0.459391,0.052941,-0.40645,88.47583,0.390863,0.895349,0.504486,129.069776
QFT,4,16,greedy_critical,next_cycle,8,1,1,8,4,5,5,77.0,7.0,90.909091,3.560694,3.961415,0.400721,11.254014,0.054913,0.44373,0.388817,-708.060022,0.445087,0.495177,0.05009,11.25398
QFT,4,16,greedy_critical,next_cycle,8,1,1,8,8,5,5,77.0,7.0,90.909091,5.220339,7.897436,2.677097,51.282053,0.220339,0.00641,-0.213929,97.090846,0.652542,0.987179,0.334637,51.282063
QFT,4,16,greedy_critical,next_cycle,8,1,2,8,4,5,5,77.0,7.0,90.909091,3.242105,3.936102,0.693997,21.405753,0.094488,0.440895,0.346407,-366.614808,0.405263,0.492013,0.08675,21.405852
QFT,4,16,greedy_critical,next_cycle,8,1,2,8,8,5,5,77.0,7.0,90.909091,3.923567,7.847134,3.923567,100.0,0.353503,0.012739,-0.340764,96.396353,0.490446,0.980892,0.490446,100.0
QFT,4,16,greedy_critical,next_cycle,8,2,1,8,4,5,5,77.0,7.0,90.909091,3.242105,3.936102,0.693997,21.405753,0.094488,0.440895,0.346407,-366.614808,0.405263,0.492013,0.08675,21.405852
QFT,4,16,greedy_critical,next_cycle,8,2,1,8,8,5,5,77.0,7.0,90.909091,3.923567,7.847134,3.923567,100.0,0.353503,0.012739,-0.340764,96.396353,0.490446,0.980892,0.490446,100.0
QFT,4,16,greedy_critical,next_cycle,8,2,2,8,4,5,5,77.0,7.0,90.909091,2.885246,3.911111,1.025865,35.555547,0.203747,0.44127,0.237523,-116.577422,0.360656,0.488889,0.128233,35.555488
QFT,4,16,greedy_critical,next_cycle,8,2,2,8,8,5,5,77.0,7.0,90.909091,3.142857,7.748428,4.605571,146.540902,0.482143,0.018868,-0.463275,96.086638,0.392857,0.968553,0.575696,146.540853
QFT,4,16,regime_switch,next_cycle,8,1,1,8,4,5,5,77.0,7.0,90.909091,3.571014,3.961415,0.390401,10.932497,0.054913,0.44373,0.388817,-708.060022,0.446377,0.495177,0.0488,10.932463
QFT,4,16,regime_switch,next_cycle,8,1,1,8,8,5,5,77.0,7.0,90.909091,5.069959,7.652174,2.582215,50.931674,0.205761,0.012422,-0.193339,93.962899,0.633745,0.956522,0.322777,50.931684
QFT,4,16,regime_switch,next_cycle,8,1,2,8,4,5,5,77.0,7.0,90.909091,3.25066,3.936102,0.685442,21.086241,0.095238,0.440895,0.345657,-362.940213,0.406332,0.492013,0.085681,21.086451
QFT,4,16,regime_switch,next_cycle,8,1,2,8,8,5,5,77.0,7.0,90.909091,3.898734,7.421687,3.522953,90.361461,0.338608,0.036145,-0.302463,89.325415,0.487342,0.927711,0.440369,90.361389
QFT,4,16,regime_switch,next_cycle,8,2,1,8,4,5,5,77.0,7.0,90.909091,3.158974,3.898734,0.73976,23.41773,0.121447,0.025316,-0.096131,79.154693,0.394872,0.487342,0.09247,23.417715
QFT,4,16,regime_switch,next_cycle,8,2,1,8,8,5,5,77.0,7.0,90.909091,3.911111,7.847134,3.936023,100.636955,0.335443,0.012739,-0.322704,96.202335,0.488889,0.980892,0.492003,100.636954
QFT,4,16,regime_switch,next_cycle,8,2,2,8,4,5,5,77.0,7.0,90.909091,2.819222,3.862069,1.042847,36.990595,0.214286,0.040752,-0.173534,80.982425,0.352403,0.482759,0.130356,36.990605
QFT,4,16,regime_switch,next_cycle,8,2,2,8,8,5,5,77.0,7.0,90.909091,3.13486,7.748428,4.613568,147.169826,0.461929,0.018868,-0.443061,95.91539,0.391858,0.968553,0.576695,147.169383
QFT,4,16,shifted_critical,next_cycle,8,1,1,8,4,5,5,77.0,7.0,90.909091,3.571014,3.961415,0.390401,10.932497,0.054913,0.44373,0.388817,-708.060022,0.446377,0.495177,0.0488,10.932463
QFT,4,16,shifted_critical,next_cycle,8,1,1,8,8,5,5,77.0,7.0,90.909091,5.242553,7.897436,2.654883,50.641033,0.217021,0.00641,-0.210611,97.046369,0.655319,0.987179,0.33186,50.640986
QFT,4,16,shifted_critical,next_cycle,8,1,2,8,4,5,5,77.0,7.0,90.909091,3.25066,3.936102,0.685442,21.086241,0.095238,0.440895,0.345657,-362.940213,0.406332,0.492013,0.085681,21.086451
QFT,4,16,shifted_critical,next_cycle,8,1,2,8,8,5,5,77.0,7.0,90.909091,3.936102,7.847134,3.911032,99.363075,0.357827,0.012739,-0.345088,96.4399,0.492013,0.980892,0.488879,99.363025
QFT,4,16,shifted_critical,next_cycle,8,2,1,8,4,5,5,77.0,7.0,90.909091,3.25066,3.936102,0.685442,21.086241,0.095238,0.440895,0.345657,-362.940213,0.406332,0.492013,0.085681,21.086451
QFT,4,16,shifted_critical,next_cycle,8,2,1,8,8,5,5,77.0,7.0,90.909091,3.936102,7.847134,3.911032,99.363075,0.357827,0.012739,-0.345088,96.4399,0.492013,0.980892,0.488879,99.363025
QFT,4,16,shifted_critical,next_cycle,8,2,2,8,4,5,5,77.0,7.0,90.909091,2.885246,3.911111,1.025865,35.555547,0.203747,0.44127,0.237523,-116.577422,0.360656,0.488889,0.128233,35.555488
QFT,4,16,shifted_critical,next_cycle,8,2,2,8,8,5,5,77.0,7.0,90.909091,3.150895,7.748428,4.597533,145.911971,0.485934,0.018868,-0.467066,96.117168,0.393862,0.968553,0.574691,145.911766
QFT,4,16,stall_aware_shifted,next_cycle,8,1,1,8,4,5,5,77.0,7.0,90.909091,3.5,3.886435,0.386435,11.041,0.071429,0.025237,-0.046192,64.668412,0.4375,0.485804,0.048304,11.040914
QFT,4,16,stall_aware_shifted,next_cycle,8,1,1,8,8,5,5,77.0,7.0,90.909091,4.987854,7.512195,2.524341,50.609761,0.214575,0.03012,-0.184455,85.96295,0.623482,0.939024,0.315542,50.609641
QFT,4,16,stall_aware_shifted,next_cycle,8,1,2,8,4,5,5,77.0,7.0,90.909091,3.142857,3.874214,0.731357,23.270451,0.127551,0.031447,-0.096104,75.345548,0.392857,0.484277,0.09142,23.270554
QFT,4,16,stall_aware_shifted,next_cycle,8,1,2,8,8,5,5,77.0,7.0,90.909091,3.911111,7.333333,3.422222,87.499997,0.355556,0.053571,-0.301985,84.933175,0.488889,0.916667,0.427778,87.500026
QFT,4,16,stall_aware_shifted,next_cycle,8,2,1,8,4,5,5,77.0,7.0,90.909091,3.08,3.874214,0.794214,25.786169,0.1325,0.031447,-0.101053,76.266415,0.385,0.484277,0.099277,25.786234
QFT,4,16,stall_aware_shifted,next_cycle,8,2,1,8,8,5,5,77.0,7.0,90.909091,3.911111,7.333333,3.422222,87.499997,0.355556,0.053571,-0.301985,84.933175,0.488889,0.916667,0.427778,87.500026
QFT,4,16,stall_aware_shifted,next_cycle,8,2,2,8,4,5,5,77.0,7.0,90.909091,2.774775,3.862069,1.087294,39.184943,0.210762,0.025078,-0.185684,88.101271,0.346847,0.482759,0.135912,39.185001
QFT,4,16,stall_aware_shifted,next_cycle,8,2,2,8,8,5,5,77.0,7.0,90.909091,3.13486,7.121387,3.986527,127.167625,0.483461,0.080925,-0.402536,83.261318,0.391858,0.890173,0.498315,127.167239
QFT,6,36,asap,next_cycle,8,1,1,8,4,5,5,177.0,17.0,90.39548,3.899633,3.987484,0.087851,2.252802,0.015912,0.354415,0.338503,-2127.344143,0.487454,0.498436,0.010982,2.252931
QFT,6,36,asap,next_cycle,8,1,1,8,8,5,5,177.0,17.0,90.39548,7.208145,7.925373,0.717228,9.950244,0.058824,0.002484,-0.05634,95.777234,0.901018,0.990672,0.089654,9.950301
QFT,6,36,asap,next_cycle,8,1,2,8,4,5,5,177.0,17.0,90.39548,3.817855,3.980012,0.162157,4.247333,0.031156,0.355,0.323844,-1039.427398,0.477232,0.497502,0.02027,4.24741
QFT,6,36,asap,next_cycle,8,1,2,8,8,5,5,177.0,17.0,90.39548,6.679245,7.856967,1.177722,17.632562,0.10808,0.008631,-0.099449,92.014249,0.834906,0.982121,0.147215,17.632524
QFT,6,36,asap,next_cycle,8,2,1,8,4,5,5,177.0,17.0,90.39548,3.817855,3.980012,0.162157,4.247333,0.031156,0.355,0.323844,-1039.427398,0.477232,0.497502,0.02027,4.24741
QFT,6,36,asap,next_cycle,8,2,1,8,8,5,5,177.0,17.0,90.39548,6.679245,7.856967,1.177722,17.632562,0.10808,0.008631,-0.099449,92.014249,0.834906,0.982121,0.147215,17.632524
QFT,6,36,asap,next_cycle,8,2,2,8,4,5,5,177.0,17.0,90.39548,3.715452,3.970093,0.254641,6.853567,0.051312,0.354738,0.303426,-591.33536,0.464431,0.496262,0.031831,6.853763
QFT,6,36,asap,next_cycle,8,2,2,8,8,5,5,177.0,17.0,90.39548,6.097608,7.789731,1.692123,27.750603,0.169378,0.017073,-0.152305,89.920179,0.762201,0.973716,0.211515,27.750554
QFT,6,36,greedy_critical,next_cycle,8,1,1,8,4,5,5,177.0,17.0,90.39548,3.909202,3.989981,0.080779,2.066381,0.01227,0.433312,0.421042,-3431.475143,0.48865,0.498748,0.010098,2.06651
QFT,6,36,greedy_critical,next_cycle,8,1,1,8,8,5,5,177.0,17.0,90.39548,7.400697,7.974969,0.574272,7.759702,0.034843,0.001252,-0.033591,96.406739,0.925087,0.996871,0.071784,7.759703
QFT,6,36,greedy_critical,next_cycle,8,1,2,8,4,5,5,177.0,17.0,90.39548,3.829327,3.984991,0.155664,4.065049,0.024053,0.434647,0.410594,-1707.038623,0.478666,0.498124,0.019458,4.065047
QFT,6,36,greedy_critical,next_cycle,8,1,2,8,8,5,5,177.0,17.0,90.39548,6.941176,7.965,1.023824,14.750008,0.081699,0.0025,-0.079199,96.939987,0.867647,0.995625,0.127978,14.750008
QFT,6,36,greedy_critical,next_cycle,8,2,1,8,4,5,5,177.0,17.0,90.39548,3.829327,3.984991,0.155664,4.065049,0.024053,0.434647,0.410594,-1707.038623,0.478666,0.498124,0.019458,4.065047
QFT,6,36,greedy_critical,next_cycle,8,2,1,8,8,5,5,177.0,17.0,90.39548,6.941176,7.965,1.023824,14.750008,0.081699,0.0025,-0.079199,96.939987,0.867647,0.995625,0.127978,14.750008
QFT,6,36,greedy_critical,next_cycle,8,2,2,8,4,5,5,177.0,17.0,90.39548,3.726316,3.977528,0.251212,6.741565,0.053185,0.433833,0.380648,-715.705556,0.465789,0.497191,0.031402,6.741679
QFT,6,36,greedy_critical,next_cycle,8,2,2,8,8,5,5,177.0,17.0,90.39548,6.423387,7.955056,1.531669,23.845193,0.139113,0.003745,-0.135368,97.307944,0.802923,0.994382,0.191459,23.84525
QFT,6,36,regime_switch,next_cycle,8,1,1,8,4,5,5,177.0,17.0,90.39548,3.909202,3.989981,0.080779,2.066381,0.012891,0.433939,0.421048,-3266.21674,0.48865,0.498748,0.010098,2.06651
QFT,6,36,regime_switch,next_cycle,8,1,1,8,8,5,5,177.0,17.0,90.39548,7.208145,7.925373,0.717228,9.950244,0.058824,0.002484,-0.05634,95.777234,0.901018,0.990672,0.089654,9.950301
QFT,6,36,regime_switch,next_cycle,8,1,2,8,4,5,5,177.0,17.0,90.39548,3.829327,3.984991,0.155664,4.065049,0.024053,0.434647,0.410594,-1707.038623,0.478666,0.498124,0.019458,4.065047
QFT,6,36,regime_switch,next_cycle,8,1,2,8,8,5,5,177.0,17.0,90.39548,6.679245,7.856967,1.177722,17.632562,0.10808,0.008631,-0.099449,92.014249,0.834906,0.982121,0.147215,17.632524
QFT,6,36,regime_switch,next_cycle,8,2,1,8,4,5,5,177.0,17.0,90.39548,3.82473,3.952854,0.128124,3.349884,0.025904,0.016129,-0.009775,37.735485,0.478091,0.494107,0.016016,3.34999
QFT,6,36,regime_switch,next_cycle,8,2,1,8,8,5,5,177.0,17.0,90.39548,6.941176,7.965,1.023824,14.750008,0.094771,0.0025,-0.092271,97.362062,0.867647,0.995625,0.127978,14.750008
QFT,6,36,regime_switch,next_cycle,8,2,2,8,4,5,5,177.0,17.0,90.39548,3.71979,3.926063,0.206273,5.545286,0.047869,0.023413,-0.024456,51.089432,0.464974,0.490758,0.025784,5.545256
QFT,6,36,regime_switch,next_cycle,8,2,2,8,8,5,5,177.0,17.0,90.39548,6.423387,7.955056,1.531669,23.845193,0.15121,0.003745,-0.147465,97.523312,0.802923,0.994382,0.191459,23.84525
QFT,6,36,shifted_critical,next_cycle,8,1,1,8,4,5,5,177.0,17.0,90.39548,3.909202,3.989981,0.080779,2.066381,0.012891,0.433939,0.421048,-3266.21674,0.48865,0.498748,0.010098,2.06651
QFT,6,36,shifted_critical,next_cycle,8,1,1,8,8,5,5,177.0,17.0,90.39548,7.400697,7.974969,0.574272,7.759702,0.034843,0.001252,-0.033591,96.406739,0.925087,0.996871,0.071784,7.759703
QFT,6,36,shifted_critical,next_cycle,8,1,2,8,4,5,5,177.0,17.0,90.39548,3.829327,3.984991,0.155664,4.065049,0.024053,0.434647,0.410594,-1707.038623,0.478666,0.498124,0.019458,4.065047
QFT,6,36,shifted_critical,next_cycle,8,1,2,8,8,5,5,177.0,17.0,90.39548,6.941176,7.965,1.023824,14.750008,0.084967,0.0025,-0.082467,97.057681,0.867647,0.995625,0.127978,14.750008
QFT,6,36,shifted_critical,next_cycle,8,2,1,8,4,5,5,177.0,17.0,90.39548,3.829327,3.984991,0.155664,4.065049,0.024053,0.434647,0.410594,-1707.038623,0.478666,0.498124,0.019458,4.065047
QFT,6,36,shifted_critical,next_cycle,8,2,1,8,8,5,5,177.0,17.0,90.39548,6.941176,7.965,1.023824,14.750008,0.084967,0.0025,-0.082467,97.057681,0.867647,0.995625,0.127978,14.750008
QFT,6,36,shifted_critical,next_cycle,8,2,2,8,4,5,5,177.0,17.0,90.39548,3.726316,3.977528,0.251212,6.741565,0.052077,0.433833,0.381756,-733.06066,0.465789,0.497191,0.031402,6.741679
QFT,6,36,shifted_critical,next_cycle,8,2,2,8,8,5,5,177.0,17.0,90.39548,6.429869,7.955056,1.525187,23.720343,0.144299,0.003745,-0.140554,97.404694,0.803734,0.994382,0.190648,23.720286
QFT,6,36,stall_aware_shifted,next_cycle,8,1,1,8,4,5,5,177.0,17.0,90.39548,3.902021,3.955307,0.053286,1.3656,0.01041,0.011794,0.001384,-13.294909,0.487753,0.494413,0.00666,1.365445
QFT,6,36,stall_aware_shifted,next_cycle,8,1,1,8,8,5,5,177.0,17.0,90.39548,7.191874,7.799266,0.607392,8.445532,0.042889,0.017136,-0.025753,60.045699,0.898984,0.974908,0.075924,8.445534
QFT,6,36,stall_aware_shifted,next_cycle,8,1,2,8,4,5,5,177.0,17.0,90.39548,3.813285,3.940631,0.127346,3.339535,0.02512,0.016698,-0.008422,33.52707,0.476661,0.492579,0.015918,3.33948
QFT,6,36,stall_aware_shifted,next_cycle,8,1,2,8,8,5,5,177.0,17.0,90.39548,6.603109,7.751825,1.148716,17.396593,0.095933,0.023002,-0.072931,76.022849,0.825389,0.968978,0.143589,17.396525
QFT,6,36,stall_aware_shifted,next_cycle,8,2,1,8,4,5,5,177.0,17.0,90.39548,3.804179,3.940631,0.136452,3.586897,0.023966,0.016079,-0.007887,32.909121,0.475522,0.492579,0.017057,3.587005
QFT,6,36,stall_aware_shifted,next_cycle,8,2,1,8,8,5,5,177.0,17.0,90.39548,6.603109,7.73301,1.129901,17.111651,0.103413,0.024272,-0.079141,76.529063,0.825389,0.966626,0.141237,17.111568
QFT,6,36,stall_aware_shifted,next_cycle,8,2,2,8,4,5,5,177.0,17.0,90.39548,3.706806,3.921231,0.214425,5.78463,0.044212,0.020295,-0.023917,54.096173,0.463351,0.490154,0.026803,5.7846
QFT,6,36,stall_aware_shifted,next_cycle,8,2,2,8,8,5,5,177.0,17.0,90.39548,5.983099,7.640288,1.657189,27.697837,0.161502,0.032491,-0.129011,79.881983,0.747887,0.955036,0.207149,27.697901
VQE,4,16,asap,next_cycle,8,1,1,8,4,5,5,15.0,1.0,93.333333,3.413333,3.878788,0.465455,13.636378,0.066667,0.348485,0.281818,-422.724886,0.426667,0.484848,0.058181,13.636161
VQE,4,16,asap,next_cycle,8,1,1,8,8,5,5,15.0,1.0,93.333333,5.019608,7.314286,2.294678,45.714287,0.098039,0.028571,-0.069468,70.857516,0.627451,0.914286,0.286835,45.714327
VQE,4,16,asap,next_cycle,8,1,2,8,4,5,5,15.0,1.0,93.333333,3.084337,3.820896,0.736559,23.880627,0.108434,0.358209,0.249775,-230.347492,0.385542,0.477612,0.09207,23.880667
VQE,4,16,asap,next_cycle,8,1,2,8,8,5,5,15.0,1.0,93.333333,3.820896,6.918919,3.098023,81.081061,0.38806,0.054054,-0.334006,86.070711,0.477612,0.864865,0.387253,81.081087
VQE,4,16,asap,next_cycle,8,2,1,8,4,5,5,15.0,1.0,93.333333,3.084337,3.820896,0.736559,23.880627,0.108434,0.358209,0.249775,-230.347492,0.385542,0.477612,0.09207,23.880667
VQE,4,16,asap,next_cycle,8,2,1,8,8,5,5,15.0,1.0,93.333333,3.820896,6.918919,3.098023,81.081061,0.38806,0.054054,-0.334006,86.070711,0.477612,0.864865,0.387253,81.081087
VQE,4,16,asap,next_cycle,8,2,2,8,4,5,5,15.0,1.0,93.333333,2.752688,3.710145,0.957457,34.78262,0.193548,0.376812,0.183264,-94.686589,0.344086,0.463768,0.119682,34.782583
VQE,4,16,asap,next_cycle,8,2,2,8,8,5,5,15.0,1.0,93.333333,3.084337,6.564103,3.479766,112.820551,0.506024,0.076923,-0.429101,84.798547,0.385542,0.820513,0.434971,112.820652
VQE,4,16,greedy_critical,next_cycle,8,1,1,8,4,5,5,15.0,1.0,93.333333,3.605634,3.878788,0.273154,7.575755,0.042254,0.348485,0.306231,-724.738486,0.450704,0.484848,0.034144,7.575704
VQE,4,16,greedy_critical,next_cycle,8,1,1,8,8,5,5,15.0,1.0,93.333333,5.333333,7.314286,1.980953,37.142871,0.020833,0.028571,0.007738,-37.142994,0.666667,0.914286,0.247619,37.142831
VQE,4,16,greedy_critical,next_cycle,8,1,2,8,4,5,5,15.0,1.0,93.333333,3.240506,3.820896,0.58039,17.910474,0.088608,0.358209,0.269601,-304.262595,0.405063,0.477612,0.072549,17.910547
VQE,4,16,greedy_critical,next_cycle,8,1,2,8,8,5,5,15.0,1.0,93.333333,4.0,6.918919,2.918919,72.972975,0.15625,0.054054,-0.102196,65.40544,0.5,0.864865,0.364865,72.973
VQE,4,16,greedy_critical,next_cycle,8,2,1,8,4,5,5,15.0,1.0,93.333333,3.240506,3.820896,0.58039,17.910474,0.088608,0.358209,0.269601,-304.262595,0.405063,0.477612,0.072549,17.910547
VQE,4,16,greedy_critical,next_cycle,8,2,1,8,8,5,5,15.0,1.0,93.333333,4.0,6.918919,2.918919,72.972975,0.15625,0.054054,-0.102196,65.40544,0.5,0.864865,0.364865,72.973
VQE,4,16,greedy_critical,next_cycle,8,2,2,8,4,5,5,15.0,1.0,93.333333,2.909091,3.710145,0.801054,27.53623,0.102273,0.376812,0.274539,-268.437418,0.363636,0.463768,0.100132,27.536328
VQE,4,16,greedy_critical,next_cycle,8,2,2,8,8,5,5,15.0,1.0,93.333333,3.2,6.564103,3.364103,105.128219,0.325,0.076923,-0.248077,76.331385,0.4,0.820513,0.420513,105.12825
VQE,4,16,regime_switch,next_cycle,8,1,1,8,4,5,5,15.0,1.0,93.333333,3.605634,3.878788,0.273154,7.575755,0.042254,0.348485,0.306231,-724.738486,0.450704,0.484848,0.034144,7.575704
VQE,4,16,regime_switch,next_cycle,8,1,1,8,8,5,5,15.0,1.0,93.333333,5.019608,7.314286,2.294678,45.714287,0.098039,0.028571,-0.069468,70.857516,0.627451,0.914286,0.286835,45.714327
VQE,4,16,regime_switch,next_cycle,8,1,2,8,4,5,5,15.0,1.0,93.333333,3.240506,3.820896,0.58039,17.910474,0.088608,0.358209,0.269601,-304.262595,0.405063,0.477612,0.072549,17.910547
VQE,4,16,regime_switch,next_cycle,8,1,2,8,8,5,5,15.0,1.0,93.333333,3.820896,6.918919,3.098023,81.081061,0.38806,0.054054,-0.334006,86.070711,0.477612,0.864865,0.387253,81.081087
VQE,4,16,regime_switch,next_cycle,8,2,1,8,4,5,5,15.0,1.0,93.333333,3.240506,3.820896,0.58039,17.910474,0.050633,0.029851,-0.020782,41.044378,0.405063,0.477612,0.072549,17.910547
VQE,4,16,regime_switch,next_cycle,8,2,1,8,8,5,5,15.0,1.0,93.333333,3.878788,6.918919,3.040131,78.378375,0.333333,0.054054,-0.279279,83.783784,0.484848,0.864865,0.380017,78.378585
VQE,4,16,regime_switch,next_cycle,8,2,2,8,4,5,5,15.0,1.0,93.333333,2.909091,3.710145,0.801054,27.53623,0.090909,0.057971,-0.032938,36.231836,0.363636,0.463768,0.100132,27.536328
VQE,4,16,regime_switch,next_cycle,8,2,2,8,8,5,5,15.0,1.0,93.333333,3.121951,6.564103,3.442152,110.256439,0.463415,0.076923,-0.386492,83.400839,0.390244,0.820513,0.430269,110.256404
VQE,4,16,shifted_critical,next_cycle,8,1,1,8,4,5,5,15.0,1.0,93.333333,3.605634,3.878788,0.273154,7.575755,0.042254,0.348485,0.306231,-724.738486,0.450704,0.484848,0.034144,7.575704
VQE,4,16,shifted_critical,next_cycle,8,1,1,8,8,5,5,15.0,1.0,93.333333,5.333333,7.314286,1.980953,37.142871,0.041667,0.028571,-0.013096,31.430149,0.666667,0.914286,0.247619,37.142831
VQE,4,16,shifted_critical,next_cycle,8,1,2,8,4,5,5,15.0,1.0,93.333333,3.240506,3.820896,0.58039,17.910474,0.088608,0.358209,0.269601,-304.262595,0.405063,0.477612,0.072549,17.910547
VQE,4,16,shifted_critical,next_cycle,8,1,2,8,8,5,5,15.0,1.0,93.333333,4.0,6.918919,2.918919,72.972975,0.171875,0.054054,-0.117821,68.5504,0.5,0.864865,0.364865,72.973
VQE,4,16,shifted_critical,next_cycle,8,2,1,8,4,5,5,15.0,1.0,93.333333,3.240506,3.820896,0.58039,17.910474,0.088608,0.358209,0.269601,-304.262595,0.405063,0.477612,0.072549,17.910547
VQE,4,16,shifted_critical,next_cycle,8,2,1,8,8,5,5,15.0,1.0,93.333333,4.0,6.918919,2.918919,72.972975,0.171875,0.054054,-0.117821,68.5504,0.5,0.864865,0.364865,72.973
VQE,4,16,shifted_critical,next_cycle,8,2,2,8,4,5,5,15.0,1.0,93.333333,2.909091,3.710145,0.801054,27.53623,0.170455,0.376812,0.206357,-121.062451,0.363636,0.463768,0.100132,27.536328
VQE,4,16,shifted_critical,next_cycle,8,2,2,8,8,5,5,15.0,1.0,93.333333,3.2,6.564103,3.364103,105.128219,0.3375,0.076923,-0.260577,77.208,0.4,0.820513,0.420513,105.12825
VQE,4,16,stall_aware_shifted,next_cycle,8,1,1,8,4,5,5,15.0,1.0,93.333333,3.764706,3.878788,0.114082,3.030303,0.044118,0.030303,-0.013815,31.313749,0.470588,0.484848,0.01426,3.030252
VQE,4,16,stall_aware_shifted,next_cycle,8,1,1,8,8,5,5,15.0,1.0,93.333333,5.333333,7.314286,1.980953,37.142871,0.041667,0.028571,-0.013096,31.430149,0.666667,0.914286,0.247619,37.142831
VQE,4,16,stall_aware_shifted,next_cycle,8,1,2,8,4,5,5,15.0,1.0,93.333333,3.413333,3.820896,0.407563,11.940323,0.08,0.029851,-0.050149,62.68625,0.426667,0.477612,0.050945,11.940225
VQE,4,16,stall_aware_shifted,next_cycle,8,1,2,8,8,5,5,15.0,1.0,93.333333,4.0,6.918919,2.918919,72.972975,0.15625,0.054054,-0.102196,65.40544,0.5,0.864865,0.364865,72.973
VQE,4,16,stall_aware_shifted,next_cycle,8,2,1,8,4,5,5,15.0,1.0,93.333333,3.413333,3.820896,0.407563,11.940323,0.08,0.029851,-0.050149,62.68625,0.426667,0.477612,0.050945,11.940225
VQE,4,16,stall_aware_shifted,next_cycle,8,2,1,8,8,5,5,15.0,1.0,93.333333,4.0,6.918919,2.918919,72.972975,0.15625,0.054054,-0.102196,65.40544,0.5,0.864865,0.364865,72.973
VQE,4,16,stall_aware_shifted,next_cycle,8,2,2,8,4,5,5,15.0,1.0,93.333333,2.942529,3.710145,0.767616,26.086948,0.091954,0.043478,-0.048476,52.717663,0.367816,0.463768,0.095952,26.086957
VQE,4,16,stall_aware_shifted,next_cycle,8,2,2,8,8,5,5,15.0,1.0,93.333333,3.2,6.564103,3.364103,105.128219,0.325,0.076923,-0.248077,76.331385,0.4,0.820513,0.420513,105.12825
VQE,6,36,asap,next_cycle,8,1,1,8,4,5,5,35.0,1.0,97.142857,3.868657,3.97546,0.106803,2.760725,0.014925,0.432515,0.41759,-2797.922948,0.483582,0.496933,0.013351,2.760855
VQE,6,36,asap,next_cycle,8,1,1,8,8,5,5,35.0,1.0,97.142857,7.160221,7.902439,0.742218,10.365853,0.022099,0.006098,-0.016001,72.405991,0.895028,0.987805,0.092777,10.365821
VQE,6,36,asap,next_cycle,8,1,2,8,4,5,5,35.0,1.0,97.142857,3.778426,3.963303,0.184877,4.892963,0.026239,0.434251,0.408012,-1554.983041,0.472303,0.495413,0.02311,4.893045
VQE,6,36,asap,next_cycle,8,1,2,8,8,5,5,35.0,1.0,97.142857,6.646154,7.854545,1.208391,18.181809,0.082051,0.012121,-0.06993,85.22748,0.830769,0.981818,0.151049,18.181829
VQE,6,36,asap,next_cycle,8,2,1,8,4,5,5,35.0,1.0,97.142857,3.778426,3.963303,0.184877,4.892963,0.026239,0.434251,0.408012,-1554.983041,0.472303,0.495413,0.02311,4.893045
VQE,6,36,asap,next_cycle,8,2,1,8,8,5,5,35.0,1.0,97.142857,6.646154,7.854545,1.208391,18.181809,0.082051,0.012121,-0.06993,85.22748,0.830769,0.981818,0.151049,18.181829
VQE,6,36,asap,next_cycle,8,2,2,8,4,5,5,35.0,1.0,97.142857,3.671388,3.95122,0.279832,7.621967,0.050992,0.435976,0.384984,-754.989018,0.458924,0.493902,0.034978,7.621741
VQE,6,36,asap,next_cycle,8,2,2,8,8,5,5,35.0,1.0,97.142857,6.056075,7.760479,1.704404,28.143707,0.11215,0.017964,-0.094186,83.982167,0.757009,0.97006,0.213051,28.143787
VQE,6,36,greedy_critical,next_cycle,8,1,1,8,4,5,5,35.0,1.0,97.142857,3.927273,3.97546,0.048187,1.226984,0.009091,0.432515,0.423424,-4657.617424,0.490909,0.496933,0.006024,1.227111
VQE,6,36,greedy_critical,next_cycle,8,1,1,8,8,5,5,35.0,1.0,97.142857,7.902439,7.902439,0.0,0.0,0.006098,0.006098,0.0,0.0,0.987805,0.987805,0.0,0.0
VQE,6,36,greedy_critical,next_cycle,8,1,2,8,4,5,5,35.0,1.0,97.142857,3.83432,3.963303,0.128983,3.363908,0.011834,0.434251,0.422417,-3569.520027,0.47929,0.495413,0.016123,3.363934
VQE,6,36,greedy_critical,next_cycle,8,1,2,8,8,5,5,35.0,1.0,97.142857,7.854545,7.854545,0.0,0.0,0.012121,0.012121,0.0,0.0,0.981818,0.981818,0.0,0.0
VQE,6,36,greedy_critical,next_cycle,8,2,1,8,4,5,5,35.0,1.0,97.142857,3.83432,3.963303,0.128983,3.363908,0.011834,0.434251,0.422417,-3569.520027,0.47929,0.495413,0.016123,3.363934
VQE,6,36,greedy_critical,next_cycle,8,2,1,8,8,5,5,35.0,1.0,97.142857,7.854545,7.854545,0.0,0.0,0.012121,0.012121,0.0,0.0,0.981818,0.981818,0.0,0.0
VQE,6,36,greedy_critical,next_cycle,8,2,2,8,4,5,5,35.0,1.0,97.142857,3.745665,3.95122,0.205555,5.487811,0.043353,0.435976,0.392623,-905.642055,0.468208,0.493902,0.025694,5.487732
VQE,6,36,greedy_critical,next_cycle,8,2,2,8,8,5,5,35.0,1.0,97.142857,7.2,7.760479,0.560479,7.784431,0.066667,0.017964,-0.048703,73.054135,0.9,0.97006,0.07006,7.784444
VQE,6,36,regime_switch,next_cycle,8,1,1,8,4,5,5,35.0,1.0,97.142857,3.927273,3.97546,0.048187,1.226984,0.009091,0.432515,0.423424,-4657.617424,0.490909,0.496933,0.006024,1.227111
VQE,6,36,regime_switch,next_cycle,8,1,1,8,8,5,5,35.0,1.0,97.142857,7.160221,7.902439,0.742218,10.365853,0.022099,0.006098,-0.016001,72.405991,0.895028,0.987805,0.092777,10.365821
VQE,6,36,regime_switch,next_cycle,8,1,2,8,4,5,5,35.0,1.0,97.142857,3.83432,3.963303,0.128983,3.363908,0.011834,0.434251,0.422417,-3569.520027,0.47929,0.495413,0.016123,3.363934
VQE,6,36,regime_switch,next_cycle,8,1,2,8,8,5,5,35.0,1.0,97.142857,6.646154,7.854545,1.208391,18.181809,0.082051,0.012121,-0.06993,85.22748,0.830769,0.981818,0.151049,18.181829
VQE,6,36,regime_switch,next_cycle,8,2,1,8,4,5,5,35.0,1.0,97.142857,3.927273,3.963303,0.03603,0.91743,0.012121,0.012232,0.000111,-0.915766,0.490909,0.495413,0.004504,0.917482
VQE,6,36,regime_switch,next_cycle,8,2,1,8,8,5,5,35.0,1.0,97.142857,7.854545,7.854545,0.0,0.0,0.012121,0.012121,0.0,0.0,0.981818,0.981818,0.0,0.0
VQE,6,36,regime_switch,next_cycle,8,2,2,8,4,5,5,35.0,1.0,97.142857,3.868657,3.95122,0.082563,2.134151,0.026866,0.015244,-0.011622,43.259138,0.483582,0.493902,0.01032,2.134074
VQE,6,36,regime_switch,next_cycle,8,2,2,8,8,5,5,35.0,1.0,97.142857,7.120879,7.760479,0.6396,8.982037,0.065934,0.017964,-0.04797,72.754573,0.89011,0.97006,0.07995,8.982036
VQE,6,36,shifted_critical,next_cycle,8,1,1,8,4,5,5,35.0,1.0,97.142857,3.927273,3.97546,0.048187,1.226984,0.009091,0.432515,0.423424,-4657.617424,0.490909,0.496933,0.006024,1.227111
VQE,6,36,shifted_critical,next_cycle,8,1,1,8,8,5,5,35.0,1.0,97.142857,7.902439,7.902439,0.0,0.0,0.006098,0.006098,0.0,0.0,0.987805,0.987805,0.0,0.0
VQE,6,36,shifted_critical,next_cycle,8,1,2,8,4,5,5,35.0,1.0,97.142857,3.83432,3.963303,0.128983,3.363908,0.011834,0.434251,0.422417,-3569.520027,0.47929,0.495413,0.016123,3.363934
VQE,6,36,shifted_critical,next_cycle,8,1,2,8,8,5,5,35.0,1.0,97.142857,7.854545,7.854545,0.0,0.0,0.012121,0.012121,0.0,0.0,0.981818,0.981818,0.0,0.0
VQE,6,36,shifted_critical,next_cycle,8,2,1,8,4,5,5,35.0,1.0,97.142857,3.83432,3.963303,0.128983,3.363908,0.011834,0.434251,0.422417,-3569.520027,0.47929,0.495413,0.016123,3.363934
VQE,6,36,shifted_critical,next_cycle,8,2,1,8,8,5,5,35.0,1.0,97.142857,7.854545,7.854545,0.0,0.0,0.012121,0.012121,0.0,0.0,0.981818,0.981818,0.0,0.0
VQE,6,36,shifted_critical,next_cycle,8,2,2,8,4,5,5,35.0,1.0,97.142857,3.745665,3.95122,0.205555,5.487811,0.046243,0.435976,0.389733,-842.793504,0.468208,0.493902,0.025694,5.487732
VQE,6,36,shifted_critical,next_cycle,8,2,2,8,8,5,5,35.0,1.0,97.142857,7.2,7.760479,0.560479,7.784431,0.066667,0.017964,-0.048703,73.054135,0.9,0.97006,0.07006,7.784444
VQE,6,36,stall_aware_shifted,next_cycle,8,1,1,8,4,5,5,35.0,1.0,97.142857,3.93921,3.97546,0.03625,0.920235,0.012158,0.006135,-0.006023,49.539398,0.492401,0.496933,0.004532,0.920388
VQE,6,36,stall_aware_shifted,next_cycle,8,1,1,8,8,5,5,35.0,1.0,97.142857,7.714286,7.902439,0.188153,2.43902,0.017857,0.006098,-0.011759,65.850927,0.964286,0.987805,0.023519,2.439007
VQE,6,36,stall_aware_shifted,next_cycle,8,1,2,8,4,5,5,35.0,1.0,97.142857,3.95122,3.963303,0.012083,0.305804,0.006098,0.009174,0.003076,-50.442768,0.493902,0.495413,0.001511,0.305931
VQE,6,36,stall_aware_shifted,next_cycle,8,1,2,8,8,5,5,35.0,1.0,97.142857,7.534884,7.854545,0.319661,4.242414,0.034884,0.012121,-0.022763,65.253411,0.94186,0.981818,0.039958,4.242456
VQE,6,36,stall_aware_shifted,next_cycle,8,2,1,8,4,5,5,35.0,1.0,97.142857,3.95122,3.963303,0.012083,0.305804,0.006098,0.009174,0.003076,-50.442768,0.493902,0.495413,0.001511,0.305931
VQE,6,36,stall_aware_shifted,next_cycle,8,2,1,8,8,5,5,35.0,1.0,97.142857,7.534884,7.854545,0.319661,4.242414,0.034884,0.012121,-0.022763,65.253411,0.94186,0.981818,0.039958,4.242456
VQE,6,36,stall_aware_shifted,next_cycle,8,2,2,8,4,5,5,35.0,1.0,97.142857,3.891892,3.95122,0.059328,1.5244,0.018018,0.012195,-0.005823,32.317682,0.486486,0.493902,0.007416,1.524402
VQE,6,36,stall_aware_shifted,next_cycle,8,2,2,8,8,5,5,35.0,1.0,97.142857,7.2,7.760479,0.560479,7.784431,0.066667,0.017964,-0.048703,73.054135,0.9,0.97006,0.07006,7.784444
VQE,8,64,asap,next_cycle,8,1,1,8,4,5,5,63.0,1.0,98.412698,3.957488,3.992203,0.034715,0.877198,0.004831,0.461988,0.457157,-9462.989029,0.494686,0.499025,0.004339,0.877122
VQE,8,64,asap,next_cycle,8,1,1,8,8,5,5,63.0,1.0,98.412698,7.713748,7.968872,0.255124,3.307394,0.007533,0.001946,-0.005587,74.166999,0.964218,0.996109,0.031891,3.307447
VQE,8,64,asap,next_cycle,8,1,2,8,4,5,5,63.0,1.0,98.412698,3.927133,3.988315,0.061182,1.55793,0.008629,0.462512,0.453883,-5259.972187,0.490892,0.498539,0.007647,1.557776
VQE,8,64,asap,next_cycle,8,1,2,8,8,5,5,63.0,1.0,98.412698,7.515596,7.953398,0.437802,5.825247,0.029358,0.003883,-0.025475,86.773622,0.93945,0.994175,0.054725,5.825217
VQE,8,64,asap,next_cycle,8,2,1,8,4,5,5,63.0,1.0,98.412698,3.927133,3.988315,0.061182,1.55793,0.008629,0.462512,0.453883,-5259.972187,0.490892,0.498539,0.007647,1.557776
VQE,8,64,asap,next_cycle,8,2,1,8,8,5,5,63.0,1.0,98.412698,7.515596,7.953398,0.437802,5.825247,0.029358,0.003883,-0.025475,86.773622,0.93945,0.994175,0.054725,5.825217
VQE,8,64,asap,next_cycle,8,2,2,8,4,5,5,63.0,1.0,98.412698,3.889839,3.984436,0.094597,2.4319,0.017094,0.463035,0.445941,-2608.757459,0.48623,0.498054,0.011824,2.431771
VQE,8,64,asap,next_cycle,8,2,2,8,8,5,5,63.0,1.0,98.412698,7.262411,7.937984,0.675573,9.302324,0.042553,0.005814,-0.036739,86.337039,0.907801,0.992248,0.084447,9.302369
VQE,8,64,greedy_critical,next_cycle,8,1,1,8,4,5,5,63.0,1.0,98.412698,3.976699,3.992203,0.015504,0.389871,0.002913,0.461988,0.459075,-15759.526262,0.497087,0.499025,0.001938,0.389871
VQE,8,64,greedy_critical,next_cycle,8,1,1,8,8,5,5,63.0,1.0,98.412698,7.968872,7.968872,0.0,0.0,0.001946,0.001946,0.0,0.0,0.996109,0.996109,0.0,0.0
VQE,8,64,greedy_critical,next_cycle,8,1,2,8,4,5,5,63.0,1.0,98.412698,3.953668,3.988315,0.034647,0.876325,0.006757,0.462512,0.455755,-6744.931182,0.494208,0.498539,0.004331,0.876352
VQE,8,64,greedy_critical,next_cycle,8,1,2,8,8,5,5,63.0,1.0,98.412698,7.953398,7.953398,0.0,0.0,0.003883,0.003883,0.0,0.0,0.994175,0.994175,0.0,0.0
VQE,8,64,greedy_critical,next_cycle,8,2,1,8,4,5,5,63.0,1.0,98.412698,3.953668,3.988315,0.034647,0.876325,0.006757,0.462512,0.455755,-6744.931182,0.494208,0.498539,0.004331,0.876352
VQE,8,64,greedy_critical,next_cycle,8,2,1,8,8,5,5,63.0,1.0,98.412698,7.953398,7.953398,0.0,0.0,0.003883,0.003883,0.0,0.0,0.994175,0.994175,0.0,0.0
VQE,8,64,greedy_critical,next_cycle,8,2,2,8,4,5,5,63.0,1.0,98.412698,3.923372,3.984436,0.061064,1.556416,0.01341,0.463035,0.449625,-3352.908277,0.490421,0.498054,0.007633,1.556418
VQE,8,64,greedy_critical,next_cycle,8,2,2,8,8,5,5,63.0,1.0,98.412698,7.937984,7.937984,0.0,0.0,0.005814,0.005814,0.0,0.0,0.992248,0.992248,0.0,0.0
VQE,8,64,regime_switch,next_cycle,8,1,1,8,4,5,5,63.0,1.0,98.412698,3.976699,3.992203,0.015504,0.389871,0.002913,0.461988,0.459075,-15759.526262,0.497087,0.499025,0.001938,0.389871
VQE,8,64,regime_switch,next_cycle,8,1,1,8,8,5,5,63.0,1.0,98.412698,7.713748,7.968872,0.255124,3.307394,0.007533,0.001946,-0.005587,74.166999,0.964218,0.996109,0.031891,3.307447
VQE,8,64,regime_switch,next_cycle,8,1,2,8,4,5,5,63.0,1.0,98.412698,3.953668,3.988315,0.034647,0.876325,0.006757,0.462512,0.455755,-6744.931182,0.494208,0.498539,0.004331,0.876352
VQE,8,64,regime_switch,next_cycle,8,1,2,8,8,5,5,63.0,1.0,98.412698,7.515596,7.953398,0.437802,5.825247,0.029358,0.003883,-0.025475,86.773622,0.93945,0.994175,0.054725,5.825217
VQE,8,64,regime_switch,next_cycle,8,2,1,8,4,5,5,63.0,1.0,98.412698,3.984436,3.988315,0.003879,0.097354,0.003891,0.003895,4e-06,-0.102801,0.498054,0.498539,0.000485,0.097379
VQE,8,64,regime_switch,next_cycle,8,2,1,8,8,5,5,63.0,1.0,98.412698,7.953398,7.953398,0.0,0.0,0.003883,0.003883,0.0,0.0,0.994175,0.994175,0.0,0.0
VQE,8,64,regime_switch,next_cycle,8,2,2,8,4,5,5,63.0,1.0,98.412698,3.957488,3.984436,0.026948,0.680937,0.010628,0.004864,-0.005764,54.234099,0.494686,0.498054,0.003368,0.680836
VQE,8,64,regime_switch,next_cycle,8,2,2,8,8,5,5,63.0,1.0,98.412698,7.937984,7.937984,0.0,0.0,0.005814,0.005814,0.0,0.0,0.992248,0.992248,0.0,0.0
VQE,8,64,shifted_critical,next_cycle,8,1,1,8,4,5,5,63.0,1.0,98.412698,3.976699,3.992203,0.015504,0.389871,0.002913,0.461988,0.459075,-15759.526262,0.497087,0.499025,0.001938,0.389871
VQE,8,64,shifted_critical,next_cycle,8,1,1,8,8,5,5,63.0,1.0,98.412698,7.968872,7.968872,0.0,0.0,0.001946,0.001946,0.0,0.0,0.996109,0.996109,0.0,0.0
VQE,8,64,shifted_critical,next_cycle,8,1,2,8,4,5,5,63.0,1.0,98.412698,3.953668,3.988315,0.034647,0.876325,0.006757,0.462512,0.455755,-6744.931182,0.494208,0.498539,0.004331,0.876352
VQE,8,64,shifted_critical,next_cycle,8,1,2,8,8,5,5,63.0,1.0,98.412698,7.953398,7.953398,0.0,0.0,0.003883,0.003883,0.0,0.0,0.994175,0.994175,0.0,0.0
VQE,8,64,shifted_critical,next_cycle,8,2,1,8,4,5,5,63.0,1.0,98.412698,3.953668,3.988315,0.034647,0.876325,0.006757,0.462512,0.455755,-6744.931182,0.494208,0.498539,0.004331,0.876352
VQE,8,64,shifted_critical,next_cycle,8,2,1,8,8,5,5,63.0,1.0,98.412698,7.953398,7.953398,0.0,0.0,0.003883,0.003883,0.0,0.0,0.994175,0.994175,0.0,0.0
VQE,8,64,shifted_critical,next_cycle,8,2,2,8,4,5,5,63.0,1.0,98.412698,3.923372,3.984436,0.061064,1.556416,0.01341,0.463035,0.449625,-3352.908277,0.490421,0.498054,0.007633,1.556418
VQE,8,64,shifted_critical,next_cycle,8,2,2,8,8,5,5,63.0,1.0,98.412698,7.937984,7.937984,0.0,0.0,0.005814,0.005814,0.0,0.0,0.992248,0.992248,0.0,0.0
VQE,8,64,stall_aware_shifted,next_cycle,8,1,1,8,4,5,5,63.0,1.0,98.412698,3.984436,3.992203,0.007767,0.194933,0.002918,0.001949,-0.000969,33.207676,0.498054,0.499025,0.000971,0.194959
VQE,8,64,stall_aware_shifted,next_cycle,8,1,1,8,8,5,5,63.0,1.0,98.412698,7.922631,7.968872,0.046241,0.583657,0.001934,0.001946,1.2e-05,-0.620476,0.990329,0.996109,0.00578,0.583644
VQE,8,64,stall_aware_shifted,next_cycle,8,1,2,8,4,5,5,63.0,1.0,98.412698,3.976699,3.988315,0.011616,0.292102,0.005825,0.002921,-0.002904,49.854077,0.497087,0.498539,0.001452,0.292102
VQE,8,64,stall_aware_shifted,next_cycle,8,1,2,8,8,5,5,63.0,1.0,98.412698,7.937984,7.953398,0.015414,0.19418,0.003876,0.003883,7e-06,-0.180599,0.992248,0.994175,0.001927,0.194205
VQE,8,64,stall_aware_shifted,next_cycle,8,2,1,8,4,5,5,63.0,1.0,98.412698,3.976699,3.988315,0.011616,0.292102,0.005825,0.002921,-0.002904,49.854077,0.497087,0.498539,0.001452,0.292102
VQE,8,64,stall_aware_shifted,next_cycle,8,2,1,8,8,5,5,63.0,1.0,98.412698,7.937984,7.953398,0.015414,0.19418,0.003876,0.003883,7e-06,-0.180599,0.992248,0.994175,0.001927,0.194205
VQE,8,64,stall_aware_shifted,next_cycle,8,2,2,8,4,5,5,63.0,1.0,98.412698,3.968992,3.984436,0.015444,0.389116,0.004845,0.003891,-0.000954,19.690402,0.496124,0.498054,0.00193,0.389016
VQE,8,64,stall_aware_shifted,next_cycle,8,2,2,8,8,5,5,63.0,1.0,98.412698,7.861804,7.937984,0.07618,0.968989,0.009597,0.005814,-0.003783,39.418568,0.982726,0.992248,0.009522,0.968937
