algorithm,hardware_size,logical_qubits,dag_seed,dag_label,issue_width,meas_width,ff_width,l_meas,l_ff,f_over_w,total_cycles_asap,total_cycles_ff_rate_matched,cycles_ratio_ff_over_asap,throughput_asap,throughput_ff_rate_matched,throughput_gain_pct,stall_rate_asap,stall_rate_ff_rate_matched,stall_rate_delta
QAOA,4,16,0,QAOA_H4_Q16_s0_shifted,16,16,2,1,2,0.125000,180,180,1.000000,1.966667,1.966667,0.000000,0.55,0.033333,-0.516667
QAOA,4,16,0,QAOA_H4_Q16_s0_shifted,16,16,3,1,2,0.187500,121,121,1.000000,2.92562,2.92562,0.000000,0.396694,0.016529,-0.380165
QAOA,4,16,0,QAOA_H4_Q16_s0_shifted,16,16,4,1,2,0.250000,92,92,1.000000,3.847826,3.847826,0.000000,0.271739,0.021739,-0.250000
QAOA,4,16,0,QAOA_H4_Q16_s0_shifted,4,4,2,1,2,0.500000,180,180,1.000000,1.966667,1.966667,0.000000,0.355556,0.016667,-0.338889
QAOA,4,16,0,QAOA_H4_Q16_s0_shifted,4,4,3,1,2,0.750000,121,121,1.000000,2.92562,2.92562,0.000000,0.132231,0.016529,-0.115702
QAOA,4,16,0,QAOA_H4_Q16_s0_shifted,4,4,4,1,2,1.000000,92,92,1.000000,3.847826,3.847826,0.000000,0.021739,0.021739,0.000000
QAOA,4,16,0,QAOA_H4_Q16_s0_shifted,8,8,2,1,2,0.250000,180,180,1.000000,1.966667,1.966667,0.000000,0.488889,0.027778,-0.461111
QAOA,4,16,0,QAOA_H4_Q16_s0_shifted,8,8,3,1,2,0.375000,121,121,1.000000,2.92562,2.92562,0.000000,0.338843,0.016529,-0.322314
QAOA,4,16,0,QAOA_H4_Q16_s0_shifted,8,8,4,1,2,0.500000,92,92,1.000000,3.847826,3.847826,0.000000,0.217391,0.021739,-0.195652
QAOA,4,16,1,QAOA_H4_Q16_s1_shifted,16,16,2,1,2,0.125000,165,165,1.000000,1.963636,1.963636,0.000000,0.545455,0.036364,-0.509091
QAOA,4,16,1,QAOA_H4_Q16_s1_shifted,16,16,3,1,2,0.187500,111,111,1.000000,2.918919,2.918919,0.000000,0.396396,0.018018,-0.378378
QAOA,4,16,1,QAOA_H4_Q16_s1_shifted,16,16,4,1,2,0.250000,85,85,1.000000,3.811765,3.811765,0.000000,0.247059,0.023529,-0.223530
QAOA,4,16,1,QAOA_H4_Q16_s1_shifted,4,4,2,1,2,0.500000,165,165,1.000000,1.963636,1.963636,0.000000,0.333333,0.018182,-0.315151
QAOA,4,16,1,QAOA_H4_Q16_s1_shifted,4,4,3,1,2,0.750000,111,111,1.000000,2.918919,2.918919,0.000000,0.135135,0.018018,-0.117117
QAOA,4,16,1,QAOA_H4_Q16_s1_shifted,4,4,4,1,2,1.000000,85,85,1.000000,3.811765,3.811765,0.000000,0.023529,0.023529,0.000000
QAOA,4,16,1,QAOA_H4_Q16_s1_shifted,8,8,2,1,2,0.250000,165,165,1.000000,1.963636,1.963636,0.000000,0.460606,0.030303,-0.430303
QAOA,4,16,1,QAOA_H4_Q16_s1_shifted,8,8,3,1,2,0.375000,111,111,1.000000,2.918919,2.918919,0.000000,0.315315,0.018018,-0.297297
QAOA,4,16,1,QAOA_H4_Q16_s1_shifted,8,8,4,1,2,0.500000,85,85,1.000000,3.811765,3.811765,0.000000,0.176471,0.023529,-0.152942
QAOA,4,16,2,QAOA_H4_Q16_s2_shifted,16,16,2,1,2,0.125000,162,162,1.000000,1.962963,1.962963,0.000000,0.598765,0.030864,-0.567901
QAOA,4,16,2,QAOA_H4_Q16_s2_shifted,16,16,3,1,2,0.187500,109,109,1.000000,2.917431,2.917431,0.000000,0.46789,0.018349,-0.449541
QAOA,4,16,2,QAOA_H4_Q16_s2_shifted,16,16,4,1,2,0.250000,83,83,1.000000,3.831325,3.831325,0.000000,0.373494,0.024096,-0.349398
QAOA,4,16,2,QAOA_H4_Q16_s2_shifted,4,4,2,1,2,0.500000,162,162,1.000000,1.962963,1.962963,0.000000,0.358025,0.018519,-0.339506
QAOA,4,16,2,QAOA_H4_Q16_s2_shifted,4,4,3,1,2,0.750000,109,109,1.000000,2.917431,2.917431,0.000000,0.146789,0.018349,-0.128440
QAOA,4,16,2,QAOA_H4_Q16_s2_shifted,4,4,4,1,2,1.000000,83,83,1.000000,3.831325,3.831325,0.000000,0.024096,0.024096,0.000000
QAOA,4,16,2,QAOA_H4_Q16_s2_shifted,8,8,2,1,2,0.250000,162,162,1.000000,1.962963,1.962963,0.000000,0.524691,0.030864,-0.493827
QAOA,4,16,2,QAOA_H4_Q16_s2_shifted,8,8,3,1,2,0.375000,109,109,1.000000,2.917431,2.917431,0.000000,0.376147,0.018349,-0.357798
QAOA,4,16,2,QAOA_H4_Q16_s2_shifted,8,8,4,1,2,0.500000,83,83,1.000000,3.831325,3.831325,0.000000,0.26506,0.024096,-0.240964
QAOA,4,16,3,QAOA_H4_Q16_s3_shifted,16,16,2,1,2,0.125000,162,162,1.000000,1.962963,1.962963,0.000000,0.537037,0.037037,-0.500000
QAOA,4,16,3,QAOA_H4_Q16_s3_shifted,16,16,3,1,2,0.187500,109,109,1.000000,2.917431,2.917431,0.000000,0.376147,0.027523,-0.348624
QAOA,4,16,3,QAOA_H4_Q16_s3_shifted,16,16,4,1,2,0.250000,83,83,1.000000,3.831325,3.831325,0.000000,0.253012,0.024096,-0.228916
QAOA,4,16,3,QAOA_H4_Q16_s3_shifted,4,4,2,1,2,0.500000,162,162,1.000000,1.962963,1.962963,0.000000,0.314815,0.018519,-0.296296
QAOA,4,16,3,QAOA_H4_Q16_s3_shifted,4,4,3,1,2,0.750000,109,109,1.000000,2.917431,2.917431,0.000000,0.137615,0.018349,-0.119266
QAOA,4,16,3,QAOA_H4_Q16_s3_shifted,4,4,4,1,2,1.000000,83,83,1.000000,3.831325,3.831325,0.000000,0.024096,0.024096,0.000000
QAOA,4,16,3,QAOA_H4_Q16_s3_shifted,8,8,2,1,2,0.250000,162,162,1.000000,1.962963,1.962963,0.000000,0.45679,0.030864,-0.425926
QAOA,4,16,3,QAOA_H4_Q16_s3_shifted,8,8,3,1,2,0.375000,109,109,1.000000,2.917431,2.917431,0.000000,0.293578,0.027523,-0.266055
QAOA,4,16,3,QAOA_H4_Q16_s3_shifted,8,8,4,1,2,0.500000,83,83,1.000000,3.831325,3.831325,0.000000,0.144578,0.024096,-0.120482
QAOA,4,16,4,QAOA_H4_Q16_s4_shifted,16,16,2,1,2,0.125000,162,162,1.000000,1.962963,1.962963,0.000000,0.567901,0.049383,-0.518518
QAOA,4,16,4,QAOA_H4_Q16_s4_shifted,16,16,3,1,2,0.187500,109,109,1.000000,2.917431,2.917431,0.000000,0.394495,0.036697,-0.357798
QAOA,4,16,4,QAOA_H4_Q16_s4_shifted,16,16,4,1,2,0.250000,83,83,1.000000,3.831325,3.831325,0.000000,0.228916,0.024096,-0.204820
QAOA,4,16,4,QAOA_H4_Q16_s4_shifted,4,4,2,1,2,0.500000,162,162,1.000000,1.962963,1.962963,0.000000,0.358025,0.018519,-0.339506
QAOA,4,16,4,QAOA_H4_Q16_s4_shifted,4,4,3,1,2,0.750000,109,109,1.000000,2.917431,2.917431,0.000000,0.137615,0.018349,-0.119266
QAOA,4,16,4,QAOA_H4_Q16_s4_shifted,4,4,4,1,2,1.000000,83,83,1.000000,3.831325,3.831325,0.000000,0.024096,0.024096,0.000000
QAOA,4,16,4,QAOA_H4_Q16_s4_shifted,8,8,2,1,2,0.250000,162,162,1.000000,1.962963,1.962963,0.000000,0.487654,0.030864,-0.456790
QAOA,4,16,4,QAOA_H4_Q16_s4_shifted,8,8,3,1,2,0.375000,109,109,1.000000,2.917431,2.917431,0.000000,0.311927,0.027523,-0.284404
QAOA,4,16,4,QAOA_H4_Q16_s4_shifted,8,8,4,1,2,0.500000,83,83,1.000000,3.831325,3.831325,0.000000,0.156627,0.024096,-0.132531
QAOA,6,36,0,QAOA_H6_Q36_s0_shifted,16,16,2,1,2,0.125000,810,810,1.000000,1.992593,1.992593,0.000000,0.604938,0.011111,-0.593827
QAOA,6,36,0,QAOA_H6_Q36_s0_shifted,16,16,3,1,2,0.187500,541,541,1.000000,2.983364,2.983364,0.000000,0.460259,0.011091,-0.449168
QAOA,6,36,0,QAOA_H6_Q36_s0_shifted,16,16,4,1,2,0.250000,407,407,1.000000,3.965602,3.965602,0.000000,0.324324,0.012285,-0.312039
QAOA,6,36,0,QAOA_H6_Q36_s0_shifted,4,4,2,1,2,0.500000,810,810,1.000000,1.992593,1.992593,0.000000,0.366667,0.003704,-0.362963
QAOA,6,36,0,QAOA_H6_Q36_s0_shifted,4,4,3,1,2,0.750000,541,541,1.000000,2.983364,2.983364,0.000000,0.157116,0.003697,-0.153419
QAOA,6,36,0,QAOA_H6_Q36_s0_shifted,4,4,4,1,2,1.000000,407,407,1.000000,3.965602,3.965602,0.000000,0.004914,0.004914,0.000000
QAOA,6,36,0,QAOA_H6_Q36_s0_shifted,8,8,2,1,2,0.250000,810,810,1.000000,1.992593,1.992593,0.000000,0.52716,0.006173,-0.520987
QAOA,6,36,0,QAOA_H6_Q36_s0_shifted,8,8,3,1,2,0.375000,541,541,1.000000,2.983364,2.983364,0.000000,0.362292,0.005545,-0.356747
QAOA,6,36,0,QAOA_H6_Q36_s0_shifted,8,8,4,1,2,0.500000,407,407,1.000000,3.965602,3.965602,0.000000,0.230958,0.007371,-0.223587
QAOA,6,36,1,QAOA_H6_Q36_s1_shifted,16,16,2,1,2,0.125000,801,801,1.000000,1.992509,1.992509,0.000000,0.605493,0.011236,-0.594257
QAOA,6,36,1,QAOA_H6_Q36_s1_shifted,16,16,3,1,2,0.187500,535,535,1.000000,2.983178,2.983178,0.000000,0.442991,0.011215,-0.431776
QAOA,6,36,1,QAOA_H6_Q36_s1_shifted,16,16,4,1,2,0.250000,402,402,1.000000,3.970149,3.970149,0.000000,0.30597,0.012438,-0.293532
QAOA,6,36,1,QAOA_H6_Q36_s1_shifted,4,4,2,1,2,0.500000,801,801,1.000000,1.992509,1.992509,0.000000,0.369538,0.003745,-0.365793
QAOA,6,36,1,QAOA_H6_Q36_s1_shifted,4,4,3,1,2,0.750000,535,535,1.000000,2.983178,2.983178,0.000000,0.164486,0.003738,-0.160748
QAOA,6,36,1,QAOA_H6_Q36_s1_shifted,4,4,4,1,2,1.000000,402,402,1.000000,3.970149,3.970149,0.000000,0.004975,0.004975,0.000000
QAOA,6,36,1,QAOA_H6_Q36_s1_shifted,8,8,2,1,2,0.250000,801,801,1.000000,1.992509,1.992509,0.000000,0.52809,0.006242,-0.521848
QAOA,6,36,1,QAOA_H6_Q36_s1_shifted,8,8,3,1,2,0.375000,535,535,1.000000,2.983178,2.983178,0.000000,0.35514,0.005607,-0.349533
QAOA,6,36,1,QAOA_H6_Q36_s1_shifted,8,8,4,1,2,0.500000,402,402,1.000000,3.970149,3.970149,0.000000,0.21393,0.007463,-0.206467
QAOA,6,36,2,QAOA_H6_Q36_s2_shifted,16,16,2,1,2,0.125000,828,828,1.000000,1.992754,1.992754,0.000000,0.605072,0.01087,-0.594202
QAOA,6,36,2,QAOA_H6_Q36_s2_shifted,16,16,3,1,2,0.187500,553,553,1.000000,2.983725,2.983725,0.000000,0.459313,0.01085,-0.448463
QAOA,6,36,2,QAOA_H6_Q36_s2_shifted,16,16,4,1,2,0.250000,416,416,1.000000,3.966346,3.966346,0.000000,0.334135,0.012019,-0.322116
QAOA,6,36,2,QAOA_H6_Q36_s2_shifted,4,4,2,1,2,0.500000,828,828,1.000000,1.992754,1.992754,0.000000,0.379227,0.003623,-0.375604
QAOA,6,36,2,QAOA_H6_Q36_s2_shifted,4,4,3,1,2,0.750000,553,553,1.000000,2.983725,2.983725,0.000000,0.169982,0.003617,-0.166365
QAOA,6,36,2,QAOA_H6_Q36_s2_shifted,4,4,4,1,2,1.000000,416,416,1.000000,3.966346,3.966346,0.000000,0.004808,0.004808,0.000000
QAOA,6,36,2,QAOA_H6_Q36_s2_shifted,8,8,2,1,2,0.250000,828,828,1.000000,1.992754,1.992754,0.000000,0.535024,0.006039,-0.528985
QAOA,6,36,2,QAOA_H6_Q36_s2_shifted,8,8,3,1,2,0.375000,553,553,1.000000,2.983725,2.983725,0.000000,0.377939,0.005425,-0.372514
QAOA,6,36,2,QAOA_H6_Q36_s2_shifted,8,8,4,1,2,0.500000,416,416,1.000000,3.966346,3.966346,0.000000,0.245192,0.007212,-0.237980
QAOA,6,36,3,QAOA_H6_Q36_s3_shifted,16,16,2,1,2,0.125000,768,768,1.000000,1.992188,1.992188,0.000000,0.596354,0.011719,-0.584635
QAOA,6,36,3,QAOA_H6_Q36_s3_shifted,16,16,3,1,2,0.187500,513,513,1.000000,2.982456,2.982456,0.000000,0.450292,0.011696,-0.438596
QAOA,6,36,3,QAOA_H6_Q36_s3_shifted,16,16,4,1,2,0.250000,386,386,1.000000,3.963731,3.963731,0.000000,0.321244,0.012953,-0.308291
QAOA,6,36,3,QAOA_H6_Q36_s3_shifted,4,4,2,1,2,0.500000,768,768,1.000000,1.992188,1.992188,0.000000,0.367188,0.003906,-0.363282
QAOA,6,36,3,QAOA_H6_Q36_s3_shifted,4,4,3,1,2,0.750000,513,513,1.000000,2.982456,2.982456,0.000000,0.161793,0.003899,-0.157894
QAOA,6,36,3,QAOA_H6_Q36_s3_shifted,4,4,4,1,2,1.000000,386,386,1.000000,3.963731,3.963731,0.000000,0.005181,0.005181,0.000000
QAOA,6,36,3,QAOA_H6_Q36_s3_shifted,8,8,2,1,2,0.250000,768,768,1.000000,1.992188,1.992188,0.000000,0.526042,0.00651,-0.519532
QAOA,6,36,3,QAOA_H6_Q36_s3_shifted,8,8,3,1,2,0.375000,513,513,1.000000,2.982456,2.982456,0.000000,0.360624,0.005848,-0.354776
QAOA,6,36,3,QAOA_H6_Q36_s3_shifted,8,8,4,1,2,0.500000,386,386,1.000000,3.963731,3.963731,0.000000,0.235751,0.007772,-0.227979
QAOA,6,36,4,QAOA_H6_Q36_s4_shifted,16,16,2,1,2,0.125000,828,828,1.000000,1.992754,1.992754,0.000000,0.619565,0.01087,-0.608695
QAOA,6,36,4,QAOA_H6_Q36_s4_shifted,16,16,3,1,2,0.187500,553,553,1.000000,2.983725,2.983725,0.000000,0.473779,0.01085,-0.462929
QAOA,6,36,4,QAOA_H6_Q36_s4_shifted,16,16,4,1,2,0.250000,416,416,1.000000,3.966346,3.966346,0.000000,0.346154,0.012019,-0.334135
QAOA,6,36,4,QAOA_H6_Q36_s4_shifted,4,4,2,1,2,0.500000,828,828,1.000000,1.992754,1.992754,0.000000,0.379227,0.003623,-0.375604
QAOA,6,36,4,QAOA_H6_Q36_s4_shifted,4,4,3,1,2,0.750000,553,553,1.000000,2.983725,2.983725,0.000000,0.173599,0.003617,-0.169982
QAOA,6,36,4,QAOA_H6_Q36_s4_shifted,4,4,4,1,2,1.000000,416,416,1.000000,3.966346,3.966346,0.000000,0.004808,0.004808,0.000000
QAOA,6,36,4,QAOA_H6_Q36_s4_shifted,8,8,2,1,2,0.250000,828,828,1.000000,1.992754,1.992754,0.000000,0.538647,0.006039,-0.532608
QAOA,6,36,4,QAOA_H6_Q36_s4_shifted,8,8,3,1,2,0.375000,553,553,1.000000,2.983725,2.983725,0.000000,0.37613,0.005425,-0.370705
QAOA,6,36,4,QAOA_H6_Q36_s4_shifted,8,8,4,1,2,0.500000,416,416,1.000000,3.966346,3.966346,0.000000,0.25,0.007212,-0.242788
QAOA,8,64,0,QAOA_H8_Q64_s0_shifted,16,16,2,1,2,0.125000,2493,2493,1.000000,1.997593,1.997593,0.000000,0.63578,0.00361,-0.632170
QAOA,8,64,0,QAOA_H8_Q64_s0_shifted,16,16,3,1,2,0.187500,1663,1663,1.000000,2.994588,2.994588,0.000000,0.490679,0.003608,-0.487071
QAOA,8,64,0,QAOA_H8_Q64_s0_shifted,16,16,4,1,2,0.250000,1248,1248,1.000000,3.990385,3.990385,0.000000,0.346154,0.004006,-0.342148
QAOA,8,64,0,QAOA_H8_Q64_s0_shifted,4,4,2,1,2,0.500000,2493,2493,1.000000,1.997593,1.997593,0.000000,0.384677,0.001203,-0.383474
QAOA,8,64,0,QAOA_H8_Q64_s0_shifted,4,4,3,1,2,0.750000,1663,1663,1.000000,2.994588,2.994588,0.000000,0.179194,0.001203,-0.177991
QAOA,8,64,0,QAOA_H8_Q64_s0_shifted,4,4,4,1,2,1.000000,1248,1248,1.000000,3.990385,3.990385,0.000000,0.001603,0.001603,0.000000
QAOA,8,64,0,QAOA_H8_Q64_s0_shifted,8,8,2,1,2,0.250000,2493,2493,1.000000,1.997593,1.997593,0.000000,0.550742,0.002006,-0.548736
QAOA,8,64,0,QAOA_H8_Q64_s0_shifted,8,8,3,1,2,0.375000,1663,1663,1.000000,2.994588,2.994588,0.000000,0.384245,0.001804,-0.382441
QAOA,8,64,0,QAOA_H8_Q64_s0_shifted,8,8,4,1,2,0.500000,1248,1248,1.000000,3.990385,3.990385,0.000000,0.246795,0.002404,-0.244391
QAOA,8,64,1,QAOA_H8_Q64_s1_shifted,16,16,2,1,2,0.125000,2484,2484,1.000000,1.997585,1.997585,0.000000,0.634461,0.003623,-0.630838
QAOA,8,64,1,QAOA_H8_Q64_s1_shifted,16,16,3,1,2,0.187500,1657,1657,1.000000,2.994568,2.994568,0.000000,0.491249,0.003621,-0.487628
QAOA,8,64,1,QAOA_H8_Q64_s1_shifted,16,16,4,1,2,0.250000,1244,1244,1.000000,3.988746,3.988746,0.000000,0.354502,0.004019,-0.350483
QAOA,8,64,1,QAOA_H8_Q64_s1_shifted,4,4,2,1,2,0.500000,2484,2484,1.000000,1.997585,1.997585,0.000000,0.389694,0.001208,-0.388486
QAOA,8,64,1,QAOA_H8_Q64_s1_shifted,4,4,3,1,2,0.750000,1657,1657,1.000000,2.994568,2.994568,0.000000,0.181654,0.001207,-0.180447
QAOA,8,64,1,QAOA_H8_Q64_s1_shifted,4,4,4,1,2,1.000000,1244,1244,1.000000,3.988746,3.988746,0.000000,0.001608,0.001608,0.000000
QAOA,8,64,1,QAOA_H8_Q64_s1_shifted,8,8,2,1,2,0.250000,2484,2484,1.000000,1.997585,1.997585,0.000000,0.555958,0.002013,-0.553945
QAOA,8,64,1,QAOA_H8_Q64_s1_shifted,8,8,3,1,2,0.375000,1657,1657,1.000000,2.994568,2.994568,0.000000,0.391672,0.001811,-0.389861
QAOA,8,64,1,QAOA_H8_Q64_s1_shifted,8,8,4,1,2,0.500000,1244,1244,1.000000,3.988746,3.988746,0.000000,0.257235,0.002412,-0.254823
QAOA,8,64,2,QAOA_H8_Q64_s2_shifted,16,16,2,1,2,0.125000,2430,2430,1.000000,1.997531,1.997531,0.000000,0.641152,0.003704,-0.637448
QAOA,8,64,2,QAOA_H8_Q64_s2_shifted,16,16,3,1,2,0.187500,1621,1621,1.000000,2.994448,2.994448,0.000000,0.492289,0.003701,-0.488588
QAOA,8,64,2,QAOA_H8_Q64_s2_shifted,16,16,4,1,2,0.250000,1217,1217,1.000000,3.988496,3.988496,0.000000,0.357436,0.004108,-0.353328
QAOA,8,64,2,QAOA_H8_Q64_s2_shifted,4,4,2,1,2,0.500000,2430,2430,1.000000,1.997531,1.997531,0.000000,0.388066,0.001235,-0.386831
QAOA,8,64,2,QAOA_H8_Q64_s2_shifted,4,4,3,1,2,0.750000,1621,1621,1.000000,2.994448,2.994448,0.000000,0.18322,0.001234,-0.181986
QAOA,8,64,2,QAOA_H8_Q64_s2_shifted,4,4,4,1,2,1.000000,1217,1217,1.000000,3.988496,3.988496,0.000000,0.001643,0.001643,0.000000
QAOA,8,64,2,QAOA_H8_Q64_s2_shifted,8,8,2,1,2,0.250000,2430,2430,1.000000,1.997531,1.997531,0.000000,0.558025,0.002058,-0.555967
QAOA,8,64,2,QAOA_H8_Q64_s2_shifted,8,8,3,1,2,0.375000,1621,1621,1.000000,2.994448,2.994448,0.000000,0.393584,0.001851,-0.391733
QAOA,8,64,2,QAOA_H8_Q64_s2_shifted,8,8,4,1,2,0.500000,1217,1217,1.000000,3.988496,3.988496,0.000000,0.25226,0.002465,-0.249795
QAOA,8,64,3,QAOA_H8_Q64_s3_shifted,16,16,2,1,2,0.125000,2448,2448,1.000000,1.997549,1.997549,0.000000,0.626225,0.003676,-0.622549
QAOA,8,64,3,QAOA_H8_Q64_s3_shifted,16,16,3,1,2,0.187500,1633,1633,1.000000,2.994489,2.994489,0.000000,0.48071,0.003674,-0.477036
QAOA,8,64,3,QAOA_H8_Q64_s3_shifted,16,16,4,1,2,0.250000,1226,1226,1.000000,3.988581,3.988581,0.000000,0.343393,0.004078,-0.339315
QAOA,8,64,3,QAOA_H8_Q64_s3_shifted,4,4,2,1,2,0.500000,2448,2448,1.000000,1.997549,1.997549,0.000000,0.385212,0.001225,-0.383987
QAOA,8,64,3,QAOA_H8_Q64_s3_shifted,4,4,3,1,2,0.750000,1633,1633,1.000000,2.994489,2.994489,0.000000,0.183711,0.001225,-0.182486
QAOA,8,64,3,QAOA_H8_Q64_s3_shifted,4,4,4,1,2,1.000000,1226,1226,1.000000,3.988581,3.988581,0.000000,0.001631,0.001631,0.000000
QAOA,8,64,3,QAOA_H8_Q64_s3_shifted,8,8,2,1,2,0.250000,2448,2448,1.000000,1.997549,1.997549,0.000000,0.549428,0.002042,-0.547386
QAOA,8,64,3,QAOA_H8_Q64_s3_shifted,8,8,3,1,2,0.375000,1633,1633,1.000000,2.994489,2.994489,0.000000,0.386405,0.001837,-0.384568
QAOA,8,64,3,QAOA_H8_Q64_s3_shifted,8,8,4,1,2,0.500000,1226,1226,1.000000,3.988581,3.988581,0.000000,0.251223,0.002447,-0.248776
QAOA,8,64,4,QAOA_H8_Q64_s4_shifted,16,16,2,1,2,0.125000,2490,2490,1.000000,1.99759,1.99759,0.000000,0.638153,0.003614,-0.634539
QAOA,8,64,4,QAOA_H8_Q64_s4_shifted,16,16,3,1,2,0.187500,1661,1661,1.000000,2.994582,2.994582,0.000000,0.491872,0.003612,-0.488260
QAOA,8,64,4,QAOA_H8_Q64_s4_shifted,16,16,4,1,2,0.250000,1247,1247,1.000000,3.988773,3.988773,0.000000,0.363272,0.00401,-0.359262
QAOA,8,64,4,QAOA_H8_Q64_s4_shifted,4,4,2,1,2,0.500000,2490,2490,1.000000,1.99759,1.99759,0.000000,0.393173,0.001205,-0.391968
QAOA,8,64,4,QAOA_H8_Q64_s4_shifted,4,4,3,1,2,0.750000,1661,1661,1.000000,2.994582,2.994582,0.000000,0.177604,0.001204,-0.176400
QAOA,8,64,4,QAOA_H8_Q64_s4_shifted,4,4,4,1,2,1.000000,1247,1247,1.000000,3.988773,3.988773,0.000000,0.001604,0.001604,0.000000
QAOA,8,64,4,QAOA_H8_Q64_s4_shifted,8,8,2,1,2,0.250000,2490,2490,1.000000,1.99759,1.99759,0.000000,0.558233,0.002008,-0.556225
QAOA,8,64,4,QAOA_H8_Q64_s4_shifted,8,8,3,1,2,0.375000,1661,1661,1.000000,2.994582,2.994582,0.000000,0.399157,0.001806,-0.397351
QAOA,8,64,4,QAOA_H8_Q64_s4_shifted,8,8,4,1,2,0.500000,1247,1247,1.000000,3.988773,3.988773,0.000000,0.268645,0.002406,-0.266239
QFT,4,16,0,QFT_H4_Q16_s0_shifted,16,16,2,1,2,0.125000,621,621,1.000000,1.983897,1.983897,0.000000,0.723027,0.014493,-0.708534
QFT,4,16,0,QFT_H4_Q16_s0_shifted,16,16,3,1,2,0.187500,416,416,1.000000,2.961538,2.961538,0.000000,0.627404,0.014423,-0.612981
QFT,4,16,0,QFT_H4_Q16_s0_shifted,16,16,4,1,2,0.250000,314,314,1.000000,3.923567,3.923567,0.000000,0.566879,0.019108,-0.547771
QFT,4,16,0,QFT_H4_Q16_s0_shifted,4,4,2,1,2,0.500000,621,619,0.996779,1.983897,1.990307,0.323101,0.457327,0.004847,-0.452480
QFT,4,16,0,QFT_H4_Q16_s0_shifted,4,4,3,1,2,0.750000,416,415,0.997596,2.961538,2.968675,0.240990,0.216346,0.007229,-0.209117
QFT,4,16,0,QFT_H4_Q16_s0_shifted,4,4,4,1,2,1.000000,314,314,1.000000,3.923567,3.923567,0.000000,0.012739,0.012739,0.000000
QFT,4,16,0,QFT_H4_Q16_s0_shifted,8,8,2,1,2,0.250000,621,621,1.000000,1.983897,1.983897,0.000000,0.658615,0.009662,-0.648953
QFT,4,16,0,QFT_H4_Q16_s0_shifted,8,8,3,1,2,0.375000,416,416,1.000000,2.961538,2.961538,0.000000,0.509615,0.009615,-0.500000
QFT,4,16,0,QFT_H4_Q16_s0_shifted,8,8,4,1,2,0.500000,314,314,1.000000,3.923567,3.923567,0.000000,0.401274,0.012739,-0.388535
QFT,4,16,1,QFT_H4_Q16_s1_shifted,16,16,2,1,2,0.125000,619,619,1.000000,1.990307,1.990307,0.000000,0.759289,0.011309,-0.747980
QFT,4,16,1,QFT_H4_Q16_s1_shifted,16,16,3,1,2,0.187500,416,416,1.000000,2.961538,2.961538,0.000000,0.677885,0.012019,-0.665866
QFT,4,16,1,QFT_H4_Q16_s1_shifted,16,16,4,1,2,0.250000,314,314,1.000000,3.923567,3.923567,0.000000,0.624204,0.012739,-0.611465
QFT,4,16,1,QFT_H4_Q16_s1_shifted,4,4,2,1,2,0.500000,619,619,1.000000,1.990307,1.990307,0.000000,0.466882,0.003231,-0.463651
QFT,4,16,1,QFT_H4_Q16_s1_shifted,4,4,3,1,2,0.750000,416,416,1.000000,2.961538,2.961538,0.000000,0.221154,0.004808,-0.216346
QFT,4,16,1,QFT_H4_Q16_s1_shifted,4,4,4,1,2,1.000000,314,314,1.000000,3.923567,3.923567,0.000000,0.006369,0.006369,0.000000
QFT,4,16,1,QFT_H4_Q16_s1_shifted,8,8,2,1,2,0.250000,619,619,1.000000,1.990307,1.990307,0.000000,0.680129,0.004847,-0.675282
QFT,4,16,1,QFT_H4_Q16_s1_shifted,8,8,3,1,2,0.375000,416,416,1.000000,2.961538,2.961538,0.000000,0.533654,0.007212,-0.526442
QFT,4,16,1,QFT_H4_Q16_s1_shifted,8,8,4,1,2,0.500000,314,314,1.000000,3.923567,3.923567,0.000000,0.43949,0.009554,-0.429936
QFT,4,16,2,QFT_H4_Q16_s2_shifted,16,16,2,1,2,0.125000,621,621,1.000000,1.983897,1.983897,0.000000,0.724638,0.011272,-0.713366
QFT,4,16,2,QFT_H4_Q16_s2_shifted,16,16,3,1,2,0.187500,417,417,1.000000,2.954436,2.954436,0.000000,0.63789,0.01199,-0.625900
QFT,4,16,2,QFT_H4_Q16_s2_shifted,16,16,4,1,2,0.250000,315,315,1.000000,3.911111,3.911111,0.000000,0.577778,0.012698,-0.565080
QFT,4,16,2,QFT_H4_Q16_s2_shifted,4,4,2,1,2,0.500000,621,621,1.000000,1.983897,1.983897,0.000000,0.470209,0.004831,-0.465378
QFT,4,16,2,QFT_H4_Q16_s2_shifted,4,4,3,1,2,0.750000,417,417,1.000000,2.954436,2.954436,0.000000,0.235012,0.007194,-0.227818
QFT,4,16,2,QFT_H4_Q16_s2_shifted,4,4,4,1,2,1.000000,315,315,1.000000,3.911111,3.911111,0.000000,0.009524,0.009524,0.000000
QFT,4,16,2,QFT_H4_Q16_s2_shifted,8,8,2,1,2,0.250000,621,621,1.000000,1.983897,1.983897,0.000000,0.657005,0.006441,-0.650564
QFT,4,16,2,QFT_H4_Q16_s2_shifted,8,8,3,1,2,0.375000,417,417,1.000000,2.954436,2.954436,0.000000,0.539568,0.007194,-0.532374
QFT,4,16,2,QFT_H4_Q16_s2_shifted,8,8,4,1,2,0.500000,315,315,1.000000,3.911111,3.911111,0.000000,0.444444,0.009524,-0.434920
QFT,4,16,3,QFT_H4_Q16_s3_shifted,16,16,2,1,2,0.125000,621,621,1.000000,1.983897,1.983897,0.000000,0.73913,0.014493,-0.724637
QFT,4,16,3,QFT_H4_Q16_s3_shifted,16,16,3,1,2,0.187500,417,417,1.000000,2.954436,2.954436,0.000000,0.633094,0.016787,-0.616307
QFT,4,16,3,QFT_H4_Q16_s3_shifted,16,16,4,1,2,0.250000,315,315,1.000000,3.911111,3.911111,0.000000,0.584127,0.019048,-0.565079
QFT,4,16,3,QFT_H4_Q16_s3_shifted,4,4,2,1,2,0.500000,621,620,0.998390,1.983897,1.987097,0.161299,0.463768,0.004839,-0.458929
QFT,4,16,3,QFT_H4_Q16_s3_shifted,4,4,3,1,2,0.750000,417,417,1.000000,2.954436,2.954436,0.000000,0.223022,0.009592,-0.213430
QFT,4,16,3,QFT_H4_Q16_s3_shifted,4,4,4,1,2,1.000000,315,315,1.000000,3.911111,3.911111,0.000000,0.012698,0.012698,0.000000
QFT,4,16,3,QFT_H4_Q16_s3_shifted,8,8,2,1,2,0.250000,621,621,1.000000,1.983897,1.983897,0.000000,0.657005,0.009662,-0.647343
QFT,4,16,3,QFT_H4_Q16_s3_shifted,8,8,3,1,2,0.375000,417,417,1.000000,2.954436,2.954436,0.000000,0.539568,0.01199,-0.527578
QFT,4,16,3,QFT_H4_Q16_s3_shifted,8,8,4,1,2,0.500000,315,315,1.000000,3.911111,3.911111,0.000000,0.44127,0.012698,-0.428572
QFT,4,16,4,QFT_H4_Q16_s4_shifted,16,16,2,1,2,0.125000,619,620,1.001616,1.990307,1.987097,-0.161282,0.707593,0.01129,-0.696303
QFT,4,16,4,QFT_H4_Q16_s4_shifted,16,16,3,1,2,0.187500,415,415,1.000000,2.968675,2.968675,0.000000,0.604819,0.012048,-0.592771
QFT,4,16,4,QFT_H4_Q16_s4_shifted,16,16,4,1,2,0.250000,314,314,1.000000,3.923567,3.923567,0.000000,0.538217,0.015924,-0.522293
QFT,4,16,4,QFT_H4_Q16_s4_shifted,4,4,2,1,2,0.500000,619,620,1.001616,1.990307,1.987097,-0.161282,0.449111,0.004839,-0.444272
QFT,4,16,4,QFT_H4_Q16_s4_shifted,4,4,3,1,2,0.750000,415,415,1.000000,2.968675,2.968675,0.000000,0.214458,0.007229,-0.207229
QFT,4,16,4,QFT_H4_Q16_s4_shifted,4,4,4,1,2,1.000000,314,314,1.000000,3.923567,3.923567,0.000000,0.009554,0.009554,0.000000
QFT,4,16,4,QFT_H4_Q16_s4_shifted,8,8,2,1,2,0.250000,619,620,1.001616,1.990307,1.987097,-0.161282,0.633279,0.006452,-0.626827
QFT,4,16,4,QFT_H4_Q16_s4_shifted,8,8,3,1,2,0.375000,415,415,1.000000,2.968675,2.968675,0.000000,0.503614,0.009639,-0.493975
QFT,4,16,4,QFT_H4_Q16_s4_shifted,8,8,4,1,2,0.500000,314,314,1.000000,3.923567,3.923567,0.000000,0.407643,0.012739,-0.394904
QFT,6,36,0,QFT_H6_Q36_s0_shifted,16,16,2,1,2,0.125000,3191,3191,1.000000,1.996866,1.996866,0.000000,0.702914,0.002194,-0.700720
QFT,6,36,0,QFT_H6_Q36_s0_shifted,16,16,3,1,2,0.187500,2130,2130,1.000000,2.991549,2.991549,0.000000,0.577465,0.001878,-0.575587
QFT,6,36,0,QFT_H6_Q36_s0_shifted,16,16,4,1,2,0.250000,1600,1601,1.000625,3.9825,3.980012,-0.062473,0.49375,0.002498,-0.491252
QFT,6,36,0,QFT_H6_Q36_s0_shifted,4,4,2,1,2,0.500000,3191,3191,1.000000,1.996866,1.996866,0.000000,0.428079,0.00094,-0.427139
QFT,6,36,0,QFT_H6_Q36_s0_shifted,4,4,3,1,2,0.750000,2130,2131,1.000469,2.991549,2.990145,-0.046932,0.221596,0.001408,-0.220188
QFT,6,36,0,QFT_H6_Q36_s0_shifted,4,4,4,1,2,1.000000,1601,1601,1.000000,3.980012,3.980012,0.000000,0.001874,0.001874,0.000000
QFT,6,36,0,QFT_H6_Q36_s0_shifted,8,8,2,1,2,0.250000,3191,3191,1.000000,1.996866,1.996866,0.000000,0.615481,0.001254,-0.614227
QFT,6,36,0,QFT_H6_Q36_s0_shifted,8,8,3,1,2,0.375000,2130,2131,1.000469,2.991549,2.990145,-0.046932,0.465728,0.001877,-0.463851
QFT,6,36,0,QFT_H6_Q36_s0_shifted,8,8,4,1,2,0.500000,1600,1601,1.000625,3.9825,3.980012,-0.062473,0.355,0.002498,-0.352502
QFT,6,36,1,QFT_H6_Q36_s1_shifted,16,16,2,1,2,0.125000,3191,3191,1.000000,1.996866,1.996866,0.000000,0.69508,0.00188,-0.693200
QFT,6,36,1,QFT_H6_Q36_s1_shifted,16,16,3,1,2,0.187500,2131,2131,1.000000,2.990145,2.990145,0.000000,0.565462,0.003285,-0.562177
QFT,6,36,1,QFT_H6_Q36_s1_shifted,16,16,4,1,2,0.250000,1601,1601,1.000000,3.980012,3.980012,0.000000,0.476577,0.002498,-0.474079
QFT,6,36,1,QFT_H6_Q36_s1_shifted,4,4,2,1,2,0.500000,3191,3191,1.000000,1.996866,1.996866,0.000000,0.43278,0.000627,-0.432153
QFT,6,36,1,QFT_H6_Q36_s1_shifted,4,4,3,1,2,0.750000,2131,2131,1.000000,2.990145,2.990145,0.000000,0.224308,0.001877,-0.222431
QFT,6,36,1,QFT_H6_Q36_s1_shifted,4,4,4,1,2,1.000000,1601,1601,1.000000,3.980012,3.980012,0.000000,0.001874,0.001874,0.000000
QFT,6,36,1,QFT_H6_Q36_s1_shifted,8,8,2,1,2,0.250000,3191,3191,1.000000,1.996866,1.996866,0.000000,0.605766,0.001254,-0.604512
QFT,6,36,1,QFT_H6_Q36_s1_shifted,8,8,3,1,2,0.375000,2131,2131,1.000000,2.990145,2.990145,0.000000,0.463163,0.002346,-0.460817
QFT,6,36,1,QFT_H6_Q36_s1_shifted,8,8,4,1,2,0.500000,1601,1601,1.000000,3.980012,3.980012,0.000000,0.364147,0.001874,-0.362273
QFT,6,36,2,QFT_H6_Q36_s2_shifted,16,16,2,1,2,0.125000,3191,3191,1.000000,1.996866,1.996866,0.000000,0.696647,0.002194,-0.694453
QFT,6,36,2,QFT_H6_Q36_s2_shifted,16,16,3,1,2,0.187500,2130,2130,1.000000,2.991549,2.991549,0.000000,0.565258,0.001878,-0.563380
QFT,6,36,2,QFT_H6_Q36_s2_shifted,16,16,4,1,2,0.250000,1600,1600,1.000000,3.9825,3.9825,0.000000,0.486875,0.0025,-0.484375
QFT,6,36,2,QFT_H6_Q36_s2_shifted,4,4,2,1,2,0.500000,3191,3191,1.000000,1.996866,1.996866,0.000000,0.423065,0.00094,-0.422125
QFT,6,36,2,QFT_H6_Q36_s2_shifted,4,4,3,1,2,0.750000,2130,2130,1.000000,2.991549,2.991549,0.000000,0.215023,0.001408,-0.213615
QFT,6,36,2,QFT_H6_Q36_s2_shifted,4,4,4,1,2,1.000000,1600,1600,1.000000,3.9825,3.9825,0.000000,0.001875,0.001875,0.000000
QFT,6,36,2,QFT_H6_Q36_s2_shifted,8,8,2,1,2,0.250000,3191,3191,1.000000,1.996866,1.996866,0.000000,0.610467,0.001254,-0.609213
QFT,6,36,2,QFT_H6_Q36_s2_shifted,8,8,3,1,2,0.375000,2130,2130,1.000000,2.991549,2.991549,0.000000,0.44507,0.001408,-0.443662
QFT,6,36,2,QFT_H6_Q36_s2_shifted,8,8,4,1,2,0.500000,1600,1600,1.000000,3.9825,3.9825,0.000000,0.3425,0.001875,-0.340625
QFT,6,36,3,QFT_H6_Q36_s3_shifted,16,16,2,1,2,0.125000,3190,3191,1.000313,1.997492,1.996866,-0.031339,0.709718,0.002507,-0.707211
QFT,6,36,3,QFT_H6_Q36_s3_shifted,16,16,3,1,2,0.187500,2131,2131,1.000000,2.990145,2.990145,0.000000,0.588456,0.003285,-0.585171
QFT,6,36,3,QFT_H6_Q36_s3_shifted,16,16,4,1,2,0.250000,1602,1602,1.000000,3.977528,3.977528,0.000000,0.513109,0.00437,-0.508739
QFT,6,36,3,QFT_H6_Q36_s3_shifted,4,4,2,1,2,0.500000,3190,3190,1.000000,1.997492,1.997492,0.000000,0.440125,0.00094,-0.439185
QFT,6,36,3,QFT_H6_Q36_s3_shifted,4,4,3,1,2,0.750000,2131,2130,0.999531,2.990145,2.991549,0.046954,0.218677,0.001408,-0.217269
QFT,6,36,3,QFT_H6_Q36_s3_shifted,4,4,4,1,2,1.000000,1602,1602,1.000000,3.977528,3.977528,0.000000,0.003121,0.003121,0.000000
QFT,6,36,3,QFT_H6_Q36_s3_shifted,8,8,2,1,2,0.250000,3190,3191,1.000313,1.997492,1.996866,-0.031339,0.625392,0.00188,-0.623512
QFT,6,36,3,QFT_H6_Q36_s3_shifted,8,8,3,1,2,0.375000,2131,2131,1.000000,2.990145,2.990145,0.000000,0.479118,0.002816,-0.476302
QFT,6,36,3,QFT_H6_Q36_s3_shifted,8,8,4,1,2,0.500000,1602,1602,1.000000,3.977528,3.977528,0.000000,0.378901,0.003745,-0.375156
QFT,6,36,4,QFT_H6_Q36_s4_shifted,16,16,2,1,2,0.125000,3191,3191,1.000000,1.996866,1.996866,0.000000,0.690379,0.002507,-0.687872
QFT,6,36,4,QFT_H6_Q36_s4_shifted,16,16,3,1,2,0.187500,2131,2131,1.000000,2.990145,2.990145,0.000000,0.561708,0.004693,-0.557015
QFT,6,36,4,QFT_H6_Q36_s4_shifted,16,16,4,1,2,0.250000,1601,1601,1.000000,3.980012,3.980012,0.000000,0.465959,0.004997,-0.460962
QFT,6,36,4,QFT_H6_Q36_s4_shifted,4,4,2,1,2,0.500000,3191,3192,1.000313,1.996866,1.996241,-0.031299,0.427766,0.001566,-0.426200
QFT,6,36,4,QFT_H6_Q36_s4_shifted,4,4,3,1,2,0.750000,2131,2131,1.000000,2.990145,2.990145,0.000000,0.207414,0.001408,-0.206006
QFT,6,36,4,QFT_H6_Q36_s4_shifted,4,4,4,1,2,1.000000,1601,1601,1.000000,3.980012,3.980012,0.000000,0.001249,0.001249,0.000000
QFT,6,36,4,QFT_H6_Q36_s4_shifted,8,8,2,1,2,0.250000,3191,3191,1.000000,1.996866,1.996866,0.000000,0.602006,0.001567,-0.600439
QFT,6,36,4,QFT_H6_Q36_s4_shifted,8,8,3,1,2,0.375000,2131,2131,1.000000,2.990145,2.990145,0.000000,0.442046,0.002816,-0.439230
QFT,6,36,4,QFT_H6_Q36_s4_shifted,8,8,4,1,2,0.500000,1601,1601,1.000000,3.980012,3.980012,0.000000,0.349157,0.003123,-0.346034
VQE,4,16,0,VQE_H4_Q16_s0_shifted,16,16,2,1,2,0.125000,131,131,1.000000,1.954198,1.954198,0.000000,0.755725,0.053435,-0.702290
VQE,4,16,0,VQE_H4_Q16_s0_shifted,16,16,3,1,2,0.187500,89,89,1.000000,2.876404,2.876404,0.000000,0.651685,0.05618,-0.595505
VQE,4,16,0,VQE_H4_Q16_s0_shifted,16,16,4,1,2,0.250000,67,67,1.000000,3.820896,3.820896,0.000000,0.552239,0.044776,-0.507463
VQE,4,16,0,VQE_H4_Q16_s0_shifted,4,4,2,1,2,0.500000,131,131,1.000000,1.954198,1.954198,0.000000,0.435115,0.022901,-0.412214
VQE,4,16,0,VQE_H4_Q16_s0_shifted,4,4,3,1,2,0.750000,89,89,1.000000,2.876404,2.876404,0.000000,0.202247,0.033708,-0.168539
VQE,4,16,0,VQE_H4_Q16_s0_shifted,4,4,4,1,2,1.000000,67,67,1.000000,3.820896,3.820896,0.000000,0.029851,0.029851,0.000000
VQE,4,16,0,VQE_H4_Q16_s0_shifted,8,8,2,1,2,0.250000,131,131,1.000000,1.954198,1.954198,0.000000,0.648855,0.038168,-0.610687
VQE,4,16,0,VQE_H4_Q16_s0_shifted,8,8,3,1,2,0.375000,89,89,1.000000,2.876404,2.876404,0.000000,0.505618,0.044944,-0.460674
VQE,4,16,0,VQE_H4_Q16_s0_shifted,8,8,4,1,2,0.500000,67,67,1.000000,3.820896,3.820896,0.000000,0.358209,0.029851,-0.328358
VQE,4,16,1,VQE_H4_Q16_s1_shifted,16,16,2,1,2,0.125000,131,131,1.000000,1.954198,1.954198,0.000000,0.755725,0.053435,-0.702290
VQE,4,16,1,VQE_H4_Q16_s1_shifted,16,16,3,1,2,0.187500,89,89,1.000000,2.876404,2.876404,0.000000,0.651685,0.05618,-0.595505
VQE,4,16,1,VQE_H4_Q16_s1_shifted,16,16,4,1,2,0.250000,67,67,1.000000,3.820896,3.820896,0.000000,0.552239,0.044776,-0.507463
VQE,4,16,1,VQE_H4_Q16_s1_shifted,4,4,2,1,2,0.500000,131,131,1.000000,1.954198,1.954198,0.000000,0.435115,0.022901,-0.412214
VQE,4,16,1,VQE_H4_Q16_s1_shifted,4,4,3,1,2,0.750000,89,89,1.000000,2.876404,2.876404,0.000000,0.202247,0.033708,-0.168539
VQE,4,16,1,VQE_H4_Q16_s1_shifted,4,4,4,1,2,1.000000,67,67,1.000000,3.820896,3.820896,0.000000,0.029851,0.029851,0.000000
VQE,4,16,1,VQE_H4_Q16_s1_shifted,8,8,2,1,2,0.250000,131,131,1.000000,1.954198,1.954198,0.000000,0.648855,0.038168,-0.610687
VQE,4,16,1,VQE_H4_Q16_s1_shifted,8,8,3,1,2,0.375000,89,89,1.000000,2.876404,2.876404,0.000000,0.505618,0.044944,-0.460674
VQE,4,16,1,VQE_H4_Q16_s1_shifted,8,8,4,1,2,0.500000,67,67,1.000000,3.820896,3.820896,0.000000,0.358209,0.029851,-0.328358
VQE,4,16,2,VQE_H4_Q16_s2_shifted,16,16,2,1,2,0.125000,131,131,1.000000,1.954198,1.954198,0.000000,0.755725,0.053435,-0.702290
VQE,4,16,2,VQE_H4_Q16_s2_shifted,16,16,3,1,2,0.187500,89,89,1.000000,2.876404,2.876404,0.000000,0.651685,0.05618,-0.595505
VQE,4,16,2,VQE_H4_Q16_s2_shifted,16,16,4,1,2,0.250000,67,67,1.000000,3.820896,3.820896,0.000000,0.552239,0.044776,-0.507463
VQE,4,16,2,VQE_H4_Q16_s2_shifted,4,4,2,1,2,0.500000,131,131,1.000000,1.954198,1.954198,0.000000,0.435115,0.022901,-0.412214
VQE,4,16,2,VQE_H4_Q16_s2_shifted,4,4,3,1,2,0.750000,89,89,1.000000,2.876404,2.876404,0.000000,0.202247,0.033708,-0.168539
VQE,4,16,2,VQE_H4_Q16_s2_shifted,4,4,4,1,2,1.000000,67,67,1.000000,3.820896,3.820896,0.000000,0.029851,0.029851,0.000000
VQE,4,16,2,VQE_H4_Q16_s2_shifted,8,8,2,1,2,0.250000,131,131,1.000000,1.954198,1.954198,0.000000,0.648855,0.038168,-0.610687
VQE,4,16,2,VQE_H4_Q16_s2_shifted,8,8,3,1,2,0.375000,89,89,1.000000,2.876404,2.876404,0.000000,0.505618,0.044944,-0.460674
VQE,4,16,2,VQE_H4_Q16_s2_shifted,8,8,4,1,2,0.500000,67,67,1.000000,3.820896,3.820896,0.000000,0.358209,0.029851,-0.328358
VQE,4,16,3,VQE_H4_Q16_s3_shifted,16,16,2,1,2,0.125000,131,131,1.000000,1.954198,1.954198,0.000000,0.755725,0.053435,-0.702290
VQE,4,16,3,VQE_H4_Q16_s3_shifted,16,16,3,1,2,0.187500,89,89,1.000000,2.876404,2.876404,0.000000,0.651685,0.05618,-0.595505
VQE,4,16,3,VQE_H4_Q16_s3_shifted,16,16,4,1,2,0.250000,67,67,1.000000,3.820896,3.820896,0.000000,0.552239,0.044776,-0.507463
VQE,4,16,3,VQE_H4_Q16_s3_shifted,4,4,2,1,2,0.500000,131,131,1.000000,1.954198,1.954198,0.000000,0.435115,0.022901,-0.412214
VQE,4,16,3,VQE_H4_Q16_s3_shifted,4,4,3,1,2,0.750000,89,89,1.000000,2.876404,2.876404,0.000000,0.202247,0.033708,-0.168539
VQE,4,16,3,VQE_H4_Q16_s3_shifted,4,4,4,1,2,1.000000,67,67,1.000000,3.820896,3.820896,0.000000,0.029851,0.029851,0.000000
VQE,4,16,3,VQE_H4_Q16_s3_shifted,8,8,2,1,2,0.250000,131,131,1.000000,1.954198,1.954198,0.000000,0.648855,0.038168,-0.610687
VQE,4,16,3,VQE_H4_Q16_s3_shifted,8,8,3,1,2,0.375000,89,89,1.000000,2.876404,2.876404,0.000000,0.505618,0.044944,-0.460674
VQE,4,16,3,VQE_H4_Q16_s3_shifted,8,8,4,1,2,0.500000,67,67,1.000000,3.820896,3.820896,0.000000,0.358209,0.029851,-0.328358
VQE,4,16,4,VQE_H4_Q16_s4_shifted,16,16,2,1,2,0.125000,131,131,1.000000,1.954198,1.954198,0.000000,0.755725,0.053435,-0.702290
VQE,4,16,4,VQE_H4_Q16_s4_shifted,16,16,3,1,2,0.187500,89,89,1.000000,2.876404,2.876404,0.000000,0.651685,0.05618,-0.595505
VQE,4,16,4,VQE_H4_Q16_s4_shifted,16,16,4,1,2,0.250000,67,67,1.000000,3.820896,3.820896,0.000000,0.552239,0.044776,-0.507463
VQE,4,16,4,VQE_H4_Q16_s4_shifted,4,4,2,1,2,0.500000,131,131,1.000000,1.954198,1.954198,0.000000,0.435115,0.022901,-0.412214
VQE,4,16,4,VQE_H4_Q16_s4_shifted,4,4,3,1,2,0.750000,89,89,1.000000,2.876404,2.876404,0.000000,0.202247,0.033708,-0.168539
VQE,4,16,4,VQE_H4_Q16_s4_shifted,4,4,4,1,2,1.000000,67,67,1.000000,3.820896,3.820896,0.000000,0.029851,0.029851,0.000000
VQE,4,16,4,VQE_H4_Q16_s4_shifted,8,8,2,1,2,0.250000,131,131,1.000000,1.954198,1.954198,0.000000,0.648855,0.038168,-0.610687
VQE,4,16,4,VQE_H4_Q16_s4_shifted,8,8,3,1,2,0.375000,89,89,1.000000,2.876404,2.876404,0.000000,0.505618,0.044944,-0.460674
VQE,4,16,4,VQE_H4_Q16_s4_shifted,8,8,4,1,2,0.500000,67,67,1.000000,3.820896,3.820896,0.000000,0.358209,0.029851,-0.328358
VQE,6,36,0,VQE_H6_Q36_s0_shifted,16,16,2,1,2,0.125000,651,651,1.000000,1.990783,1.990783,0.000000,0.824885,0.013825,-0.811060
VQE,6,36,0,VQE_H6_Q36_s0_shifted,16,16,3,1,2,0.187500,435,435,1.000000,2.97931,2.97931,0.000000,0.742529,0.013793,-0.728736
VQE,6,36,0,VQE_H6_Q36_s0_shifted,16,16,4,1,2,0.250000,327,327,1.000000,3.963303,3.963303,0.000000,0.663609,0.015291,-0.648318
VQE,6,36,0,VQE_H6_Q36_s0_shifted,4,4,2,1,2,0.500000,651,651,1.000000,1.990783,1.990783,0.000000,0.470046,0.004608,-0.465438
VQE,6,36,0,VQE_H6_Q36_s0_shifted,4,4,3,1,2,0.750000,435,435,1.000000,2.97931,2.97931,0.000000,0.222989,0.004598,-0.218391
VQE,6,36,0,VQE_H6_Q36_s0_shifted,4,4,4,1,2,1.000000,327,327,1.000000,3.963303,3.963303,0.000000,0.006116,0.006116,0.000000
VQE,6,36,0,VQE_H6_Q36_s0_shifted,8,8,2,1,2,0.250000,651,651,1.000000,1.990783,1.990783,0.000000,0.708141,0.00768,-0.700461
VQE,6,36,0,VQE_H6_Q36_s0_shifted,8,8,3,1,2,0.375000,435,435,1.000000,2.97931,2.97931,0.000000,0.567816,0.006897,-0.560919
VQE,6,36,0,VQE_H6_Q36_s0_shifted,8,8,4,1,2,0.500000,327,327,1.000000,3.963303,3.963303,0.000000,0.434251,0.009174,-0.425077
VQE,6,36,1,VQE_H6_Q36_s1_shifted,16,16,2,1,2,0.125000,651,651,1.000000,1.990783,1.990783,0.000000,0.824885,0.013825,-0.811060
VQE,6,36,1,VQE_H6_Q36_s1_shifted,16,16,3,1,2,0.187500,435,435,1.000000,2.97931,2.97931,0.000000,0.742529,0.013793,-0.728736
VQE,6,36,1,VQE_H6_Q36_s1_shifted,16,16,4,1,2,0.250000,327,327,1.000000,3.963303,3.963303,0.000000,0.663609,0.015291,-0.648318
VQE,6,36,1,VQE_H6_Q36_s1_shifted,4,4,2,1,2,0.500000,651,651,1.000000,1.990783,1.990783,0.000000,0.470046,0.004608,-0.465438
VQE,6,36,1,VQE_H6_Q36_s1_shifted,4,4,3,1,2,0.750000,435,435,1.000000,2.97931,2.97931,0.000000,0.222989,0.004598,-0.218391
VQE,6,36,1,VQE_H6_Q36_s1_shifted,4,4,4,1,2,1.000000,327,327,1.000000,3.963303,3.963303,0.000000,0.006116,0.006116,0.000000
VQE,6,36,1,VQE_H6_Q36_s1_shifted,8,8,2,1,2,0.250000,651,651,1.000000,1.990783,1.990783,0.000000,0.708141,0.00768,-0.700461
VQE,6,36,1,VQE_H6_Q36_s1_shifted,8,8,3,1,2,0.375000,435,435,1.000000,2.97931,2.97931,0.000000,0.567816,0.006897,-0.560919
VQE,6,36,1,VQE_H6_Q36_s1_shifted,8,8,4,1,2,0.500000,327,327,1.000000,3.963303,3.963303,0.000000,0.434251,0.009174,-0.425077
VQE,6,36,2,VQE_H6_Q36_s2_shifted,16,16,2,1,2,0.125000,651,651,1.000000,1.990783,1.990783,0.000000,0.824885,0.013825,-0.811060
VQE,6,36,2,VQE_H6_Q36_s2_shifted,16,16,3,1,2,0.187500,435,435,1.000000,2.97931,2.97931,0.000000,0.742529,0.013793,-0.728736
VQE,6,36,2,VQE_H6_Q36_s2_shifted,16,16,4,1,2,0.250000,327,327,1.000000,3.963303,3.963303,0.000000,0.663609,0.015291,-0.648318
VQE,6,36,2,VQE_H6_Q36_s2_shifted,4,4,2,1,2,0.500000,651,651,1.000000,1.990783,1.990783,0.000000,0.470046,0.004608,-0.465438
VQE,6,36,2,VQE_H6_Q36_s2_shifted,4,4,3,1,2,0.750000,435,435,1.000000,2.97931,2.97931,0.000000,0.222989,0.004598,-0.218391
VQE,6,36,2,VQE_H6_Q36_s2_shifted,4,4,4,1,2,1.000000,327,327,1.000000,3.963303,3.963303,0.000000,0.006116,0.006116,0.000000
VQE,6,36,2,VQE_H6_Q36_s2_shifted,8,8,2,1,2,0.250000,651,651,1.000000,1.990783,1.990783,0.000000,0.708141,0.00768,-0.700461
VQE,6,36,2,VQE_H6_Q36_s2_shifted,8,8,3,1,2,0.375000,435,435,1.000000,2.97931,2.97931,0.000000,0.567816,0.006897,-0.560919
VQE,6,36,2,VQE_H6_Q36_s2_shifted,8,8,4,1,2,0.500000,327,327,1.000000,3.963303,3.963303,0.000000,0.434251,0.009174,-0.425077
VQE,6,36,3,VQE_H6_Q36_s3_shifted,16,16,2,1,2,0.125000,651,651,1.000000,1.990783,1.990783,0.000000,0.824885,0.013825,-0.811060
VQE,6,36,3,VQE_H6_Q36_s3_shifted,16,16,3,1,2,0.187500,435,435,1.000000,2.97931,2.97931,0.000000,0.742529,0.013793,-0.728736
VQE,6,36,3,VQE_H6_Q36_s3_shifted,16,16,4,1,2,0.250000,327,327,1.000000,3.963303,3.963303,0.000000,0.663609,0.015291,-0.648318
VQE,6,36,3,VQE_H6_Q36_s3_shifted,4,4,2,1,2,0.500000,651,651,1.000000,1.990783,1.990783,0.000000,0.470046,0.004608,-0.465438
VQE,6,36,3,VQE_H6_Q36_s3_shifted,4,4,3,1,2,0.750000,435,435,1.000000,2.97931,2.97931,0.000000,0.222989,0.004598,-0.218391
VQE,6,36,3,VQE_H6_Q36_s3_shifted,4,4,4,1,2,1.000000,327,327,1.000000,3.963303,3.963303,0.000000,0.006116,0.006116,0.000000
VQE,6,36,3,VQE_H6_Q36_s3_shifted,8,8,2,1,2,0.250000,651,651,1.000000,1.990783,1.990783,0.000000,0.708141,0.00768,-0.700461
VQE,6,36,3,VQE_H6_Q36_s3_shifted,8,8,3,1,2,0.375000,435,435,1.000000,2.97931,2.97931,0.000000,0.567816,0.006897,-0.560919
VQE,6,36,3,VQE_H6_Q36_s3_shifted,8,8,4,1,2,0.500000,327,327,1.000000,3.963303,3.963303,0.000000,0.434251,0.009174,-0.425077
VQE,6,36,4,VQE_H6_Q36_s4_shifted,16,16,2,1,2,0.125000,651,651,1.000000,1.990783,1.990783,0.000000,0.824885,0.013825,-0.811060
VQE,6,36,4,VQE_H6_Q36_s4_shifted,16,16,3,1,2,0.187500,435,435,1.000000,2.97931,2.97931,0.000000,0.742529,0.013793,-0.728736
VQE,6,36,4,VQE_H6_Q36_s4_shifted,16,16,4,1,2,0.250000,327,327,1.000000,3.963303,3.963303,0.000000,0.663609,0.015291,-0.648318
VQE,6,36,4,VQE_H6_Q36_s4_shifted,4,4,2,1,2,0.500000,651,651,1.000000,1.990783,1.990783,0.000000,0.470046,0.004608,-0.465438
VQE,6,36,4,VQE_H6_Q36_s4_shifted,4,4,3,1,2,0.750000,435,435,1.000000,2.97931,2.97931,0.000000,0.222989,0.004598,-0.218391
VQE,6,36,4,VQE_H6_Q36_s4_shifted,4,4,4,1,2,1.000000,327,327,1.000000,3.963303,3.963303,0.000000,0.006116,0.006116,0.000000
VQE,6,36,4,VQE_H6_Q36_s4_shifted,8,8,2,1,2,0.250000,651,651,1.000000,1.990783,1.990783,0.000000,0.708141,0.00768,-0.700461
VQE,6,36,4,VQE_H6_Q36_s4_shifted,8,8,3,1,2,0.375000,435,435,1.000000,2.97931,2.97931,0.000000,0.567816,0.006897,-0.560919
VQE,6,36,4,VQE_H6_Q36_s4_shifted,8,8,4,1,2,0.500000,327,327,1.000000,3.963303,3.963303,0.000000,0.434251,0.009174,-0.425077
VQE,8,64,0,VQE_H8_Q64_s0_shifted,16,16,2,1,2,0.125000,2051,2051,1.000000,1.997075,1.997075,0.000000,0.846904,0.004388,-0.842516
VQE,8,64,0,VQE_H8_Q64_s0_shifted,16,16,3,1,2,0.187500,1369,1369,1.000000,2.991965,2.991965,0.000000,0.772827,0.005113,-0.767714
VQE,8,64,0,VQE_H8_Q64_s0_shifted,16,16,4,1,2,0.250000,1027,1027,1.000000,3.988315,3.988315,0.000000,0.699124,0.004869,-0.694255
VQE,8,64,0,VQE_H8_Q64_s0_shifted,4,4,2,1,2,0.500000,2051,2051,1.000000,1.997075,1.997075,0.000000,0.483667,0.001463,-0.482204
VQE,8,64,0,VQE_H8_Q64_s0_shifted,4,4,3,1,2,0.750000,1369,1369,1.000000,2.991965,2.991965,0.000000,0.234478,0.002191,-0.232287
VQE,8,64,0,VQE_H8_Q64_s0_shifted,4,4,4,1,2,1.000000,1027,1027,1.000000,3.988315,3.988315,0.000000,0.001947,0.001947,0.000000
VQE,8,64,0,VQE_H8_Q64_s0_shifted,8,8,2,1,2,0.250000,2051,2051,1.000000,1.997075,1.997075,0.000000,0.725987,0.002438,-0.723549
VQE,8,64,0,VQE_H8_Q64_s0_shifted,8,8,3,1,2,0.375000,1369,1369,1.000000,2.991965,2.991965,0.000000,0.593134,0.002922,-0.590212
VQE,8,64,0,VQE_H8_Q64_s0_shifted,8,8,4,1,2,0.500000,1027,1027,1.000000,3.988315,3.988315,0.000000,0.462512,0.002921,-0.459591
VQE,8,64,1,VQE_H8_Q64_s1_shifted,16,16,2,1,2,0.125000,2051,2051,1.000000,1.997075,1.997075,0.000000,0.846904,0.004388,-0.842516
VQE,8,64,1,VQE_H8_Q64_s1_shifted,16,16,3,1,2,0.187500,1369,1369,1.000000,2.991965,2.991965,0.000000,0.772827,0.005113,-0.767714
VQE,8,64,1,VQE_H8_Q64_s1_shifted,16,16,4,1,2,0.250000,1027,1027,1.000000,3.988315,3.988315,0.000000,0.699124,0.004869,-0.694255
VQE,8,64,1,VQE_H8_Q64_s1_shifted,4,4,2,1,2,0.500000,2051,2051,1.000000,1.997075,1.997075,0.000000,0.483667,0.001463,-0.482204
VQE,8,64,1,VQE_H8_Q64_s1_shifted,4,4,3,1,2,0.750000,1369,1369,1.000000,2.991965,2.991965,0.000000,0.234478,0.002191,-0.232287
VQE,8,64,1,VQE_H8_Q64_s1_shifted,4,4,4,1,2,1.000000,1027,1027,1.000000,3.988315,3.988315,0.000000,0.001947,0.001947,0.000000
VQE,8,64,1,VQE_H8_Q64_s1_shifted,8,8,2,1,2,0.250000,2051,2051,1.000000,1.997075,1.997075,0.000000,0.725987,0.002438,-0.723549
VQE,8,64,1,VQE_H8_Q64_s1_shifted,8,8,3,1,2,0.375000,1369,1369,1.000000,2.991965,2.991965,0.000000,0.593134,0.002922,-0.590212
VQE,8,64,1,VQE_H8_Q64_s1_shifted,8,8,4,1,2,0.500000,1027,1027,1.000000,3.988315,3.988315,0.000000,0.462512,0.002921,-0.459591
VQE,8,64,2,VQE_H8_Q64_s2_shifted,16,16,2,1,2,0.125000,2051,2051,1.000000,1.997075,1.997075,0.000000,0.846904,0.004388,-0.842516
VQE,8,64,2,VQE_H8_Q64_s2_shifted,16,16,3,1,2,0.187500,1369,1369,1.000000,2.991965,2.991965,0.000000,0.772827,0.005113,-0.767714
VQE,8,64,2,VQE_H8_Q64_s2_shifted,16,16,4,1,2,0.250000,1027,1027,1.000000,3.988315,3.988315,0.000000,0.699124,0.004869,-0.694255
VQE,8,64,2,VQE_H8_Q64_s2_shifted,4,4,2,1,2,0.500000,2051,2051,1.000000,1.997075,1.997075,0.000000,0.483667,0.001463,-0.482204
VQE,8,64,2,VQE_H8_Q64_s2_shifted,4,4,3,1,2,0.750000,1369,1369,1.000000,2.991965,2.991965,0.000000,0.234478,0.002191,-0.232287
VQE,8,64,2,VQE_H8_Q64_s2_shifted,4,4,4,1,2,1.000000,1027,1027,1.000000,3.988315,3.988315,0.000000,0.001947,0.001947,0.000000
VQE,8,64,2,VQE_H8_Q64_s2_shifted,8,8,2,1,2,0.250000,2051,2051,1.000000,1.997075,1.997075,0.000000,0.725987,0.002438,-0.723549
VQE,8,64,2,VQE_H8_Q64_s2_shifted,8,8,3,1,2,0.375000,1369,1369,1.000000,2.991965,2.991965,0.000000,0.593134,0.002922,-0.590212
VQE,8,64,2,VQE_H8_Q64_s2_shifted,8,8,4,1,2,0.500000,1027,1027,1.000000,3.988315,3.988315,0.000000,0.462512,0.002921,-0.459591
VQE,8,64,3,VQE_H8_Q64_s3_shifted,16,16,2,1,2,0.125000,2051,2051,1.000000,1.997075,1.997075,0.000000,0.846904,0.004388,-0.842516
VQE,8,64,3,VQE_H8_Q64_s3_shifted,16,16,3,1,2,0.187500,1369,1369,1.000000,2.991965,2.991965,0.000000,0.772827,0.005113,-0.767714
VQE,8,64,3,VQE_H8_Q64_s3_shifted,16,16,4,1,2,0.250000,1027,1027,1.000000,3.988315,3.988315,0.000000,0.699124,0.004869,-0.694255
VQE,8,64,3,VQE_H8_Q64_s3_shifted,4,4,2,1,2,0.500000,2051,2051,1.000000,1.997075,1.997075,0.000000,0.483667,0.001463,-0.482204
VQE,8,64,3,VQE_H8_Q64_s3_shifted,4,4,3,1,2,0.750000,1369,1369,1.000000,2.991965,2.991965,0.000000,0.234478,0.002191,-0.232287
VQE,8,64,3,VQE_H8_Q64_s3_shifted,4,4,4,1,2,1.000000,1027,1027,1.000000,3.988315,3.988315,0.000000,0.001947,0.001947,0.000000
VQE,8,64,3,VQE_H8_Q64_s3_shifted,8,8,2,1,2,0.250000,2051,2051,1.000000,1.997075,1.997075,0.000000,0.725987,0.002438,-0.723549
VQE,8,64,3,VQE_H8_Q64_s3_shifted,8,8,3,1,2,0.375000,1369,1369,1.000000,2.991965,2.991965,0.000000,0.593134,0.002922,-0.590212
VQE,8,64,3,VQE_H8_Q64_s3_shifted,8,8,4,1,2,0.500000,1027,1027,1.000000,3.988315,3.988315,0.000000,0.462512,0.002921,-0.459591
VQE,8,64,4,VQE_H8_Q64_s4_shifted,16,16,2,1,2,0.125000,2051,2051,1.000000,1.997075,1.997075,0.000000,0.846904,0.004388,-0.842516
VQE,8,64,4,VQE_H8_Q64_s4_shifted,16,16,3,1,2,0.187500,1369,1369,1.000000,2.991965,2.991965,0.000000,0.772827,0.005113,-0.767714
VQE,8,64,4,VQE_H8_Q64_s4_shifted,16,16,4,1,2,0.250000,1027,1027,1.000000,3.988315,3.988315,0.000000,0.699124,0.004869,-0.694255
VQE,8,64,4,VQE_H8_Q64_s4_shifted,4,4,2,1,2,0.500000,2051,2051,1.000000,1.997075,1.997075,0.000000,0.483667,0.001463,-0.482204
VQE,8,64,4,VQE_H8_Q64_s4_shifted,4,4,3,1,2,0.750000,1369,1369,1.000000,2.991965,2.991965,0.000000,0.234478,0.002191,-0.232287
VQE,8,64,4,VQE_H8_Q64_s4_shifted,4,4,4,1,2,1.000000,1027,1027,1.000000,3.988315,3.988315,0.000000,0.001947,0.001947,0.000000
VQE,8,64,4,VQE_H8_Q64_s4_shifted,8,8,2,1,2,0.250000,2051,2051,1.000000,1.997075,1.997075,0.000000,0.725987,0.002438,-0.723549
VQE,8,64,4,VQE_H8_Q64_s4_shifted,8,8,3,1,2,0.375000,1369,1369,1.000000,2.991965,2.991965,0.000000,0.593134,0.002922,-0.590212
VQE,8,64,4,VQE_H8_Q64_s4_shifted,8,8,4,1,2,0.500000,1027,1027,1.000000,3.988315,3.988315,0.000000,0.462512,0.002921,-0.459591
