algorithm,hardware_size,logical_qubits,dag_variant,policy,release_mode,issue_width,l_meas,l_ff,meas_width,ff_width,n_seeds,total_nodes_median,total_cycles_median,ff_chain_depth_median,throughput_median,throughput_q1,throughput_q3,stall_rate_median,stall_rate_q1,stall_rate_q3,utilization_median,ff_chain_depth_raw_median,ff_chain_depth_shifted_median
QAOA,4,16,raw,asap,next_cycle,8,1,1,8,4,5,318.0,112.0,34.0,2.878049,2.802251,3.156084,0.107143,0.079709,0.152702,0.359756,34.0,2.0
QAOA,4,16,raw,asap,next_cycle,8,1,1,8,8,5,318.0,107.0,34.0,3.051724,2.958203,3.439176,0.293103,0.27291,0.358298,0.381466,34.0,2.0
QAOA,4,16,raw,asap,next_cycle,8,1,2,8,4,5,318.0,146.0,34.0,2.226415,2.178082,2.52541,0.291045,0.205468,0.311644,0.278302,34.0,2.0
QAOA,4,16,raw,asap,next_cycle,8,1,2,8,8,5,318.0,142.0,34.0,2.298701,2.231606,2.593902,0.467532,0.451697,0.515882,0.287338,34.0,2.0
QAOA,4,16,raw,asap,next_cycle,8,2,1,8,4,5,318.0,146.0,34.0,2.226415,2.178082,2.52541,0.291045,0.205468,0.311644,0.278302,34.0,2.0
QAOA,4,16,raw,asap,next_cycle,8,2,1,8,8,5,318.0,142.0,34.0,2.298701,2.231606,2.593902,0.467532,0.451697,0.515882,0.287338,34.0,2.0
QAOA,4,16,raw,asap,next_cycle,8,2,2,8,4,5,318.0,181.0,34.0,1.806122,1.756906,2.049512,0.370166,0.349878,0.412321,0.225765,34.0,2.0
QAOA,4,16,raw,asap,next_cycle,8,2,2,8,8,5,318.0,177.0,34.0,1.84375,1.791564,2.082172,0.572917,0.559908,0.611328,0.230469,34.0,2.0
QAOA,4,16,raw,greedy_critical,next_cycle,8,1,1,8,4,5,318.0,108.0,34.0,3.0,2.904654,3.267094,0.157407,0.103949,0.181623,0.375,34.0,2.0
QAOA,4,16,raw,greedy_critical,next_cycle,8,1,1,8,8,5,318.0,105.0,34.0,3.105263,3.028571,3.518319,0.395833,0.336358,0.409524,0.388158,34.0,2.0
QAOA,4,16,raw,greedy_critical,next_cycle,8,1,2,8,4,5,318.0,141.0,34.0,2.313725,2.255319,2.593902,0.271318,0.205416,0.343971,0.289216,34.0,2.0
QAOA,4,16,raw,greedy_critical,next_cycle,8,1,2,8,8,5,318.0,140.0,34.0,2.328947,2.271429,2.638739,0.546875,0.502269,0.557143,0.291118,34.0,2.0
QAOA,4,16,raw,greedy_critical,next_cycle,8,2,1,8,4,5,318.0,141.0,34.0,2.313725,2.255319,2.593902,0.271318,0.205416,0.343971,0.289216,34.0,2.0
QAOA,4,16,raw,greedy_critical,next_cycle,8,2,1,8,8,5,318.0,140.0,34.0,2.328947,2.271429,2.638739,0.546875,0.502269,0.557143,0.291118,34.0,2.0
QAOA,4,16,raw,greedy_critical,next_cycle,8,2,2,8,4,5,318.0,176.0,34.0,1.853403,1.806818,2.082172,0.440994,0.393377,0.474432,0.231675,34.0,2.0
QAOA,4,16,raw,greedy_critical,next_cycle,8,2,2,8,8,5,318.0,175.0,34.0,1.863158,1.817143,2.110991,0.6375,0.601815,0.645714,0.232895,34.0,2.0
QAOA,4,16,raw,regime_switch,next_cycle,8,1,1,8,4,5,318.0,111.0,34.0,2.917431,2.839512,3.157498,0.109244,0.081387,0.182532,0.364679,34.0,2.0
QAOA,4,16,raw,regime_switch,next_cycle,8,1,1,8,8,5,318.0,107.0,34.0,3.051724,2.958203,3.439176,0.293103,0.27291,0.358298,0.381466,34.0,2.0
QAOA,4,16,raw,regime_switch,next_cycle,8,1,2,8,4,5,318.0,143.0,34.0,2.298701,2.223776,2.552583,0.300699,0.226388,0.324001,0.287338,34.0,2.0
QAOA,4,16,raw,regime_switch,next_cycle,8,1,2,8,8,5,318.0,142.0,34.0,2.298701,2.231606,2.593902,0.467532,0.451697,0.515882,0.287338,34.0,2.0
QAOA,4,16,raw,regime_switch,next_cycle,8,2,1,8,4,5,318.0,143.0,34.0,2.298701,2.223776,2.516621,0.272727,0.207713,0.321678,0.287338,34.0,2.0
QAOA,4,16,raw,regime_switch,next_cycle,8,2,1,8,8,5,318.0,142.0,34.0,2.298701,2.231606,2.593902,0.467532,0.451697,0.515882,0.287338,34.0,2.0
QAOA,4,16,raw,regime_switch,next_cycle,8,2,2,8,4,5,318.0,177.0,34.0,1.853403,1.79661,2.05546,0.413613,0.365521,0.435029,0.231675,34.0,2.0
QAOA,4,16,raw,regime_switch,next_cycle,8,2,2,8,8,5,318.0,177.0,34.0,1.84375,1.791564,2.082172,0.572917,0.559908,0.611328,0.230469,34.0,2.0
QAOA,4,16,raw,shifted_critical,next_cycle,8,1,1,8,4,5,318.0,108.0,34.0,3.0,2.904654,3.267094,0.144068,0.099876,0.177803,0.375,34.0,2.0
QAOA,4,16,raw,shifted_critical,next_cycle,8,1,1,8,8,5,318.0,105.0,34.0,3.105263,3.028571,3.518319,0.395833,0.336358,0.409524,0.388158,34.0,2.0
QAOA,4,16,raw,shifted_critical,next_cycle,8,1,2,8,4,5,318.0,141.0,34.0,2.313725,2.255319,2.593902,0.271318,0.247432,0.343971,0.289216,34.0,2.0
QAOA,4,16,raw,shifted_critical,next_cycle,8,1,2,8,8,5,318.0,140.0,34.0,2.328947,2.271429,2.638739,0.546875,0.502269,0.557143,0.291118,34.0,2.0
QAOA,4,16,raw,shifted_critical,next_cycle,8,2,1,8,4,5,318.0,141.0,34.0,2.313725,2.255319,2.593902,0.271318,0.247432,0.343971,0.289216,34.0,2.0
QAOA,4,16,raw,shifted_critical,next_cycle,8,2,1,8,8,5,318.0,140.0,34.0,2.328947,2.271429,2.638739,0.546875,0.502269,0.557143,0.291118,34.0,2.0
QAOA,4,16,raw,shifted_critical,next_cycle,8,2,2,8,4,5,318.0,176.0,34.0,1.853403,1.806818,2.082172,0.440994,0.386621,0.474432,0.231675,34.0,2.0
QAOA,4,16,raw,shifted_critical,next_cycle,8,2,2,8,8,5,318.0,175.0,34.0,1.863158,1.817143,2.110991,0.6375,0.601815,0.645714,0.232895,34.0,2.0
QAOA,4,16,raw,stall_aware_shifted,next_cycle,8,1,1,8,4,5,318.0,111.0,34.0,2.917431,2.839512,3.157498,0.109244,0.081387,0.182532,0.364679,34.0,2.0
QAOA,4,16,raw,stall_aware_shifted,next_cycle,8,1,1,8,8,5,318.0,105.0,34.0,3.105263,3.028571,3.518319,0.364583,0.336358,0.4,0.388158,34.0,2.0
QAOA,4,16,raw,stall_aware_shifted,next_cycle,8,1,2,8,4,5,318.0,143.0,34.0,2.298701,2.223776,2.552583,0.300699,0.226388,0.324001,0.287338,34.0,2.0
QAOA,4,16,raw,stall_aware_shifted,next_cycle,8,1,2,8,8,5,318.0,140.0,34.0,2.328947,2.271429,2.638739,0.523438,0.502269,0.55,0.291118,34.0,2.0
QAOA,4,16,raw,stall_aware_shifted,next_cycle,8,2,1,8,4,5,318.0,143.0,34.0,2.298701,2.223776,2.516621,0.272727,0.207713,0.321678,0.287338,34.0,2.0
QAOA,4,16,raw,stall_aware_shifted,next_cycle,8,2,1,8,8,5,318.0,140.0,34.0,2.328947,2.271429,2.638739,0.523438,0.502269,0.55,0.291118,34.0,2.0
QAOA,4,16,raw,stall_aware_shifted,next_cycle,8,2,2,8,4,5,318.0,177.0,34.0,1.853403,1.79661,2.05546,0.413613,0.365521,0.435029,0.231675,34.0,2.0
QAOA,4,16,raw,stall_aware_shifted,next_cycle,8,2,2,8,8,5,318.0,175.0,34.0,1.863158,1.817143,2.110991,0.61875,0.601815,0.64,0.232895,34.0,2.0
QAOA,4,16,shifted,asap,next_cycle,8,1,1,8,4,5,318.0,82.0,2.0,3.878049,3.878049,3.896862,0.168675,0.152439,0.244036,0.484756,34.0,2.0
QAOA,4,16,shifted,asap,next_cycle,8,1,1,8,8,5,318.0,43.0,2.0,7.395349,7.369318,7.395349,0.023256,0.02178,0.023256,0.924419,34.0,2.0
QAOA,4,16,shifted,asap,next_cycle,8,1,2,8,4,5,318.0,83.0,2.0,3.831325,3.821545,3.839576,0.176471,0.150603,0.241226,0.478916,34.0,2.0
QAOA,4,16,shifted,asap,next_cycle,8,1,2,8,8,5,318.0,45.0,2.0,7.066667,7.055072,7.073334,0.044444,0.041739,0.044444,0.883333,34.0,2.0
QAOA,4,16,shifted,asap,next_cycle,8,2,1,8,4,5,318.0,83.0,2.0,3.831325,3.821545,3.839576,0.176471,0.150603,0.241226,0.478916,34.0,2.0
QAOA,4,16,shifted,asap,next_cycle,8,2,1,8,8,5,318.0,45.0,2.0,7.066667,7.055072,7.073334,0.044444,0.041739,0.044444,0.883333,34.0,2.0
QAOA,4,16,shifted,asap,next_cycle,8,2,2,8,4,5,318.0,85.0,2.0,3.741176,3.732657,3.753566,0.183908,0.164706,0.252879,0.467647,34.0,2.0
QAOA,4,16,shifted,asap,next_cycle,8,2,2,8,8,5,318.0,47.0,2.0,6.765957,6.757979,6.786824,0.06383,0.060096,0.06383,0.845745,34.0,2.0
QAOA,4,16,shifted,greedy_critical,next_cycle,8,1,1,8,4,5,318.0,82.0,2.0,3.878049,3.878049,3.896862,0.329268,0.321187,0.334963,0.484756,34.0,2.0
QAOA,4,16,shifted,greedy_critical,next_cycle,8,1,1,8,8,5,318.0,42.0,2.0,7.571429,7.533399,7.571429,0.02381,0.022267,0.02381,0.946429,34.0,2.0
QAOA,4,16,shifted,greedy_critical,next_cycle,8,1,2,8,4,5,318.0,83.0,2.0,3.831325,3.831325,3.852485,0.337349,0.317412,0.348612,0.478916,34.0,2.0
QAOA,4,16,shifted,greedy_critical,next_cycle,8,1,2,8,8,5,318.0,43.0,2.0,7.395349,7.369318,7.395349,0.046512,0.043561,0.046512,0.924419,34.0,2.0
QAOA,4,16,shifted,greedy_critical,next_cycle,8,2,1,8,4,5,318.0,83.0,2.0,3.831325,3.831325,3.852485,0.337349,0.317412,0.348612,0.478916,34.0,2.0
QAOA,4,16,shifted,greedy_critical,next_cycle,8,2,1,8,8,5,318.0,43.0,2.0,7.395349,7.369318,7.395349,0.046512,0.043561,0.046512,0.924419,34.0,2.0
QAOA,4,16,shifted,greedy_critical,next_cycle,8,2,2,8,4,5,318.0,84.0,2.0,3.785714,3.785714,3.809108,0.322581,0.315477,0.331372,0.473214,34.0,2.0
QAOA,4,16,shifted,greedy_critical,next_cycle,8,2,2,8,8,5,318.0,45.0,2.0,7.066667,7.055072,7.073334,0.066667,0.062608,0.066667,0.883333,34.0,2.0
QAOA,4,16,shifted,regime_switch,next_cycle,8,1,1,8,4,5,318.0,86.0,2.0,3.726316,3.710906,3.741176,0.047059,0.040771,0.061199,0.465789,34.0,2.0
QAOA,4,16,shifted,regime_switch,next_cycle,8,1,1,8,8,5,318.0,43.0,2.0,7.395349,7.369318,7.395349,0.023256,0.02178,0.023256,0.924419,34.0,2.0
QAOA,4,16,shifted,regime_switch,next_cycle,8,1,2,8,4,5,318.0,89.0,2.0,3.613636,3.593335,3.644967,0.079545,0.075409,0.096017,0.451705,34.0,2.0
QAOA,4,16,shifted,regime_switch,next_cycle,8,1,2,8,8,5,318.0,45.0,2.0,7.066667,7.055072,7.073334,0.044444,0.041739,0.044444,0.883333,34.0,2.0
QAOA,4,16,shifted,regime_switch,next_cycle,8,2,1,8,4,5,318.0,89.0,2.0,3.613636,3.593335,3.644967,0.079545,0.075409,0.096017,0.451705,34.0,2.0
QAOA,4,16,shifted,regime_switch,next_cycle,8,2,1,8,8,5,318.0,45.0,2.0,7.066667,7.055072,7.073334,0.044444,0.041739,0.044444,0.883333,34.0,2.0
QAOA,4,16,shifted,regime_switch,next_cycle,8,2,2,8,4,5,318.0,92.0,2.0,3.521739,3.475513,3.597586,0.108696,0.095977,0.109293,0.440217,34.0,2.0
QAOA,4,16,shifted,regime_switch,next_cycle,8,2,2,8,8,5,318.0,47.0,2.0,6.765957,6.757979,6.786824,0.06383,0.060096,0.06383,0.845745,34.0,2.0
QAOA,4,16,shifted,shifted_critical,next_cycle,8,1,1,8,4,5,318.0,82.0,2.0,3.878049,3.878049,3.896862,0.329268,0.309065,0.347159,0.484756,34.0,2.0
QAOA,4,16,shifted,shifted_critical,next_cycle,8,1,1,8,8,5,318.0,42.0,2.0,7.571429,7.533399,7.571429,0.02381,0.022267,0.02381,0.946429,34.0,2.0
QAOA,4,16,shifted,shifted_critical,next_cycle,8,1,2,8,4,5,318.0,83.0,2.0,3.831325,3.831325,3.852485,0.315217,0.311389,0.343373,0.478916,34.0,2.0
QAOA,4,16,shifted,shifted_critical,next_cycle,8,1,2,8,8,5,318.0,43.0,2.0,7.395349,7.369318,7.395349,0.046512,0.043561,0.046512,0.924419,34.0,2.0
QAOA,4,16,shifted,shifted_critical,next_cycle,8,2,1,8,4,5,318.0,83.0,2.0,3.831325,3.831325,3.852485,0.315217,0.311389,0.343373,0.478916,34.0,2.0
QAOA,4,16,shifted,shifted_critical,next_cycle,8,2,1,8,8,5,318.0,43.0,2.0,7.395349,7.369318,7.395349,0.046512,0.043561,0.046512,0.924419,34.0,2.0
QAOA,4,16,shifted,shifted_critical,next_cycle,8,2,2,8,4,5,318.0,84.0,2.0,3.785714,3.785714,3.809108,0.309524,0.3053,0.32549,0.473214,34.0,2.0
QAOA,4,16,shifted,shifted_critical,next_cycle,8,2,2,8,8,5,318.0,45.0,2.0,7.066667,7.055072,7.073334,0.066667,0.062608,0.066667,0.883333,34.0,2.0
QAOA,4,16,shifted,stall_aware_shifted,next_cycle,8,1,1,8,4,5,318.0,86.0,2.0,3.726316,3.710906,3.741176,0.047059,0.040771,0.061199,0.465789,34.0,2.0
QAOA,4,16,shifted,stall_aware_shifted,next_cycle,8,1,1,8,8,5,318.0,47.0,2.0,6.893617,6.765957,6.92711,0.078431,0.064523,0.095745,0.861702,34.0,2.0
QAOA,4,16,shifted,stall_aware_shifted,next_cycle,8,1,2,8,4,5,318.0,89.0,2.0,3.613636,3.593335,3.644967,0.079545,0.075409,0.096017,0.451705,34.0,2.0
QAOA,4,16,shifted,stall_aware_shifted,next_cycle,8,1,2,8,8,5,318.0,47.0,2.0,6.765957,6.627877,6.917396,0.085106,0.081768,0.114416,0.845745,34.0,2.0
QAOA,4,16,shifted,stall_aware_shifted,next_cycle,8,2,1,8,4,5,318.0,89.0,2.0,3.613636,3.593335,3.644967,0.079545,0.075409,0.096017,0.451705,34.0,2.0
QAOA,4,16,shifted,stall_aware_shifted,next_cycle,8,2,1,8,8,5,318.0,47.0,2.0,6.765957,6.627877,6.917396,0.085106,0.081768,0.114416,0.845745,34.0,2.0
QAOA,4,16,shifted,stall_aware_shifted,next_cycle,8,2,2,8,4,5,318.0,92.0,2.0,3.521739,3.475513,3.597586,0.108696,0.095977,0.109293,0.440217,34.0,2.0
QAOA,4,16,shifted,stall_aware_shifted,next_cycle,8,2,2,8,8,5,318.0,50.0,2.0,6.36,6.297647,6.517778,0.12,0.115556,0.158432,0.795,34.0,2.0
QAOA,6,36,raw,asap,next_cycle,8,1,1,8,4,5,1614.0,427.0,76.0,3.825,3.73879,3.897601,0.0325,0.017806,0.050411,0.478125,76.0,2.0
QAOA,6,36,raw,asap,next_cycle,8,1,1,8,8,5,1614.0,255.0,76.0,6.044944,5.915195,6.504819,0.090196,0.072153,0.123847,0.755618,76.0,2.0
QAOA,6,36,raw,asap,next_cycle,8,1,2,8,4,5,1614.0,447.0,76.0,3.608491,3.520929,3.727713,0.073113,0.042418,0.094991,0.451061,76.0,2.0
QAOA,6,36,raw,asap,next_cycle,8,1,2,8,8,5,1614.0,319.0,76.0,5.028037,4.715535,5.295427,0.178683,0.122363,0.203468,0.628505,76.0,2.0
QAOA,6,36,raw,asap,next_cycle,8,2,1,8,4,5,1614.0,447.0,76.0,3.608491,3.520929,3.727713,0.073113,0.042418,0.094991,0.451061,76.0,2.0
QAOA,6,36,raw,asap,next_cycle,8,2,1,8,8,5,1614.0,319.0,76.0,5.028037,4.715535,5.295427,0.178683,0.122363,0.203468,0.628505,76.0,2.0
QAOA,6,36,raw,asap,next_cycle,8,2,2,8,4,5,1614.0,472.0,76.0,3.304536,3.24179,3.501728,0.116959,0.076439,0.13551,0.413067,76.0,2.0
QAOA,6,36,raw,asap,next_cycle,8,2,2,8,8,5,1614.0,391.0,76.0,4.127877,3.835092,4.30526,0.28836,0.233283,0.301031,0.515985,76.0,2.0
QAOA,6,36,raw,greedy_critical,next_cycle,8,1,1,8,4,5,1614.0,422.0,76.0,3.863636,3.799821,3.930224,0.014218,0.010706,0.03947,0.482955,76.0,2.0
QAOA,6,36,raw,greedy_critical,next_cycle,8,1,1,8,8,5,1614.0,231.0,76.0,6.987013,6.509363,7.294692,0.064935,0.044914,0.112026,0.873377,76.0,2.0
QAOA,6,36,raw,greedy_critical,next_cycle,8,1,2,8,4,5,1614.0,439.0,76.0,3.686747,3.590807,3.79294,0.057831,0.032311,0.072598,0.460843,76.0,2.0
QAOA,6,36,raw,greedy_critical,next_cycle,8,1,2,8,8,5,1614.0,308.0,76.0,5.24026,4.882022,5.47403,0.243506,0.205688,0.263591,0.655032,76.0,2.0
QAOA,6,36,raw,greedy_critical,next_cycle,8,2,1,8,4,5,1614.0,439.0,76.0,3.686747,3.590807,3.79294,0.057831,0.032311,0.072598,0.460843,76.0,2.0
QAOA,6,36,raw,greedy_critical,next_cycle,8,2,1,8,8,5,1614.0,308.0,76.0,5.24026,4.882022,5.47403,0.243506,0.205688,0.263591,0.655032,76.0,2.0
QAOA,6,36,raw,greedy_critical,next_cycle,8,2,2,8,4,5,1614.0,464.0,76.0,3.370044,3.3072,3.567254,0.110132,0.081046,0.125847,0.421256,76.0,2.0
QAOA,6,36,raw,greedy_critical,next_cycle,8,2,2,8,8,5,1614.0,385.0,76.0,4.192208,3.905617,4.380673,0.366577,0.341436,0.39713,0.524026,76.0,2.0
QAOA,6,36,raw,regime_switch,next_cycle,8,1,1,8,4,5,1614.0,435.0,76.0,3.775744,3.739409,3.838157,0.025172,0.011762,0.036864,0.471968,76.0,2.0
QAOA,6,36,raw,regime_switch,next_cycle,8,1,1,8,8,5,1614.0,255.0,76.0,6.044944,5.915195,6.504819,0.090196,0.072153,0.123847,0.755618,76.0,2.0
QAOA,6,36,raw,regime_switch,next_cycle,8,1,2,8,4,5,1614.0,452.0,76.0,3.554566,3.457553,3.608438,0.04646,0.037735,0.087014,0.444321,76.0,2.0
QAOA,6,36,raw,regime_switch,next_cycle,8,1,2,8,8,5,1614.0,319.0,76.0,5.028037,4.715535,5.295427,0.178683,0.122363,0.203468,0.628505,76.0,2.0
QAOA,6,36,raw,regime_switch,next_cycle,8,2,1,8,4,5,1614.0,452.0,76.0,3.508696,3.47183,3.598554,0.063636,0.036569,0.078143,0.438587,76.0,2.0
QAOA,6,36,raw,regime_switch,next_cycle,8,2,1,8,8,5,1614.0,319.0,76.0,5.028037,4.715535,5.295427,0.178683,0.122363,0.203468,0.628505,76.0,2.0
QAOA,6,36,raw,regime_switch,next_cycle,8,2,2,8,4,5,1614.0,489.0,76.0,3.287169,3.135845,3.424203,0.118095,0.078802,0.126539,0.410896,76.0,2.0
QAOA,6,36,raw,regime_switch,next_cycle,8,2,2,8,8,5,1614.0,391.0,76.0,4.127877,3.835092,4.30526,0.28836,0.233283,0.301031,0.515985,76.0,2.0
QAOA,6,36,raw,shifted_critical,next_cycle,8,1,1,8,4,5,1614.0,422.0,76.0,3.863636,3.799821,3.930224,0.020979,0.013192,0.03947,0.482955,76.0,2.0
QAOA,6,36,raw,shifted_critical,next_cycle,8,1,1,8,8,5,1614.0,231.0,76.0,6.987013,6.509363,7.294692,0.064935,0.044914,0.112026,0.873377,76.0,2.0
QAOA,6,36,raw,shifted_critical,next_cycle,8,1,2,8,4,5,1614.0,439.0,76.0,3.686747,3.59072,3.79294,0.057831,0.032371,0.067111,0.460843,76.0,2.0
QAOA,6,36,raw,shifted_critical,next_cycle,8,1,2,8,8,5,1614.0,308.0,76.0,5.24026,4.882022,5.47403,0.24026,0.207372,0.263591,0.655032,76.0,2.0
QAOA,6,36,raw,shifted_critical,next_cycle,8,2,1,8,4,5,1614.0,439.0,76.0,3.686747,3.59072,3.79294,0.057831,0.032371,0.067111,0.460843,76.0,2.0
QAOA,6,36,raw,shifted_critical,next_cycle,8,2,1,8,8,5,1614.0,308.0,76.0,5.24026,4.882022,5.47403,0.24026,0.207372,0.263591,0.655032,76.0,2.0
QAOA,6,36,raw,shifted_critical,next_cycle,8,2,2,8,4,5,1614.0,464.0,76.0,3.377483,3.3072,3.567254,0.110375,0.075832,0.125847,0.422185,76.0,2.0
QAOA,6,36,raw,shifted_critical,next_cycle,8,2,2,8,8,5,1614.0,385.0,76.0,4.192208,3.905617,4.380673,0.366577,0.341436,0.39713,0.524026,76.0,2.0
QAOA,6,36,raw,stall_aware_shifted,next_cycle,8,1,1,8,4,5,1614.0,435.0,76.0,3.775744,3.739409,3.838157,0.025172,0.011762,0.036864,0.471968,76.0,2.0
QAOA,6,36,raw,stall_aware_shifted,next_cycle,8,1,1,8,8,5,1614.0,252.0,76.0,6.071429,5.809839,6.491672,0.059761,0.049842,0.109856,0.758929,76.0,2.0
QAOA,6,36,raw,stall_aware_shifted,next_cycle,8,1,2,8,4,5,1614.0,452.0,76.0,3.554566,3.457553,3.608438,0.04646,0.037735,0.087014,0.444321,76.0,2.0
QAOA,6,36,raw,stall_aware_shifted,next_cycle,8,1,2,8,8,5,1614.0,311.0,76.0,4.93578,4.851112,5.41036,0.217391,0.161041,0.232223,0.616972,76.0,2.0
QAOA,6,36,raw,stall_aware_shifted,next_cycle,8,2,1,8,4,5,1614.0,452.0,76.0,3.508696,3.47183,3.598554,0.063636,0.036569,0.078143,0.438587,76.0,2.0
QAOA,6,36,raw,stall_aware_shifted,next_cycle,8,2,1,8,8,5,1614.0,313.0,76.0,5.028037,4.814779,5.341722,0.218391,0.155647,0.228473,0.628505,76.0,2.0
QAOA,6,36,raw,stall_aware_shifted,next_cycle,8,2,2,8,4,5,1614.0,489.0,76.0,3.287169,3.135845,3.424203,0.118095,0.078802,0.126539,0.410896,76.0,2.0
QAOA,6,36,raw,stall_aware_shifted,next_cycle,8,2,2,8,8,5,1614.0,385.0,76.0,4.1491,3.905617,4.35207,0.33162,0.313564,0.381954,0.518638,76.0,2.0
QAOA,6,36,shifted,asap,next_cycle,8,1,1,8,4,5,1614.0,406.0,2.0,3.975904,3.974697,3.977977,0.233766,0.221764,0.248192,0.496988,76.0,2.0
QAOA,6,36,shifted,asap,next_cycle,8,1,1,8,8,5,1614.0,204.0,2.0,7.894737,7.890668,7.906377,0.004902,0.004785,0.005052,0.986842,76.0,2.0
QAOA,6,36,shifted,asap,next_cycle,8,1,2,8,4,5,1614.0,407.0,2.0,3.966346,3.964666,3.968248,0.235751,0.222444,0.247596,0.495793,76.0,2.0
QAOA,6,36,shifted,asap,next_cycle,8,1,2,8,8,5,1614.0,205.0,2.0,7.857143,7.851648,7.86762,0.009756,0.009524,0.010054,0.982143,76.0,2.0
QAOA,6,36,shifted,asap,next_cycle,8,2,1,8,4,5,1614.0,407.0,2.0,3.966346,3.964666,3.968248,0.235751,0.222444,0.247596,0.495793,76.0,2.0
QAOA,6,36,shifted,asap,next_cycle,8,2,1,8,8,5,1614.0,205.0,2.0,7.857143,7.851648,7.86762,0.009756,0.009524,0.010054,0.982143,76.0,2.0
QAOA,6,36,shifted,asap,next_cycle,8,2,2,8,4,5,1614.0,408.0,2.0,3.956835,3.954685,3.958566,0.235142,0.223137,0.2494,0.494604,76.0,2.0
QAOA,6,36,shifted,asap,next_cycle,8,2,2,8,8,5,1614.0,207.0,2.0,7.806122,7.791233,7.819905,0.014493,0.014218,0.01497,0.975765,76.0,2.0
QAOA,6,36,shifted,greedy_critical,next_cycle,8,1,1,8,4,5,1614.0,406.0,2.0,3.975904,3.974697,3.977977,0.426108,0.424096,0.427503,0.496988,76.0,2.0
QAOA,6,36,shifted,greedy_critical,next_cycle,8,1,1,8,8,5,1614.0,204.0,2.0,7.894737,7.890668,7.906377,0.004902,0.004785,0.005052,0.986842,76.0,2.0
QAOA,6,36,shifted,greedy_critical,next_cycle,8,1,2,8,4,5,1614.0,407.0,2.0,3.966346,3.964666,3.968248,0.425481,0.42284,0.428956,0.495793,76.0,2.0
QAOA,6,36,shifted,greedy_critical,next_cycle,8,1,2,8,8,5,1614.0,205.0,2.0,7.857143,7.851648,7.86762,0.009756,0.009524,0.010054,0.982143,76.0,2.0
QAOA,6,36,shifted,greedy_critical,next_cycle,8,2,1,8,4,5,1614.0,407.0,2.0,3.966346,3.964666,3.968248,0.425481,0.42284,0.428956,0.495793,76.0,2.0
QAOA,6,36,shifted,greedy_critical,next_cycle,8,2,1,8,8,5,1614.0,205.0,2.0,7.857143,7.851648,7.86762,0.009756,0.009524,0.010054,0.982143,76.0,2.0
QAOA,6,36,shifted,greedy_critical,next_cycle,8,2,2,8,4,5,1614.0,408.0,2.0,3.956835,3.954685,3.958566,0.426859,0.423041,0.430403,0.494604,76.0,2.0
QAOA,6,36,shifted,greedy_critical,next_cycle,8,2,2,8,8,5,1614.0,206.0,2.0,7.819905,7.813014,7.82924,0.014563,0.014218,0.015006,0.977488,76.0,2.0
QAOA,6,36,shifted,regime_switch,next_cycle,8,1,1,8,4,5,1614.0,409.0,2.0,3.94621,3.935554,3.953665,0.009901,0.007265,0.013586,0.493276,76.0,2.0
QAOA,6,36,shifted,regime_switch,next_cycle,8,1,1,8,8,5,1614.0,204.0,2.0,7.894737,7.890668,7.906377,0.004902,0.004785,0.005052,0.986842,76.0,2.0
QAOA,6,36,shifted,regime_switch,next_cycle,8,1,2,8,4,5,1614.0,414.0,2.0,3.921376,3.904252,3.940265,0.014742,0.011211,0.022718,0.490172,76.0,2.0
QAOA,6,36,shifted,regime_switch,next_cycle,8,1,2,8,8,5,1614.0,205.0,2.0,7.857143,7.851648,7.86762,0.009756,0.009524,0.010054,0.982143,76.0,2.0
QAOA,6,36,shifted,regime_switch,next_cycle,8,2,1,8,4,5,1614.0,414.0,2.0,3.921376,3.904252,3.940265,0.014742,0.011211,0.022718,0.490172,76.0,2.0
QAOA,6,36,shifted,regime_switch,next_cycle,8,2,1,8,8,5,1614.0,205.0,2.0,7.857143,7.851648,7.86762,0.009756,0.009524,0.010054,0.982143,76.0,2.0
QAOA,6,36,shifted,regime_switch,next_cycle,8,2,2,8,4,5,1614.0,411.0,2.0,3.927007,3.91721,3.928571,0.014599,0.013095,0.0175,0.490876,76.0,2.0
QAOA,6,36,shifted,regime_switch,next_cycle,8,2,2,8,8,5,1614.0,207.0,2.0,7.806122,7.791233,7.819905,0.014493,0.014218,0.01497,0.975765,76.0,2.0
QAOA,6,36,shifted,shifted_critical,next_cycle,8,1,1,8,4,5,1614.0,406.0,2.0,3.975904,3.974697,3.977977,0.41039,0.402688,0.414458,0.496988,76.0,2.0
QAOA,6,36,shifted,shifted_critical,next_cycle,8,1,1,8,8,5,1614.0,204.0,2.0,7.894737,7.890668,7.906377,0.004902,0.004785,0.005052,0.986842,76.0,2.0
QAOA,6,36,shifted,shifted_critical,next_cycle,8,1,2,8,4,5,1614.0,407.0,2.0,3.966346,3.964666,3.968248,0.409326,0.396778,0.415865,0.495793,76.0,2.0
QAOA,6,36,shifted,shifted_critical,next_cycle,8,1,2,8,8,5,1614.0,205.0,2.0,7.857143,7.851648,7.86762,0.009756,0.009524,0.010054,0.982143,76.0,2.0
QAOA,6,36,shifted,shifted_critical,next_cycle,8,2,1,8,4,5,1614.0,407.0,2.0,3.966346,3.964666,3.968248,0.409326,0.396778,0.415865,0.495793,76.0,2.0
QAOA,6,36,shifted,shifted_critical,next_cycle,8,2,1,8,8,5,1614.0,205.0,2.0,7.857143,7.851648,7.86762,0.009756,0.009524,0.010054,0.982143,76.0,2.0
QAOA,6,36,shifted,shifted_critical,next_cycle,8,2,2,8,4,5,1614.0,408.0,2.0,3.956835,3.954685,3.958566,0.41247,0.401973,0.415444,0.494604,76.0,2.0
QAOA,6,36,shifted,shifted_critical,next_cycle,8,2,2,8,8,5,1614.0,206.0,2.0,7.819905,7.813014,7.82924,0.014563,0.014218,0.015006,0.977488,76.0,2.0
QAOA,6,36,shifted,stall_aware_shifted,next_cycle,8,1,1,8,4,5,1614.0,409.0,2.0,3.94621,3.935554,3.953665,0.009901,0.007265,0.013586,0.493276,76.0,2.0
QAOA,6,36,shifted,stall_aware_shifted,next_cycle,8,1,1,8,8,5,1614.0,207.0,2.0,7.797101,7.774758,7.821717,0.009662,0.009456,0.012429,0.974638,76.0,2.0
QAOA,6,36,shifted,stall_aware_shifted,next_cycle,8,1,2,8,4,5,1614.0,414.0,2.0,3.921376,3.904252,3.940265,0.014742,0.011211,0.022718,0.490172,76.0,2.0
QAOA,6,36,shifted,stall_aware_shifted,next_cycle,8,1,2,8,8,5,1614.0,210.0,2.0,7.685714,7.66221,7.710212,0.02,0.018826,0.023759,0.960714,76.0,2.0
QAOA,6,36,shifted,stall_aware_shifted,next_cycle,8,2,1,8,4,5,1614.0,414.0,2.0,3.921376,3.904252,3.940265,0.014742,0.011211,0.022718,0.490172,76.0,2.0
QAOA,6,36,shifted,stall_aware_shifted,next_cycle,8,2,1,8,8,5,1614.0,210.0,2.0,7.685714,7.66221,7.710212,0.02,0.018826,0.023759,0.960714,76.0,2.0
QAOA,6,36,shifted,stall_aware_shifted,next_cycle,8,2,2,8,4,5,1614.0,411.0,2.0,3.927007,3.91721,3.928571,0.014599,0.013095,0.0175,0.490876,76.0,2.0
QAOA,6,36,shifted,stall_aware_shifted,next_cycle,8,2,2,8,8,5,1614.0,213.0,2.0,7.577465,7.552876,7.601843,0.034483,0.032487,0.03748,0.947183,76.0,2.0
QAOA,8,64,raw,asap,next_cycle,8,1,1,8,4,5,4962.0,1262.0,142.0,3.931854,3.910474,3.943948,0.018053,0.013262,0.021094,0.491482,142.0,2.0
QAOA,8,64,raw,asap,next_cycle,8,1,1,8,8,5,4962.0,679.0,142.0,7.227866,7.113596,7.380257,0.043284,0.030534,0.053349,0.903483,142.0,2.0
QAOA,8,64,raw,asap,next_cycle,8,1,2,8,4,5,4962.0,1284.0,142.0,3.843895,3.82412,3.876955,0.034536,0.025171,0.037475,0.480487,142.0,2.0
QAOA,8,64,raw,asap,next_cycle,8,1,2,8,8,5,4962.0,744.0,142.0,6.693548,6.429981,6.850312,0.084677,0.068428,0.112667,0.836694,142.0,2.0
QAOA,8,64,raw,asap,next_cycle,8,2,1,8,4,5,4962.0,1284.0,142.0,3.843895,3.82412,3.876955,0.034536,0.025171,0.037475,0.480487,142.0,2.0
QAOA,8,64,raw,asap,next_cycle,8,2,1,8,8,5,4962.0,744.0,142.0,6.693548,6.429981,6.850312,0.084677,0.068428,0.112667,0.836694,142.0,2.0
QAOA,8,64,raw,asap,next_cycle,8,2,2,8,4,5,4962.0,1312.0,142.0,3.727134,3.707334,3.789987,0.051908,0.04331,0.059248,0.465892,142.0,2.0
QAOA,8,64,raw,asap,next_cycle,8,2,2,8,8,5,4962.0,819.0,142.0,6.080586,5.726037,6.254422,0.149497,0.133337,0.176294,0.760073,142.0,2.0
QAOA,8,64,raw,greedy_critical,next_cycle,8,1,1,8,4,5,4962.0,1257.0,142.0,3.947494,3.930706,3.956516,0.01105,0.008868,0.015994,0.493437,142.0,2.0
QAOA,8,64,raw,greedy_critical,next_cycle,8,1,1,8,8,5,4962.0,626.0,142.0,7.85782,7.742423,7.935112,0.001605,0.001589,0.01083,0.982227,142.0,2.0
QAOA,8,64,raw,greedy_critical,next_cycle,8,1,2,8,4,5,4962.0,1276.0,142.0,3.882904,3.849494,3.900038,0.027581,0.013888,0.028392,0.485363,142.0,2.0
QAOA,8,64,raw,greedy_critical,next_cycle,8,1,2,8,8,5,4962.0,660.0,142.0,7.490964,7.350226,7.585669,0.00463,0.003063,0.044385,0.93637,142.0,2.0
QAOA,8,64,raw,greedy_critical,next_cycle,8,2,1,8,4,5,4962.0,1276.0,142.0,3.882904,3.849494,3.900038,0.027581,0.013888,0.028392,0.485363,142.0,2.0
QAOA,8,64,raw,greedy_critical,next_cycle,8,2,1,8,8,5,4962.0,660.0,142.0,7.490964,7.350226,7.585669,0.00463,0.003063,0.044385,0.93637,142.0,2.0
QAOA,8,64,raw,greedy_critical,next_cycle,8,2,2,8,4,5,4962.0,1304.0,142.0,3.75,3.740706,3.815014,0.048157,0.03452,0.050082,0.46875,142.0,2.0
QAOA,8,64,raw,greedy_critical,next_cycle,8,2,2,8,8,5,4962.0,730.0,142.0,6.788811,6.314806,7.043463,0.114685,0.080511,0.146747,0.848601,142.0,2.0
QAOA,8,64,raw,regime_switch,next_cycle,8,1,1,8,4,5,4962.0,1262.0,142.0,3.931854,3.921191,3.934579,0.008907,0.006369,0.011042,0.491482,142.0,2.0
QAOA,8,64,raw,regime_switch,next_cycle,8,1,1,8,8,5,4962.0,679.0,142.0,7.227866,7.113596,7.380257,0.043284,0.030534,0.053349,0.903483,142.0,2.0
QAOA,8,64,raw,regime_switch,next_cycle,8,1,2,8,4,5,4962.0,1285.0,142.0,3.853428,3.814801,3.86164,0.017121,0.013716,0.027814,0.481678,142.0,2.0
QAOA,8,64,raw,regime_switch,next_cycle,8,1,2,8,8,5,4962.0,744.0,142.0,6.693548,6.429981,6.850312,0.084677,0.068428,0.112667,0.836694,142.0,2.0
QAOA,8,64,raw,regime_switch,next_cycle,8,2,1,8,4,5,4962.0,1291.0,142.0,3.81904,3.793384,3.846692,0.028794,0.016812,0.033324,0.47738,142.0,2.0
QAOA,8,64,raw,regime_switch,next_cycle,8,2,1,8,8,5,4962.0,744.0,142.0,6.693548,6.429981,6.850312,0.084677,0.068428,0.112667,0.836694,142.0,2.0
QAOA,8,64,raw,regime_switch,next_cycle,8,2,2,8,4,5,4962.0,1368.0,142.0,3.630657,3.614039,3.663,0.050439,0.036194,0.052455,0.453832,142.0,2.0
QAOA,8,64,raw,regime_switch,next_cycle,8,2,2,8,8,5,4962.0,819.0,142.0,6.080586,5.726037,6.254422,0.149497,0.133337,0.176294,0.760073,142.0,2.0
QAOA,8,64,raw,shifted_critical,next_cycle,8,1,1,8,4,5,4962.0,1257.0,142.0,3.947494,3.930706,3.959745,0.01105,0.006039,0.01599,0.493437,142.0,2.0
QAOA,8,64,raw,shifted_critical,next_cycle,8,1,1,8,8,5,4962.0,626.0,142.0,7.85782,7.742423,7.935112,0.001605,0.001589,0.01083,0.982227,142.0,2.0
QAOA,8,64,raw,shifted_critical,next_cycle,8,1,2,8,4,5,4962.0,1276.0,142.0,3.882904,3.849494,3.903195,0.022394,0.012299,0.028296,0.485363,142.0,2.0
QAOA,8,64,raw,shifted_critical,next_cycle,8,1,2,8,8,5,4962.0,660.0,142.0,7.490964,7.350226,7.585669,0.00463,0.003063,0.045117,0.93637,142.0,2.0
QAOA,8,64,raw,shifted_critical,next_cycle,8,2,1,8,4,5,4962.0,1276.0,142.0,3.882904,3.849494,3.903195,0.022394,0.012299,0.028296,0.485363,142.0,2.0
QAOA,8,64,raw,shifted_critical,next_cycle,8,2,1,8,8,5,4962.0,660.0,142.0,7.490964,7.350226,7.585669,0.00463,0.003063,0.045117,0.93637,142.0,2.0
QAOA,8,64,raw,shifted_critical,next_cycle,8,2,2,8,4,5,4962.0,1304.0,142.0,3.75,3.739298,3.815014,0.046617,0.03452,0.05009,0.46875,142.0,2.0
QAOA,8,64,raw,shifted_critical,next_cycle,8,2,2,8,8,5,4962.0,730.0,142.0,6.788811,6.314806,7.043463,0.114685,0.077582,0.146747,0.848601,142.0,2.0
QAOA,8,64,raw,stall_aware_shifted,next_cycle,8,1,1,8,4,5,4962.0,1262.0,142.0,3.931854,3.921191,3.934579,0.008907,0.006369,0.011042,0.491482,142.0,2.0
QAOA,8,64,raw,stall_aware_shifted,next_cycle,8,1,1,8,8,5,4962.0,685.0,142.0,7.138686,7.030041,7.352752,0.035562,0.026219,0.049562,0.892336,142.0,2.0
QAOA,8,64,raw,stall_aware_shifted,next_cycle,8,1,2,8,4,5,4962.0,1285.0,142.0,3.853428,3.814801,3.86164,0.017121,0.013716,0.027814,0.481678,142.0,2.0
QAOA,8,64,raw,stall_aware_shifted,next_cycle,8,1,2,8,8,5,4962.0,760.0,142.0,6.434211,6.242247,6.678644,0.100248,0.070067,0.103493,0.804276,142.0,2.0
QAOA,8,64,raw,stall_aware_shifted,next_cycle,8,2,1,8,4,5,4962.0,1291.0,142.0,3.81904,3.793384,3.846692,0.028794,0.016812,0.033324,0.47738,142.0,2.0
QAOA,8,64,raw,stall_aware_shifted,next_cycle,8,2,1,8,8,5,4962.0,763.0,142.0,6.526868,6.239809,6.632837,0.088689,0.062081,0.106828,0.815858,142.0,2.0
QAOA,8,64,raw,stall_aware_shifted,next_cycle,8,2,2,8,4,5,4962.0,1368.0,142.0,3.630657,3.614039,3.663,0.050439,0.036194,0.052455,0.453832,142.0,2.0
QAOA,8,64,raw,stall_aware_shifted,next_cycle,8,2,2,8,8,5,4962.0,823.0,142.0,5.933985,5.615905,6.146271,0.177262,0.122111,0.197083,0.741748,142.0,2.0
QAOA,8,64,shifted,asap,next_cycle,8,1,1,8,4,5,4962.0,1243.0,2.0,3.991955,3.991807,3.99278,0.251645,0.249211,0.262348,0.498994,142.0,2.0
QAOA,8,64,shifted,asap,next_cycle,8,1,1,8,8,5,4962.0,623.0,2.0,7.968,7.964428,7.970799,0.001605,0.001602,0.001636,0.996,142.0,2.0
QAOA,8,64,shifted,asap,next_cycle,8,1,2,8,4,5,4962.0,1244.0,2.0,3.988746,3.988538,3.989579,0.25226,0.249009,0.26294,0.498593,142.0,2.0
QAOA,8,64,shifted,asap,next_cycle,8,1,2,8,8,5,4962.0,624.0,2.0,7.955272,7.951572,7.957889,0.003205,0.003197,0.003266,0.994409,142.0,2.0
QAOA,8,64,shifted,asap,next_cycle,8,2,1,8,4,5,4962.0,1244.0,2.0,3.988746,3.988538,3.989579,0.25226,0.249009,0.26294,0.498593,142.0,2.0
QAOA,8,64,shifted,asap,next_cycle,8,2,1,8,8,5,4962.0,624.0,2.0,7.955272,7.951572,7.957889,0.003205,0.003197,0.003266,0.994409,142.0,2.0
QAOA,8,64,shifted,asap,next_cycle,8,2,2,8,4,5,4962.0,1245.0,2.0,3.985542,3.985276,3.986384,0.252053,0.249216,0.263531,0.498193,142.0,2.0
QAOA,8,64,shifted,asap,next_cycle,8,2,2,8,8,5,4962.0,625.0,2.0,7.942584,7.938756,7.945021,0.0048,0.004789,0.00489,0.992823,142.0,2.0
QAOA,8,64,shifted,greedy_critical,next_cycle,8,1,1,8,4,5,4962.0,1243.0,2.0,3.991955,3.991807,3.99278,0.453125,0.452666,0.454399,0.498994,142.0,2.0
QAOA,8,64,shifted,greedy_critical,next_cycle,8,1,1,8,8,5,4962.0,623.0,2.0,7.968,7.964428,7.970799,0.001605,0.001602,0.001636,0.996,142.0,2.0
QAOA,8,64,shifted,greedy_critical,next_cycle,8,1,2,8,4,5,4962.0,1244.0,2.0,3.988746,3.988538,3.989579,0.453574,0.453109,0.454836,0.498593,142.0,2.0
QAOA,8,64,shifted,greedy_critical,next_cycle,8,1,2,8,8,5,4962.0,624.0,2.0,7.955272,7.951572,7.957889,0.003205,0.003197,0.003266,0.994409,142.0,2.0
QAOA,8,64,shifted,greedy_critical,next_cycle,8,2,1,8,4,5,4962.0,1244.0,2.0,3.988746,3.988538,3.989579,0.453574,0.453109,0.454836,0.498593,142.0,2.0
QAOA,8,64,shifted,greedy_critical,next_cycle,8,2,1,8,8,5,4962.0,624.0,2.0,7.955272,7.951572,7.957889,0.003205,0.003197,0.003266,0.994409,142.0,2.0
QAOA,8,64,shifted,greedy_critical,next_cycle,8,2,2,8,4,5,4962.0,1245.0,2.0,3.985542,3.985276,3.986384,0.454023,0.45355,0.455273,0.498193,142.0,2.0
QAOA,8,64,shifted,greedy_critical,next_cycle,8,2,2,8,8,5,4962.0,625.0,2.0,7.942584,7.938756,7.945021,0.0048,0.004789,0.00489,0.992823,142.0,2.0
QAOA,8,64,shifted,regime_switch,next_cycle,8,1,1,8,4,5,4962.0,1243.0,2.0,3.988581,3.987037,3.99117,0.000816,0.000803,0.002024,0.498573,142.0,2.0
QAOA,8,64,shifted,regime_switch,next_cycle,8,1,1,8,8,5,4962.0,623.0,2.0,7.968,7.964428,7.970799,0.001605,0.001602,0.001636,0.996,142.0,2.0
QAOA,8,64,shifted,regime_switch,next_cycle,8,1,2,8,4,5,4962.0,1248.0,2.0,3.97561,3.971695,3.979174,0.005587,0.004006,0.006525,0.496951,142.0,2.0
QAOA,8,64,shifted,regime_switch,next_cycle,8,1,2,8,8,5,4962.0,624.0,2.0,7.955272,7.951572,7.957889,0.003205,0.003197,0.003266,0.994409,142.0,2.0
QAOA,8,64,shifted,regime_switch,next_cycle,8,2,1,8,4,5,4962.0,1248.0,2.0,3.97561,3.971695,3.979174,0.005587,0.004006,0.006525,0.496951,142.0,2.0
QAOA,8,64,shifted,regime_switch,next_cycle,8,2,1,8,8,5,4962.0,624.0,2.0,7.955272,7.951572,7.957889,0.003205,0.003197,0.003266,0.994409,142.0,2.0
QAOA,8,64,shifted,regime_switch,next_cycle,8,2,2,8,4,5,4962.0,1248.0,2.0,3.977636,3.975786,3.980538,0.003994,0.003228,0.004863,0.497204,142.0,2.0
QAOA,8,64,shifted,regime_switch,next_cycle,8,2,2,8,8,5,4962.0,625.0,2.0,7.942584,7.938756,7.945021,0.0048,0.004789,0.00489,0.992823,142.0,2.0
QAOA,8,64,shifted,shifted_critical,next_cycle,8,1,1,8,4,5,4962.0,1243.0,2.0,3.991955,3.991807,3.99278,0.443282,0.442548,0.444754,0.498994,142.0,2.0
QAOA,8,64,shifted,shifted_critical,next_cycle,8,1,1,8,8,5,4962.0,623.0,2.0,7.968,7.964428,7.970799,0.001605,0.001602,0.001636,0.996,142.0,2.0
QAOA,8,64,shifted,shifted_critical,next_cycle,8,1,2,8,4,5,4962.0,1244.0,2.0,3.988746,3.988538,3.989579,0.443714,0.440887,0.44489,0.498593,142.0,2.0
QAOA,8,64,shifted,shifted_critical,next_cycle,8,1,2,8,8,5,4962.0,624.0,2.0,7.955272,7.951572,7.957889,0.003205,0.003197,0.003266,0.994409,142.0,2.0
QAOA,8,64,shifted,shifted_critical,next_cycle,8,2,1,8,4,5,4962.0,1244.0,2.0,3.988746,3.988538,3.989579,0.443714,0.440887,0.44489,0.498593,142.0,2.0
QAOA,8,64,shifted,shifted_critical,next_cycle,8,2,1,8,8,5,4962.0,624.0,2.0,7.955272,7.951572,7.957889,0.003205,0.003197,0.003266,0.994409,142.0,2.0
QAOA,8,64,shifted,shifted_critical,next_cycle,8,2,2,8,4,5,4962.0,1245.0,2.0,3.985542,3.985276,3.986384,0.444992,0.442557,0.445735,0.498193,142.0,2.0
QAOA,8,64,shifted,shifted_critical,next_cycle,8,2,2,8,8,5,4962.0,625.0,2.0,7.942584,7.938756,7.945021,0.0048,0.004789,0.00489,0.992823,142.0,2.0
QAOA,8,64,shifted,stall_aware_shifted,next_cycle,8,1,1,8,4,5,4962.0,1243.0,2.0,3.988581,3.987037,3.99117,0.000816,0.000803,0.002024,0.498573,142.0,2.0
QAOA,8,64,shifted,stall_aware_shifted,next_cycle,8,1,1,8,8,5,4962.0,625.0,2.0,7.942584,7.938756,7.951377,0.0032,0.002395,0.00326,0.992823,142.0,2.0
QAOA,8,64,shifted,stall_aware_shifted,next_cycle,8,1,2,8,4,5,4962.0,1248.0,2.0,3.97561,3.971695,3.979174,0.005587,0.004006,0.006525,0.496951,142.0,2.0
QAOA,8,64,shifted,stall_aware_shifted,next_cycle,8,1,2,8,8,5,4962.0,629.0,2.0,7.892235,7.887904,7.900237,0.007949,0.007142,0.009716,0.986529,142.0,2.0
QAOA,8,64,shifted,stall_aware_shifted,next_cycle,8,2,1,8,4,5,4962.0,1248.0,2.0,3.97561,3.971695,3.979174,0.005587,0.004006,0.006525,0.496951,142.0,2.0
QAOA,8,64,shifted,stall_aware_shifted,next_cycle,8,2,1,8,8,5,4962.0,629.0,2.0,7.892235,7.887904,7.900237,0.007949,0.007142,0.009716,0.986529,142.0,2.0
QAOA,8,64,shifted,stall_aware_shifted,next_cycle,8,2,2,8,4,5,4962.0,1248.0,2.0,3.977636,3.975786,3.980538,0.003994,0.003228,0.004863,0.497204,142.0,2.0
QAOA,8,64,shifted,stall_aware_shifted,next_cycle,8,2,2,8,8,5,4962.0,632.0,2.0,7.84252,7.826516,7.854543,0.015823,0.013406,0.016871,0.980315,142.0,2.0
QFT,4,16,raw,asap,next_cycle,8,1,1,8,4,5,1232.0,349.0,77.0,3.530086,3.52,3.535158,0.04298,0.041486,0.058776,0.441261,77.0,7.0
QFT,4,16,raw,asap,next_cycle,8,1,1,8,8,5,1232.0,243.0,77.0,5.069959,5.069959,5.080434,0.205761,0.203703,0.210319,0.633745,77.0,7.0
QFT,4,16,raw,asap,next_cycle,8,1,2,8,4,5,1232.0,385.0,77.0,3.2,3.2,3.212522,0.098958,0.094805,0.12375,0.4,77.0,7.0
QFT,4,16,raw,asap,next_cycle,8,1,2,8,8,5,1232.0,316.0,77.0,3.898734,3.898734,3.904923,0.338608,0.337558,0.344937,0.487342,77.0,7.0
QFT,4,16,raw,asap,next_cycle,8,2,1,8,4,5,1232.0,385.0,77.0,3.2,3.2,3.212522,0.098958,0.094805,0.12375,0.4,77.0,7.0
QFT,4,16,raw,asap,next_cycle,8,2,1,8,8,5,1232.0,316.0,77.0,3.898734,3.898734,3.904923,0.338608,0.337558,0.344937,0.487342,77.0,7.0
QFT,4,16,raw,asap,next_cycle,8,2,2,8,4,5,1232.0,431.0,77.0,2.858469,2.851852,2.868456,0.212963,0.20838,0.21437,0.357309,77.0,7.0
QFT,4,16,raw,asap,next_cycle,8,2,2,8,8,5,1232.0,394.0,77.0,3.126904,3.126904,3.130882,0.459391,0.458703,0.464467,0.390863,77.0,7.0
QFT,4,16,raw,greedy_critical,next_cycle,8,1,1,8,4,5,1232.0,346.0,77.0,3.560694,3.560694,3.565854,0.054913,0.031792,0.063684,0.445087,77.0,7.0
QFT,4,16,raw,greedy_critical,next_cycle,8,1,1,8,8,5,1232.0,236.0,77.0,5.220339,5.220339,5.231446,0.220339,0.214434,0.233051,0.652542,77.0,7.0
QFT,4,16,raw,greedy_critical,next_cycle,8,1,2,8,4,5,1232.0,380.0,77.0,3.242105,3.23785,3.250682,0.094488,0.092349,0.123684,0.405263,77.0,7.0
QFT,4,16,raw,greedy_critical,next_cycle,8,1,2,8,8,5,1232.0,314.0,77.0,3.923567,3.923567,3.929835,0.353503,0.347678,0.359873,0.490446,77.0,7.0
QFT,4,16,raw,greedy_critical,next_cycle,8,2,1,8,4,5,1232.0,380.0,77.0,3.242105,3.23785,3.250682,0.094488,0.092349,0.123684,0.405263,77.0,7.0
QFT,4,16,raw,greedy_critical,next_cycle,8,2,1,8,8,5,1232.0,314.0,77.0,3.923567,3.923567,3.929835,0.353503,0.347678,0.359873,0.490446,77.0,7.0
QFT,4,16,raw,greedy_critical,next_cycle,8,2,2,8,4,5,1232.0,427.0,77.0,2.885246,2.881876,2.892035,0.203747,0.19555,0.213384,0.360656,77.0,7.0
QFT,4,16,raw,greedy_critical,next_cycle,8,2,2,8,8,5,1232.0,392.0,77.0,3.142857,3.142857,3.146876,0.482143,0.477645,0.487245,0.392857,77.0,7.0
QFT,4,16,raw,regime_switch,next_cycle,8,1,1,8,4,5,1232.0,352.0,77.0,3.5,3.451224,3.514986,0.071429,0.058046,0.074572,0.4375,77.0,7.0
QFT,4,16,raw,regime_switch,next_cycle,8,1,1,8,8,5,1232.0,243.0,77.0,5.069959,5.069959,5.080434,0.205761,0.203703,0.210319,0.633745,77.0,7.0
QFT,4,16,raw,regime_switch,next_cycle,8,1,2,8,4,5,1232.0,392.0,77.0,3.142857,3.080077,3.179403,0.127551,0.109087,0.143331,0.392857,77.0,7.0
QFT,4,16,raw,regime_switch,next_cycle,8,1,2,8,8,5,1232.0,316.0,77.0,3.898734,3.898734,3.904923,0.338608,0.337558,0.344937,0.487342,77.0,7.0
QFT,4,16,raw,regime_switch,next_cycle,8,2,1,8,4,5,1232.0,400.0,77.0,3.08,3.064752,3.147287,0.1325,0.111199,0.150557,0.385,77.0,7.0
QFT,4,16,raw,regime_switch,next_cycle,8,2,1,8,8,5,1232.0,316.0,77.0,3.898734,3.898734,3.904923,0.338608,0.337558,0.344937,0.487342,77.0,7.0
QFT,4,16,raw,regime_switch,next_cycle,8,2,2,8,4,5,1232.0,444.0,77.0,2.774775,2.762332,2.812844,0.210762,0.203374,0.214426,0.346847,77.0,7.0
QFT,4,16,raw,regime_switch,next_cycle,8,2,2,8,8,5,1232.0,394.0,77.0,3.126904,3.126904,3.130882,0.459391,0.458703,0.464467,0.390863,77.0,7.0
QFT,4,16,raw,shifted_critical,next_cycle,8,1,1,8,4,5,1232.0,345.0,77.0,3.571014,3.555563,3.571014,0.054913,0.030435,0.066483,0.446377,77.0,7.0
QFT,4,16,raw,shifted_critical,next_cycle,8,1,1,8,8,5,1232.0,235.0,77.0,5.242553,5.231446,5.242553,0.217021,0.206383,0.225046,0.655319,77.0,7.0
QFT,4,16,raw,shifted_critical,next_cycle,8,1,2,8,4,5,1232.0,379.0,77.0,3.25066,3.242105,3.25496,0.095238,0.089585,0.123844,0.406332,77.0,7.0
QFT,4,16,raw,shifted_critical,next_cycle,8,1,2,8,8,5,1232.0,313.0,77.0,3.936102,3.929835,3.936102,0.357827,0.351438,0.365229,0.492013,77.0,7.0
QFT,4,16,raw,shifted_critical,next_cycle,8,2,1,8,4,5,1232.0,379.0,77.0,3.25066,3.242105,3.25496,0.095238,0.089585,0.123844,0.406332,77.0,7.0
QFT,4,16,raw,shifted_critical,next_cycle,8,2,1,8,8,5,1232.0,313.0,77.0,3.936102,3.929835,3.936102,0.357827,0.351438,0.365229,0.492013,77.0,7.0
QFT,4,16,raw,shifted_critical,next_cycle,8,2,2,8,4,5,1232.0,427.0,77.0,2.885246,2.885246,2.895421,0.203747,0.196946,0.215975,0.360656,77.0,7.0
QFT,4,16,raw,shifted_critical,next_cycle,8,2,2,8,8,5,1232.0,391.0,77.0,3.150895,3.146876,3.150895,0.485934,0.480818,0.491698,0.393862,77.0,7.0
QFT,4,16,raw,stall_aware_shifted,next_cycle,8,1,1,8,4,5,1232.0,352.0,77.0,3.5,3.451224,3.514986,0.071429,0.058046,0.074572,0.4375,77.0,7.0
QFT,4,16,raw,stall_aware_shifted,next_cycle,8,1,1,8,8,5,1232.0,247.0,77.0,4.987854,4.937895,5.04952,0.214575,0.201583,0.236017,0.623482,77.0,7.0
QFT,4,16,raw,stall_aware_shifted,next_cycle,8,1,2,8,4,5,1232.0,392.0,77.0,3.142857,3.080077,3.179403,0.127551,0.109087,0.143331,0.392857,77.0,7.0
QFT,4,16,raw,stall_aware_shifted,next_cycle,8,1,2,8,8,5,1232.0,315.0,77.0,3.911111,3.911111,3.917339,0.355556,0.346032,0.357709,0.488889,77.0,7.0
QFT,4,16,raw,stall_aware_shifted,next_cycle,8,2,1,8,4,5,1232.0,400.0,77.0,3.08,3.064752,3.147287,0.1325,0.111199,0.150557,0.385,77.0,7.0
QFT,4,16,raw,stall_aware_shifted,next_cycle,8,2,1,8,8,5,1232.0,315.0,77.0,3.911111,3.911111,3.917339,0.355556,0.342857,0.357709,0.488889,77.0,7.0
QFT,4,16,raw,stall_aware_shifted,next_cycle,8,2,2,8,4,5,1232.0,444.0,77.0,2.774775,2.762332,2.812844,0.210762,0.203374,0.214426,0.346847,77.0,7.0
QFT,4,16,raw,stall_aware_shifted,next_cycle,8,2,2,8,8,5,1232.0,393.0,77.0,3.13486,3.13486,3.13486,0.483461,0.466921,0.484733,0.391858,77.0,7.0
QFT,4,16,shifted,asap,next_cycle,8,1,1,8,4,5,1232.0,312.0,7.0,3.948718,3.948718,3.961415,0.437299,0.39808,0.439103,0.49359,77.0,7.0
QFT,4,16,shifted,asap,next_cycle,8,1,1,8,8,5,1232.0,161.0,7.0,7.652174,7.652174,7.7,0.012422,0.009317,0.0125,0.956522,77.0,7.0
QFT,4,16,shifted,asap,next_cycle,8,1,2,8,4,5,1232.0,314.0,7.0,3.923567,3.911111,3.923567,0.43949,0.404458,0.442857,0.490446,77.0,7.0
QFT,4,16,shifted,asap,next_cycle,8,1,2,8,8,5,1232.0,166.0,7.0,7.421687,7.421687,7.466667,0.036145,0.0272,0.039266,0.927711,77.0,7.0
QFT,4,16,shifted,asap,next_cycle,8,2,1,8,4,5,1232.0,314.0,7.0,3.923567,3.911111,3.923567,0.43949,0.404458,0.442857,0.490446,77.0,7.0
QFT,4,16,shifted,asap,next_cycle,8,2,1,8,8,5,1232.0,166.0,7.0,7.421687,7.421687,7.466667,0.036145,0.0272,0.039266,0.927711,77.0,7.0
QFT,4,16,shifted,asap,next_cycle,8,2,2,8,4,5,1232.0,318.0,7.0,3.874214,3.862069,3.880324,0.442006,0.411027,0.447404,0.484277,77.0,7.0
QFT,4,16,shifted,asap,next_cycle,8,2,2,8,8,5,1232.0,172.0,7.0,7.162791,7.142089,7.225869,0.052941,0.052479,0.069549,0.895349,77.0,7.0
QFT,4,16,shifted,greedy_critical,next_cycle,8,1,1,8,4,5,1232.0,311.0,7.0,3.961415,3.955067,3.961415,0.44373,0.418944,0.45016,0.495177,77.0,7.0
QFT,4,16,shifted,greedy_critical,next_cycle,8,1,1,8,8,5,1232.0,156.0,7.0,7.897436,7.897436,7.897436,0.00641,0.00641,0.00641,0.987179,77.0,7.0
QFT,4,16,shifted,greedy_critical,next_cycle,8,1,2,8,4,5,1232.0,313.0,7.0,3.936102,3.929835,3.936102,0.440895,0.419456,0.447284,0.492013,77.0,7.0
QFT,4,16,shifted,greedy_critical,next_cycle,8,1,2,8,8,5,1232.0,157.0,7.0,7.847134,7.847134,7.847134,0.012739,0.012739,0.012739,0.980892,77.0,7.0
QFT,4,16,shifted,greedy_critical,next_cycle,8,2,1,8,4,5,1232.0,313.0,7.0,3.936102,3.929835,3.936102,0.440895,0.419456,0.447284,0.492013,77.0,7.0
QFT,4,16,shifted,greedy_critical,next_cycle,8,2,1,8,8,5,1232.0,157.0,7.0,7.847134,7.847134,7.847134,0.012739,0.012739,0.012739,0.980892,77.0,7.0
QFT,4,16,shifted,greedy_critical,next_cycle,8,2,2,8,4,5,1232.0,315.0,7.0,3.911111,3.904923,3.911111,0.44127,0.423137,0.447619,0.488889,77.0,7.0
QFT,4,16,shifted,greedy_critical,next_cycle,8,2,2,8,8,5,1232.0,159.0,7.0,7.748428,7.748428,7.748428,0.018868,0.018868,0.018868,0.968553,77.0,7.0
QFT,4,16,shifted,regime_switch,next_cycle,8,1,1,8,4,5,1232.0,317.0,7.0,3.886435,3.874214,3.94888,0.025237,0.014372,0.033019,0.485804,77.0,7.0
QFT,4,16,shifted,regime_switch,next_cycle,8,1,1,8,8,5,1232.0,161.0,7.0,7.652174,7.652174,7.7,0.012422,0.009317,0.0125,0.956522,77.0,7.0
QFT,4,16,shifted,regime_switch,next_cycle,8,1,2,8,4,5,1232.0,318.0,7.0,3.874214,3.838155,3.917814,0.031447,0.017366,0.038914,0.484277,77.0,7.0
QFT,4,16,shifted,regime_switch,next_cycle,8,1,2,8,8,5,1232.0,166.0,7.0,7.421687,7.421687,7.466667,0.036145,0.0272,0.039266,0.927711,77.0,7.0
QFT,4,16,shifted,regime_switch,next_cycle,8,2,1,8,4,5,1232.0,318.0,7.0,3.874214,3.838155,3.917814,0.031447,0.017366,0.038914,0.484277,77.0,7.0
QFT,4,16,shifted,regime_switch,next_cycle,8,2,1,8,8,5,1232.0,166.0,7.0,7.421687,7.421687,7.466667,0.036145,0.0272,0.039266,0.927711,77.0,7.0
QFT,4,16,shifted,regime_switch,next_cycle,8,2,2,8,4,5,1232.0,319.0,7.0,3.862069,3.832121,3.936102,0.025078,0.01278,0.035735,0.482759,77.0,7.0
QFT,4,16,shifted,regime_switch,next_cycle,8,2,2,8,8,5,1232.0,172.0,7.0,7.162791,7.142089,7.225869,0.052941,0.052479,0.069549,0.895349,77.0,7.0
QFT,4,16,shifted,shifted_critical,next_cycle,8,1,1,8,4,5,1232.0,311.0,7.0,3.961415,3.955067,3.961415,0.44373,0.418944,0.45016,0.495177,77.0,7.0
QFT,4,16,shifted,shifted_critical,next_cycle,8,1,1,8,8,5,1232.0,156.0,7.0,7.897436,7.897436,7.897436,0.00641,0.00641,0.00641,0.987179,77.0,7.0
QFT,4,16,shifted,shifted_critical,next_cycle,8,1,2,8,4,5,1232.0,313.0,7.0,3.936102,3.929835,3.936102,0.440895,0.419456,0.447284,0.492013,77.0,7.0
QFT,4,16,shifted,shifted_critical,next_cycle,8,1,2,8,8,5,1232.0,157.0,7.0,7.847134,7.847134,7.847134,0.012739,0.012739,0.012739,0.980892,77.0,7.0
QFT,4,16,shifted,shifted_critical,next_cycle,8,2,1,8,4,5,1232.0,313.0,7.0,3.936102,3.929835,3.936102,0.440895,0.419456,0.447284,0.492013,77.0,7.0
QFT,4,16,shifted,shifted_critical,next_cycle,8,2,1,8,8,5,1232.0,157.0,7.0,7.847134,7.847134,7.847134,0.012739,0.012739,0.012739,0.980892,77.0,7.0
QFT,4,16,shifted,shifted_critical,next_cycle,8,2,2,8,4,5,1232.0,315.0,7.0,3.911111,3.904923,3.911111,0.44127,0.423137,0.446032,0.488889,77.0,7.0
QFT,4,16,shifted,shifted_critical,next_cycle,8,2,2,8,8,5,1232.0,159.0,7.0,7.748428,7.748428,7.748428,0.018868,0.018868,0.018868,0.968553,77.0,7.0
QFT,4,16,shifted,stall_aware_shifted,next_cycle,8,1,1,8,4,5,1232.0,317.0,7.0,3.886435,3.874214,3.94888,0.025237,0.014372,0.033019,0.485804,77.0,7.0
QFT,4,16,shifted,stall_aware_shifted,next_cycle,8,1,1,8,8,5,1232.0,164.0,7.0,7.512195,7.444177,7.558282,0.03012,0.02454,0.033426,0.939024,77.0,7.0
QFT,4,16,shifted,stall_aware_shifted,next_cycle,8,1,2,8,4,5,1232.0,318.0,7.0,3.874214,3.838155,3.917814,0.031447,0.017366,0.038914,0.484277,77.0,7.0
QFT,4,16,shifted,stall_aware_shifted,next_cycle,8,1,2,8,8,5,1232.0,168.0,7.0,7.333333,7.311637,7.355289,0.053571,0.053571,0.059526,0.916667,77.0,7.0
QFT,4,16,shifted,stall_aware_shifted,next_cycle,8,2,1,8,4,5,1232.0,318.0,7.0,3.874214,3.838155,3.917814,0.031447,0.017366,0.038914,0.484277,77.0,7.0
QFT,4,16,shifted,stall_aware_shifted,next_cycle,8,2,1,8,8,5,1232.0,168.0,7.0,7.333333,7.311637,7.355289,0.053571,0.053571,0.059526,0.916667,77.0,7.0
QFT,4,16,shifted,stall_aware_shifted,next_cycle,8,2,2,8,4,5,1232.0,319.0,7.0,3.862069,3.832121,3.936102,0.025078,0.01278,0.035735,0.482759,77.0,7.0
QFT,4,16,shifted,stall_aware_shifted,next_cycle,8,2,2,8,8,5,1232.0,173.0,7.0,7.121387,7.06023,7.142089,0.080925,0.072439,0.088818,0.890173,77.0,7.0
QFT,6,36,raw,asap,next_cycle,8,1,1,8,4,5,6372.0,1634.0,177.0,3.899633,3.897248,3.899633,0.015912,0.012546,0.020184,0.487454,177.0,17.0
QFT,6,36,raw,asap,next_cycle,8,1,1,8,8,5,6372.0,884.0,177.0,7.208145,7.208145,7.216308,0.058824,0.055493,0.058824,0.901018,177.0,17.0
QFT,6,36,raw,asap,next_cycle,8,1,2,8,4,5,6372.0,1669.0,177.0,3.817855,3.815569,3.819,0.031156,0.02637,0.036527,0.477232,177.0,17.0
QFT,6,36,raw,asap,next_cycle,8,1,2,8,8,5,6372.0,954.0,177.0,6.679245,6.679245,6.682749,0.10808,0.106918,0.109539,0.834906,177.0,17.0
QFT,6,36,raw,asap,next_cycle,8,2,1,8,4,5,6372.0,1669.0,177.0,3.817855,3.815569,3.819,0.031156,0.02637,0.036527,0.477232,177.0,17.0
QFT,6,36,raw,asap,next_cycle,8,2,1,8,8,5,6372.0,954.0,177.0,6.679245,6.679245,6.682749,0.10808,0.106918,0.109539,0.834906,177.0,17.0
QFT,6,36,raw,asap,next_cycle,8,2,2,8,4,5,6372.0,1715.0,177.0,3.715452,3.715452,3.71762,0.051312,0.045216,0.055394,0.464431,177.0,17.0
QFT,6,36,raw,asap,next_cycle,8,2,2,8,8,5,6372.0,1045.0,177.0,6.097608,6.097608,6.100528,0.169378,0.161722,0.170895,0.762201,177.0,17.0
QFT,6,36,raw,greedy_critical,next_cycle,8,1,1,8,4,5,6372.0,1630.0,177.0,3.909202,3.909202,3.911602,0.01227,0.01074,0.013194,0.48865,177.0,17.0
QFT,6,36,raw,greedy_critical,next_cycle,8,1,1,8,8,5,6372.0,861.0,177.0,7.400697,7.400697,7.400697,0.034843,0.033101,0.034843,0.925087,177.0,17.0
QFT,6,36,raw,greedy_critical,next_cycle,8,1,2,8,4,5,6372.0,1664.0,177.0,3.829327,3.828177,3.830478,0.024053,0.02283,0.027043,0.478666,177.0,17.0
QFT,6,36,raw,greedy_critical,next_cycle,8,1,2,8,8,5,6372.0,918.0,177.0,6.941176,6.941176,6.941176,0.081699,0.080065,0.083334,0.867647,177.0,17.0
QFT,6,36,raw,greedy_critical,next_cycle,8,2,1,8,4,5,6372.0,1664.0,177.0,3.829327,3.828177,3.830478,0.024053,0.02283,0.027043,0.478666,177.0,17.0
QFT,6,36,raw,greedy_critical,next_cycle,8,2,1,8,8,5,6372.0,918.0,177.0,6.941176,6.941176,6.941176,0.081699,0.080065,0.083334,0.867647,177.0,17.0
QFT,6,36,raw,greedy_critical,next_cycle,8,2,2,8,4,5,6372.0,1710.0,177.0,3.726316,3.724138,3.727406,0.053185,0.050014,0.053785,0.465789,177.0,17.0
QFT,6,36,raw,greedy_critical,next_cycle,8,2,2,8,8,5,6372.0,992.0,177.0,6.423387,6.423387,6.426628,0.139113,0.138105,0.139687,0.802923,177.0,17.0
QFT,6,36,raw,regime_switch,next_cycle,8,1,1,8,4,5,6372.0,1633.0,177.0,3.902021,3.892488,3.903217,0.01041,0.009189,0.016798,0.487753,177.0,17.0
QFT,6,36,raw,regime_switch,next_cycle,8,1,1,8,8,5,6372.0,884.0,177.0,7.208145,7.208145,7.216308,0.058824,0.055493,0.058824,0.901018,177.0,17.0
QFT,6,36,raw,regime_switch,next_cycle,8,1,2,8,4,5,6372.0,1671.0,177.0,3.813285,3.807592,3.81557,0.02512,0.022712,0.026946,0.476661,177.0,17.0
QFT,6,36,raw,regime_switch,next_cycle,8,1,2,8,8,5,6372.0,954.0,177.0,6.679245,6.679245,6.682749,0.10808,0.106918,0.109539,0.834906,177.0,17.0
QFT,6,36,raw,regime_switch,next_cycle,8,2,1,8,4,5,6372.0,1675.0,177.0,3.804179,3.800776,3.811017,0.023966,0.02327,0.029244,0.475522,177.0,17.0
QFT,6,36,raw,regime_switch,next_cycle,8,2,1,8,8,5,6372.0,954.0,177.0,6.679245,6.679245,6.682749,0.10808,0.106918,0.109539,0.834906,177.0,17.0
QFT,6,36,raw,regime_switch,next_cycle,8,2,2,8,4,5,6372.0,1719.0,177.0,3.706806,3.691793,3.708965,0.044212,0.032837,0.050458,0.463351,177.0,17.0
QFT,6,36,raw,regime_switch,next_cycle,8,2,2,8,8,5,6372.0,1045.0,177.0,6.097608,6.097608,6.100528,0.169378,0.161722,0.170895,0.762201,177.0,17.0
QFT,6,36,raw,shifted_critical,next_cycle,8,1,1,8,4,5,6372.0,1630.0,177.0,3.909202,3.909202,3.911602,0.012891,0.01166,0.014417,0.48865,177.0,17.0
QFT,6,36,raw,shifted_critical,next_cycle,8,1,1,8,8,5,6372.0,861.0,177.0,7.400697,7.400697,7.400697,0.034843,0.033101,0.034843,0.925087,177.0,17.0
QFT,6,36,raw,shifted_critical,next_cycle,8,1,2,8,4,5,6372.0,1664.0,177.0,3.829327,3.828177,3.830478,0.024053,0.02253,0.027343,0.478666,177.0,17.0
QFT,6,36,raw,shifted_critical,next_cycle,8,1,2,8,8,5,6372.0,918.0,177.0,6.941176,6.941176,6.941176,0.084967,0.083334,0.086601,0.867647,177.0,17.0
QFT,6,36,raw,shifted_critical,next_cycle,8,2,1,8,4,5,6372.0,1664.0,177.0,3.829327,3.828177,3.830478,0.024053,0.02253,0.027343,0.478666,177.0,17.0
QFT,6,36,raw,shifted_critical,next_cycle,8,2,1,8,8,5,6372.0,918.0,177.0,6.941176,6.941176,6.941176,0.084967,0.083334,0.086601,0.867647,177.0,17.0
QFT,6,36,raw,shifted_critical,next_cycle,8,2,2,8,4,5,6372.0,1710.0,177.0,3.726316,3.725227,3.728496,0.052077,0.050892,0.0532,0.465789,177.0,17.0
QFT,6,36,raw,shifted_critical,next_cycle,8,2,2,8,8,5,6372.0,991.0,177.0,6.429869,6.426628,6.429869,0.144299,0.144226,0.144299,0.803734,177.0,17.0
QFT,6,36,raw,stall_aware_shifted,next_cycle,8,1,1,8,4,5,6372.0,1633.0,177.0,3.902021,3.892488,3.903217,0.01041,0.009189,0.016798,0.487753,177.0,17.0
QFT,6,36,raw,stall_aware_shifted,next_cycle,8,1,1,8,8,5,6372.0,886.0,177.0,7.191874,7.183766,7.195937,0.042889,0.031621,0.046224,0.898984,177.0,17.0
QFT,6,36,raw,stall_aware_shifted,next_cycle,8,1,2,8,4,5,6372.0,1671.0,177.0,3.813285,3.807592,3.81557,0.02512,0.022712,0.026946,0.476661,177.0,17.0
QFT,6,36,raw,stall_aware_shifted,next_cycle,8,1,2,8,8,5,6372.0,965.0,177.0,6.603109,6.589452,6.630622,0.095933,0.09482,0.10145,0.825389,177.0,17.0
QFT,6,36,raw,stall_aware_shifted,next_cycle,8,2,1,8,4,5,6372.0,1675.0,177.0,3.804179,3.800776,3.811017,0.023966,0.02327,0.029244,0.475522,177.0,17.0
QFT,6,36,raw,stall_aware_shifted,next_cycle,8,2,1,8,8,5,6372.0,965.0,177.0,6.603109,6.582651,6.609965,0.103413,0.095431,0.108586,0.825389,177.0,17.0
QFT,6,36,raw,stall_aware_shifted,next_cycle,8,2,2,8,4,5,6372.0,1719.0,177.0,3.706806,3.691793,3.708965,0.044212,0.032837,0.050458,0.463351,177.0,17.0
QFT,6,36,raw,stall_aware_shifted,next_cycle,8,2,2,8,8,5,6372.0,1065.0,177.0,5.983099,5.969098,6.005703,0.161502,0.150217,0.168764,0.747887,177.0,17.0
QFT,6,36,shifted,asap,next_cycle,8,1,1,8,4,5,6372.0,1598.0,17.0,3.987484,3.987484,3.989981,0.354415,0.344913,0.371088,0.498436,177.0,17.0
QFT,6,36,shifted,asap,next_cycle,8,1,1,8,8,5,6372.0,804.0,17.0,7.925373,7.915528,7.930308,0.002484,0.001865,0.003731,0.990672,177.0,17.0
QFT,6,36,shifted,asap,next_cycle,8,1,2,8,4,5,6372.0,1601.0,17.0,3.980012,3.97877,3.9825,0.355,0.345828,0.371524,0.497502,177.0,17.0
QFT,6,36,shifted,asap,next_cycle,8,1,2,8,8,5,6372.0,811.0,17.0,7.856967,7.847302,7.876403,0.008631,0.006797,0.009852,0.982121,177.0,17.0
QFT,6,36,shifted,asap,next_cycle,8,2,1,8,4,5,6372.0,1601.0,17.0,3.980012,3.97877,3.9825,0.355,0.345828,0.371524,0.497502,177.0,17.0
QFT,6,36,shifted,asap,next_cycle,8,2,1,8,8,5,6372.0,811.0,17.0,7.856967,7.847302,7.876403,0.008631,0.006797,0.009852,0.982121,177.0,17.0
QFT,6,36,shifted,asap,next_cycle,8,2,2,8,4,5,6372.0,1605.0,17.0,3.970093,3.968857,3.972569,0.354738,0.346838,0.37309,0.496262,177.0,17.0
QFT,6,36,shifted,asap,next_cycle,8,2,2,8,8,5,6372.0,818.0,17.0,7.789731,7.761278,7.804045,0.017073,0.014084,0.017681,0.973716,177.0,17.0
QFT,6,36,shifted,greedy_critical,next_cycle,8,1,1,8,4,5,6372.0,1597.0,17.0,3.989981,3.989981,3.991231,0.433312,0.42799,0.441277,0.498748,177.0,17.0
QFT,6,36,shifted,greedy_critical,next_cycle,8,1,1,8,8,5,6372.0,799.0,17.0,7.974969,7.974969,7.974969,0.001252,0.001252,0.001252,0.996871,177.0,17.0
QFT,6,36,shifted,greedy_critical,next_cycle,8,1,2,8,4,5,6372.0,1599.0,17.0,3.984991,3.9825,3.986237,0.434647,0.429822,0.442463,0.498124,177.0,17.0
QFT,6,36,shifted,greedy_critical,next_cycle,8,1,2,8,8,5,6372.0,800.0,17.0,7.965,7.965,7.965,0.0025,0.0025,0.0025,0.995625,177.0,17.0
QFT,6,36,shifted,greedy_critical,next_cycle,8,2,1,8,4,5,6372.0,1599.0,17.0,3.984991,3.9825,3.986237,0.434647,0.429822,0.442463,0.498124,177.0,17.0
QFT,6,36,shifted,greedy_critical,next_cycle,8,2,1,8,8,5,6372.0,800.0,17.0,7.965,7.965,7.965,0.0025,0.0025,0.0025,0.995625,177.0,17.0
QFT,6,36,shifted,greedy_critical,next_cycle,8,2,2,8,4,5,6372.0,1602.0,17.0,3.977528,3.975047,3.981256,0.433833,0.430088,0.443333,0.497191,177.0,17.0
QFT,6,36,shifted,greedy_critical,next_cycle,8,2,2,8,8,5,6372.0,801.0,17.0,7.955056,7.955056,7.955056,0.003745,0.003745,0.003745,0.994382,177.0,17.0
QFT,6,36,shifted,regime_switch,next_cycle,8,1,1,8,4,5,6372.0,1611.0,17.0,3.955307,3.946733,3.97134,0.011794,0.007788,0.014555,0.494413,177.0,17.0
QFT,6,36,shifted,regime_switch,next_cycle,8,1,1,8,8,5,6372.0,804.0,17.0,7.925373,7.915528,7.930308,0.002484,0.001865,0.003731,0.990672,177.0,17.0
QFT,6,36,shifted,regime_switch,next_cycle,8,1,2,8,4,5,6372.0,1617.0,17.0,3.940631,3.93212,3.946736,0.016698,0.013935,0.018204,0.492579,177.0,17.0
QFT,6,36,shifted,regime_switch,next_cycle,8,1,2,8,8,5,6372.0,811.0,17.0,7.856967,7.847302,7.876403,0.008631,0.006797,0.009852,0.982121,177.0,17.0
QFT,6,36,shifted,regime_switch,next_cycle,8,2,1,8,4,5,6372.0,1617.0,17.0,3.940631,3.93212,3.946736,0.016079,0.013935,0.018204,0.492579,177.0,17.0
QFT,6,36,shifted,regime_switch,next_cycle,8,2,1,8,8,5,6372.0,811.0,17.0,7.856967,7.847302,7.876403,0.008631,0.006797,0.009852,0.982121,177.0,17.0
QFT,6,36,shifted,regime_switch,next_cycle,8,2,2,8,4,5,6372.0,1625.0,17.0,3.921231,3.912813,3.934551,0.020295,0.016671,0.022724,0.490154,177.0,17.0
QFT,6,36,shifted,regime_switch,next_cycle,8,2,2,8,8,5,6372.0,818.0,17.0,7.789731,7.761278,7.804045,0.017073,0.014084,0.017681,0.973716,177.0,17.0
QFT,6,36,shifted,shifted_critical,next_cycle,8,1,1,8,4,5,6372.0,1597.0,17.0,3.989981,3.989981,3.991231,0.433939,0.427677,0.440964,0.498748,177.0,17.0
QFT,6,36,shifted,shifted_critical,next_cycle,8,1,1,8,8,5,6372.0,799.0,17.0,7.974969,7.974969,7.974969,0.001252,0.001252,0.001252,0.996871,177.0,17.0
QFT,6,36,shifted,shifted_critical,next_cycle,8,1,2,8,4,5,6372.0,1599.0,17.0,3.984991,3.9825,3.986237,0.434647,0.429197,0.441838,0.498124,177.0,17.0
QFT,6,36,shifted,shifted_critical,next_cycle,8,1,2,8,8,5,6372.0,800.0,17.0,7.965,7.965,7.965,0.0025,0.0025,0.0025,0.995625,177.0,17.0
QFT,6,36,shifted,shifted_critical,next_cycle,8,2,1,8,4,5,6372.0,1599.0,17.0,3.984991,3.9825,3.986237,0.434647,0.429197,0.441838,0.498124,177.0,17.0
QFT,6,36,shifted,shifted_critical,next_cycle,8,2,1,8,8,5,6372.0,800.0,17.0,7.965,7.965,7.965,0.0025,0.0025,0.0025,0.995625,177.0,17.0
QFT,6,36,shifted,shifted_critical,next_cycle,8,2,2,8,4,5,6372.0,1602.0,17.0,3.977528,3.975047,3.981256,0.433833,0.429775,0.442709,0.497191,177.0,17.0
QFT,6,36,shifted,shifted_critical,next_cycle,8,2,2,8,8,5,6372.0,801.0,17.0,7.955056,7.955056,7.955056,0.003745,0.003745,0.003745,0.994382,177.0,17.0
QFT,6,36,shifted,stall_aware_shifted,next_cycle,8,1,1,8,4,5,6372.0,1611.0,17.0,3.955307,3.946733,3.97134,0.011794,0.007788,0.014555,0.494413,177.0,17.0
QFT,6,36,shifted,stall_aware_shifted,next_cycle,8,1,1,8,8,5,6372.0,817.0,17.0,7.799266,7.794498,7.842536,0.017136,0.012885,0.017157,0.974908,177.0,17.0
QFT,6,36,shifted,stall_aware_shifted,next_cycle,8,1,2,8,4,5,6372.0,1617.0,17.0,3.940631,3.93212,3.946736,0.016698,0.013935,0.018204,0.492579,177.0,17.0
QFT,6,36,shifted,stall_aware_shifted,next_cycle,8,1,2,8,8,5,6372.0,822.0,17.0,7.751825,7.704969,7.775545,0.023002,0.017684,0.024842,0.968978,177.0,17.0
QFT,6,36,shifted,stall_aware_shifted,next_cycle,8,2,1,8,4,5,6372.0,1617.0,17.0,3.940631,3.93212,3.946736,0.016079,0.013935,0.018204,0.492579,177.0,17.0
QFT,6,36,shifted,stall_aware_shifted,next_cycle,8,2,1,8,8,5,6372.0,824.0,17.0,7.73301,7.681738,7.775545,0.024272,0.017684,0.026523,0.966626,177.0,17.0
QFT,6,36,shifted,stall_aware_shifted,next_cycle,8,2,2,8,4,5,6372.0,1625.0,17.0,3.921231,3.912813,3.934551,0.020295,0.016671,0.022724,0.490154,177.0,17.0
QFT,6,36,shifted,stall_aware_shifted,next_cycle,8,2,2,8,8,5,6372.0,834.0,17.0,7.640288,7.617478,7.709848,0.032491,0.027744,0.03646,0.955036,177.0,17.0
QFT,8,64,raw,asap,next_cycle,8,1,1,8,4,5,20288.0,5112.0,317.0,3.968701,3.968701,3.969089,0.005869,0.004988,0.006456,0.496088,317.0,30.0
QFT,8,64,raw,asap,next_cycle,8,1,1,8,8,5,20288.0,2622.0,317.0,7.737605,7.737605,7.737605,0.018688,0.018498,0.018878,0.967201,317.0,30.0
QFT,8,64,raw,asap,next_cycle,8,1,2,8,4,5,20288.0,5147.0,317.0,3.941714,3.941714,3.941714,0.01088,0.009326,0.01156,0.492714,317.0,30.0
QFT,8,64,raw,asap,next_cycle,8,1,2,8,8,5,20288.0,2692.0,317.0,7.536404,7.536404,7.536404,0.03789,0.037333,0.038447,0.942051,317.0,30.0
QFT,8,64,raw,asap,next_cycle,8,2,1,8,4,5,20288.0,5147.0,317.0,3.941714,3.941714,3.941714,0.01088,0.009326,0.01156,0.492714,317.0,30.0
QFT,8,64,raw,asap,next_cycle,8,2,1,8,8,5,20288.0,2692.0,317.0,7.536404,7.536404,7.536404,0.03789,0.037333,0.038447,0.942051,317.0,30.0
QFT,8,64,raw,asap,next_cycle,8,2,2,8,4,5,20288.0,5192.0,317.0,3.90755,3.907174,3.907927,0.017912,0.015121,0.018488,0.488444,317.0,30.0
QFT,8,64,raw,asap,next_cycle,8,2,2,8,8,5,20288.0,2782.0,317.0,7.292595,7.291285,7.292595,0.062882,0.062365,0.062904,0.911574,317.0,30.0
QFT,8,64,raw,greedy_critical,next_cycle,8,1,1,8,4,5,20288.0,5106.0,317.0,3.973365,3.973365,3.973754,0.003134,0.001567,0.003526,0.496671,317.0,30.0
QFT,8,64,raw,greedy_critical,next_cycle,8,1,1,8,8,5,20288.0,2593.0,317.0,7.824142,7.824142,7.825651,0.005013,0.005013,0.0054,0.978018,317.0,30.0
QFT,8,64,raw,greedy_critical,next_cycle,8,1,2,8,4,5,20288.0,5140.0,317.0,3.947082,3.946314,3.947082,0.009337,0.007296,0.009726,0.493385,317.0,30.0
QFT,8,64,raw,greedy_critical,next_cycle,8,1,2,8,8,5,20288.0,2650.0,317.0,7.655849,7.655849,7.657294,0.02114,0.021132,0.021698,0.956981,317.0,30.0
QFT,8,64,raw,greedy_critical,next_cycle,8,2,1,8,4,5,20288.0,5140.0,317.0,3.947082,3.946314,3.947082,0.009337,0.007296,0.009726,0.493385,317.0,30.0
QFT,8,64,raw,greedy_critical,next_cycle,8,2,1,8,8,5,20288.0,2650.0,317.0,7.655849,7.655849,7.657294,0.02114,0.021132,0.021698,0.956981,317.0,30.0
QFT,8,64,raw,greedy_critical,next_cycle,8,2,2,8,4,5,20288.0,5184.0,317.0,3.91358,3.913203,3.91358,0.015625,0.013696,0.016877,0.489198,317.0,30.0
QFT,8,64,raw,greedy_critical,next_cycle,8,2,2,8,8,5,20288.0,2723.0,317.0,7.450606,7.449238,7.450606,0.043702,0.042776,0.043702,0.931326,317.0,30.0
QFT,8,64,raw,regime_switch,next_cycle,8,1,1,8,4,5,20288.0,5111.0,317.0,3.969478,3.967537,3.969866,0.002933,0.002739,0.003326,0.496185,317.0,30.0
QFT,8,64,raw,regime_switch,next_cycle,8,1,1,8,8,5,20288.0,2622.0,317.0,7.737605,7.737605,7.737605,0.018688,0.018498,0.018878,0.967201,317.0,30.0
QFT,8,64,raw,regime_switch,next_cycle,8,1,2,8,4,5,20288.0,5148.0,317.0,3.940948,3.9398,3.941331,0.00952,0.00874,0.010294,0.492618,317.0,30.0
QFT,8,64,raw,regime_switch,next_cycle,8,1,2,8,8,5,20288.0,2692.0,317.0,7.536404,7.536404,7.536404,0.03789,0.037333,0.038447,0.942051,317.0,30.0
QFT,8,64,raw,regime_switch,next_cycle,8,2,1,8,4,5,20288.0,5153.0,317.0,3.937124,3.936742,3.940183,0.009903,0.008348,0.010868,0.492141,317.0,30.0
QFT,8,64,raw,regime_switch,next_cycle,8,2,1,8,8,5,20288.0,2692.0,317.0,7.536404,7.536404,7.536404,0.03789,0.037333,0.038447,0.942051,317.0,30.0
QFT,8,64,raw,regime_switch,next_cycle,8,2,2,8,4,5,20288.0,5197.0,317.0,3.903791,3.898541,3.905293,0.015012,0.014527,0.016915,0.487974,317.0,30.0
QFT,8,64,raw,regime_switch,next_cycle,8,2,2,8,8,5,20288.0,2782.0,317.0,7.292595,7.291285,7.292595,0.062882,0.062365,0.062904,0.911574,317.0,30.0
QFT,8,64,raw,shifted_critical,next_cycle,8,1,1,8,4,5,20288.0,5106.0,317.0,3.973365,3.973365,3.973754,0.003329,0.001861,0.003819,0.496671,317.0,30.0
QFT,8,64,raw,shifted_critical,next_cycle,8,1,1,8,8,5,20288.0,2593.0,317.0,7.824142,7.824142,7.825651,0.005013,0.005013,0.0054,0.978018,317.0,30.0
QFT,8,64,raw,shifted_critical,next_cycle,8,1,2,8,4,5,20288.0,5140.0,317.0,3.947082,3.946698,3.947082,0.008755,0.007588,0.009921,0.493385,317.0,30.0
QFT,8,64,raw,shifted_critical,next_cycle,8,1,2,8,8,5,20288.0,2650.0,317.0,7.655849,7.655849,7.657294,0.022273,0.022264,0.022831,0.956981,317.0,30.0
QFT,8,64,raw,shifted_critical,next_cycle,8,2,1,8,4,5,20288.0,5140.0,317.0,3.947082,3.946698,3.947082,0.008755,0.007588,0.009921,0.493385,317.0,30.0
QFT,8,64,raw,shifted_critical,next_cycle,8,2,1,8,8,5,20288.0,2650.0,317.0,7.655849,7.655849,7.657294,0.022273,0.022264,0.022831,0.956981,317.0,30.0
QFT,8,64,raw,shifted_critical,next_cycle,8,2,2,8,4,5,20288.0,5184.0,317.0,3.91358,3.91358,3.91358,0.015818,0.013889,0.01659,0.489198,317.0,30.0
QFT,8,64,raw,shifted_critical,next_cycle,8,2,2,8,8,5,20288.0,2723.0,317.0,7.450606,7.450606,7.450606,0.045171,0.044987,0.045538,0.931326,317.0,30.0
QFT,8,64,raw,stall_aware_shifted,next_cycle,8,1,1,8,4,5,20288.0,5111.0,317.0,3.969478,3.967537,3.969866,0.002933,0.002739,0.003326,0.496185,317.0,30.0
QFT,8,64,raw,stall_aware_shifted,next_cycle,8,1,1,8,8,5,20288.0,2625.0,317.0,7.728762,7.727291,7.734656,0.007628,0.007621,0.016377,0.966095,317.0,30.0
QFT,8,64,raw,stall_aware_shifted,next_cycle,8,1,2,8,4,5,20288.0,5148.0,317.0,3.940948,3.9398,3.941331,0.00952,0.00874,0.010294,0.492618,317.0,30.0
QFT,8,64,raw,stall_aware_shifted,next_cycle,8,1,2,8,8,5,20288.0,2696.0,317.0,7.525223,7.519645,7.525223,0.034828,0.027444,0.03635,0.940653,317.0,30.0
QFT,8,64,raw,stall_aware_shifted,next_cycle,8,2,1,8,4,5,20288.0,5153.0,317.0,3.937124,3.936742,3.940183,0.009903,0.008348,0.010868,0.492141,317.0,30.0
QFT,8,64,raw,stall_aware_shifted,next_cycle,8,2,1,8,8,5,20288.0,2700.0,317.0,7.514074,7.508512,7.52104,0.035529,0.02984,0.037401,0.939259,317.0,30.0
QFT,8,64,raw,stall_aware_shifted,next_cycle,8,2,2,8,4,5,20288.0,5197.0,317.0,3.903791,3.898541,3.905293,0.015012,0.014527,0.016915,0.487974,317.0,30.0
QFT,8,64,raw,stall_aware_shifted,next_cycle,8,2,2,8,8,5,20288.0,2795.0,317.0,7.258676,7.25219,7.262574,0.058992,0.055625,0.059581,0.907335,317.0,30.0
VQE,4,16,raw,asap,next_cycle,8,1,1,8,4,5,256.0,75.0,15.0,3.413333,3.413333,3.413333,0.066667,0.066667,0.066667,0.426667,15.0,1.0
VQE,4,16,raw,asap,next_cycle,8,1,1,8,8,5,256.0,51.0,15.0,5.019608,5.019608,5.019608,0.098039,0.098039,0.098039,0.627451,15.0,1.0
VQE,4,16,raw,asap,next_cycle,8,1,2,8,4,5,256.0,83.0,15.0,3.084337,3.084337,3.084337,0.108434,0.108434,0.108434,0.385542,15.0,1.0
VQE,4,16,raw,asap,next_cycle,8,1,2,8,8,5,256.0,67.0,15.0,3.820896,3.820896,3.820896,0.38806,0.38806,0.38806,0.477612,15.0,1.0
VQE,4,16,raw,asap,next_cycle,8,2,1,8,4,5,256.0,83.0,15.0,3.084337,3.084337,3.084337,0.108434,0.108434,0.108434,0.385542,15.0,1.0
VQE,4,16,raw,asap,next_cycle,8,2,1,8,8,5,256.0,67.0,15.0,3.820896,3.820896,3.820896,0.38806,0.38806,0.38806,0.477612,15.0,1.0
VQE,4,16,raw,asap,next_cycle,8,2,2,8,4,5,256.0,93.0,15.0,2.752688,2.752688,2.752688,0.193548,0.193548,0.193548,0.344086,15.0,1.0
VQE,4,16,raw,asap,next_cycle,8,2,2,8,8,5,256.0,83.0,15.0,3.084337,3.084337,3.084337,0.506024,0.506024,0.506024,0.385542,15.0,1.0
VQE,4,16,raw,greedy_critical,next_cycle,8,1,1,8,4,5,256.0,71.0,15.0,3.605634,3.605634,3.605634,0.042254,0.042254,0.042254,0.450704,15.0,1.0
VQE,4,16,raw,greedy_critical,next_cycle,8,1,1,8,8,5,256.0,48.0,15.0,5.333333,5.333333,5.333333,0.020833,0.020833,0.020833,0.666667,15.0,1.0
VQE,4,16,raw,greedy_critical,next_cycle,8,1,2,8,4,5,256.0,79.0,15.0,3.240506,3.240506,3.240506,0.088608,0.088608,0.088608,0.405063,15.0,1.0
VQE,4,16,raw,greedy_critical,next_cycle,8,1,2,8,8,5,256.0,64.0,15.0,4.0,4.0,4.0,0.15625,0.15625,0.15625,0.5,15.0,1.0
VQE,4,16,raw,greedy_critical,next_cycle,8,2,1,8,4,5,256.0,79.0,15.0,3.240506,3.240506,3.240506,0.088608,0.088608,0.088608,0.405063,15.0,1.0
VQE,4,16,raw,greedy_critical,next_cycle,8,2,1,8,8,5,256.0,64.0,15.0,4.0,4.0,4.0,0.15625,0.15625,0.15625,0.5,15.0,1.0
VQE,4,16,raw,greedy_critical,next_cycle,8,2,2,8,4,5,256.0,88.0,15.0,2.909091,2.909091,2.909091,0.102273,0.102273,0.102273,0.363636,15.0,1.0
VQE,4,16,raw,greedy_critical,next_cycle,8,2,2,8,8,5,256.0,80.0,15.0,3.2,3.2,3.2,0.325,0.325,0.325,0.4,15.0,1.0
VQE,4,16,raw,regime_switch,next_cycle,8,1,1,8,4,5,256.0,68.0,15.0,3.764706,3.764706,3.764706,0.044118,0.044118,0.044118,0.470588,15.0,1.0
VQE,4,16,raw,regime_switch,next_cycle,8,1,1,8,8,5,256.0,51.0,15.0,5.019608,5.019608,5.019608,0.098039,0.098039,0.098039,0.627451,15.0,1.0
VQE,4,16,raw,regime_switch,next_cycle,8,1,2,8,4,5,256.0,75.0,15.0,3.413333,3.413333,3.413333,0.08,0.08,0.08,0.426667,15.0,1.0
VQE,4,16,raw,regime_switch,next_cycle,8,1,2,8,8,5,256.0,67.0,15.0,3.820896,3.820896,3.820896,0.38806,0.38806,0.38806,0.477612,15.0,1.0
VQE,4,16,raw,regime_switch,next_cycle,8,2,1,8,4,5,256.0,75.0,15.0,3.413333,3.413333,3.413333,0.08,0.08,0.08,0.426667,15.0,1.0
VQE,4,16,raw,regime_switch,next_cycle,8,2,1,8,8,5,256.0,67.0,15.0,3.820896,3.820896,3.820896,0.38806,0.38806,0.38806,0.477612,15.0,1.0
VQE,4,16,raw,regime_switch,next_cycle,8,2,2,8,4,5,256.0,87.0,15.0,2.942529,2.942529,2.942529,0.091954,0.091954,0.091954,0.367816,15.0,1.0
VQE,4,16,raw,regime_switch,next_cycle,8,2,2,8,8,5,256.0,83.0,15.0,3.084337,3.084337,3.084337,0.506024,0.506024,0.506024,0.385542,15.0,1.0
VQE,4,16,raw,shifted_critical,next_cycle,8,1,1,8,4,5,256.0,71.0,15.0,3.605634,3.605634,3.605634,0.042254,0.042254,0.042254,0.450704,15.0,1.0
VQE,4,16,raw,shifted_critical,next_cycle,8,1,1,8,8,5,256.0,48.0,15.0,5.333333,5.333333,5.333333,0.041667,0.041667,0.041667,0.666667,15.0,1.0
VQE,4,16,raw,shifted_critical,next_cycle,8,1,2,8,4,5,256.0,79.0,15.0,3.240506,3.240506,3.240506,0.088608,0.088608,0.088608,0.405063,15.0,1.0
VQE,4,16,raw,shifted_critical,next_cycle,8,1,2,8,8,5,256.0,64.0,15.0,4.0,4.0,4.0,0.171875,0.171875,0.171875,0.5,15.0,1.0
VQE,4,16,raw,shifted_critical,next_cycle,8,2,1,8,4,5,256.0,79.0,15.0,3.240506,3.240506,3.240506,0.088608,0.088608,0.088608,0.405063,15.0,1.0
VQE,4,16,raw,shifted_critical,next_cycle,8,2,1,8,8,5,256.0,64.0,15.0,4.0,4.0,4.0,0.171875,0.171875,0.171875,0.5,15.0,1.0
VQE,4,16,raw,shifted_critical,next_cycle,8,2,2,8,4,5,256.0,88.0,15.0,2.909091,2.909091,2.909091,0.170455,0.170455,0.170455,0.363636,15.0,1.0
VQE,4,16,raw,shifted_critical,next_cycle,8,2,2,8,8,5,256.0,80.0,15.0,3.2,3.2,3.2,0.3375,0.3375,0.3375,0.4,15.0,1.0
VQE,4,16,raw,stall_aware_shifted,next_cycle,8,1,1,8,4,5,256.0,68.0,15.0,3.764706,3.764706,3.764706,0.044118,0.044118,0.044118,0.470588,15.0,1.0
VQE,4,16,raw,stall_aware_shifted,next_cycle,8,1,1,8,8,5,256.0,48.0,15.0,5.333333,5.333333,5.333333,0.041667,0.041667,0.041667,0.666667,15.0,1.0
VQE,4,16,raw,stall_aware_shifted,next_cycle,8,1,2,8,4,5,256.0,75.0,15.0,3.413333,3.413333,3.413333,0.08,0.08,0.08,0.426667,15.0,1.0
VQE,4,16,raw,stall_aware_shifted,next_cycle,8,1,2,8,8,5,256.0,64.0,15.0,4.0,4.0,4.0,0.15625,0.15625,0.15625,0.5,15.0,1.0
VQE,4,16,raw,stall_aware_shifted,next_cycle,8,2,1,8,4,5,256.0,75.0,15.0,3.413333,3.413333,3.413333,0.08,0.08,0.08,0.426667,15.0,1.0
VQE,4,16,raw,stall_aware_shifted,next_cycle,8,2,1,8,8,5,256.0,64.0,15.0,4.0,4.0,4.0,0.15625,0.15625,0.15625,0.5,15.0,1.0
VQE,4,16,raw,stall_aware_shifted,next_cycle,8,2,2,8,4,5,256.0,87.0,15.0,2.942529,2.942529,2.942529,0.091954,0.091954,0.091954,0.367816,15.0,1.0
VQE,4,16,raw,stall_aware_shifted,next_cycle,8,2,2,8,8,5,256.0,80.0,15.0,3.2,3.2,3.2,0.325,0.325,0.325,0.4,15.0,1.0
VQE,4,16,shifted,asap,next_cycle,8,1,1,8,4,5,256.0,66.0,1.0,3.878788,3.878788,3.878788,0.348485,0.348485,0.348485,0.484848,15.0,1.0
VQE,4,16,shifted,asap,next_cycle,8,1,1,8,8,5,256.0,35.0,1.0,7.314286,7.314286,7.314286,0.028571,0.028571,0.028571,0.914286,15.0,1.0
VQE,4,16,shifted,asap,next_cycle,8,1,2,8,4,5,256.0,67.0,1.0,3.820896,3.820896,3.820896,0.358209,0.358209,0.358209,0.477612,15.0,1.0
VQE,4,16,shifted,asap,next_cycle,8,1,2,8,8,5,256.0,37.0,1.0,6.918919,6.918919,6.918919,0.054054,0.054054,0.054054,0.864865,15.0,1.0
VQE,4,16,shifted,asap,next_cycle,8,2,1,8,4,5,256.0,67.0,1.0,3.820896,3.820896,3.820896,0.358209,0.358209,0.358209,0.477612,15.0,1.0
VQE,4,16,shifted,asap,next_cycle,8,2,1,8,8,5,256.0,37.0,1.0,6.918919,6.918919,6.918919,0.054054,0.054054,0.054054,0.864865,15.0,1.0
VQE,4,16,shifted,asap,next_cycle,8,2,2,8,4,5,256.0,69.0,1.0,3.710145,3.710145,3.710145,0.376812,0.376812,0.376812,0.463768,15.0,1.0
VQE,4,16,shifted,asap,next_cycle,8,2,2,8,8,5,256.0,39.0,1.0,6.564103,6.564103,6.564103,0.076923,0.076923,0.076923,0.820513,15.0,1.0
VQE,4,16,shifted,greedy_critical,next_cycle,8,1,1,8,4,5,256.0,66.0,1.0,3.878788,3.878788,3.878788,0.348485,0.348485,0.348485,0.484848,15.0,1.0
VQE,4,16,shifted,greedy_critical,next_cycle,8,1,1,8,8,5,256.0,35.0,1.0,7.314286,7.314286,7.314286,0.028571,0.028571,0.028571,0.914286,15.0,1.0
VQE,4,16,shifted,greedy_critical,next_cycle,8,1,2,8,4,5,256.0,67.0,1.0,3.820896,3.820896,3.820896,0.358209,0.358209,0.358209,0.477612,15.0,1.0
VQE,4,16,shifted,greedy_critical,next_cycle,8,1,2,8,8,5,256.0,37.0,1.0,6.918919,6.918919,6.918919,0.054054,0.054054,0.054054,0.864865,15.0,1.0
VQE,4,16,shifted,greedy_critical,next_cycle,8,2,1,8,4,5,256.0,67.0,1.0,3.820896,3.820896,3.820896,0.358209,0.358209,0.358209,0.477612,15.0,1.0
VQE,4,16,shifted,greedy_critical,next_cycle,8,2,1,8,8,5,256.0,37.0,1.0,6.918919,6.918919,6.918919,0.054054,0.054054,0.054054,0.864865,15.0,1.0
VQE,4,16,shifted,greedy_critical,next_cycle,8,2,2,8,4,5,256.0,69.0,1.0,3.710145,3.710145,3.710145,0.376812,0.376812,0.376812,0.463768,15.0,1.0
VQE,4,16,shifted,greedy_critical,next_cycle,8,2,2,8,8,5,256.0,39.0,1.0,6.564103,6.564103,6.564103,0.076923,0.076923,0.076923,0.820513,15.0,1.0
VQE,4,16,shifted,regime_switch,next_cycle,8,1,1,8,4,5,256.0,66.0,1.0,3.878788,3.878788,3.878788,0.030303,0.030303,0.030303,0.484848,15.0,1.0
VQE,4,16,shifted,regime_switch,next_cycle,8,1,1,8,8,5,256.0,35.0,1.0,7.314286,7.314286,7.314286,0.028571,0.028571,0.028571,0.914286,15.0,1.0
VQE,4,16,shifted,regime_switch,next_cycle,8,1,2,8,4,5,256.0,67.0,1.0,3.820896,3.820896,3.820896,0.029851,0.029851,0.029851,0.477612,15.0,1.0
VQE,4,16,shifted,regime_switch,next_cycle,8,1,2,8,8,5,256.0,37.0,1.0,6.918919,6.918919,6.918919,0.054054,0.054054,0.054054,0.864865,15.0,1.0
VQE,4,16,shifted,regime_switch,next_cycle,8,2,1,8,4,5,256.0,67.0,1.0,3.820896,3.820896,3.820896,0.029851,0.029851,0.029851,0.477612,15.0,1.0
VQE,4,16,shifted,regime_switch,next_cycle,8,2,1,8,8,5,256.0,37.0,1.0,6.918919,6.918919,6.918919,0.054054,0.054054,0.054054,0.864865,15.0,1.0
VQE,4,16,shifted,regime_switch,next_cycle,8,2,2,8,4,5,256.0,69.0,1.0,3.710145,3.710145,3.710145,0.043478,0.043478,0.043478,0.463768,15.0,1.0
VQE,4,16,shifted,regime_switch,next_cycle,8,2,2,8,8,5,256.0,39.0,1.0,6.564103,6.564103,6.564103,0.076923,0.076923,0.076923,0.820513,15.0,1.0
VQE,4,16,shifted,shifted_critical,next_cycle,8,1,1,8,4,5,256.0,66.0,1.0,3.878788,3.878788,3.878788,0.348485,0.348485,0.348485,0.484848,15.0,1.0
VQE,4,16,shifted,shifted_critical,next_cycle,8,1,1,8,8,5,256.0,35.0,1.0,7.314286,7.314286,7.314286,0.028571,0.028571,0.028571,0.914286,15.0,1.0
VQE,4,16,shifted,shifted_critical,next_cycle,8,1,2,8,4,5,256.0,67.0,1.0,3.820896,3.820896,3.820896,0.358209,0.358209,0.358209,0.477612,15.0,1.0
VQE,4,16,shifted,shifted_critical,next_cycle,8,1,2,8,8,5,256.0,37.0,1.0,6.918919,6.918919,6.918919,0.054054,0.054054,0.054054,0.864865,15.0,1.0
VQE,4,16,shifted,shifted_critical,next_cycle,8,2,1,8,4,5,256.0,67.0,1.0,3.820896,3.820896,3.820896,0.358209,0.358209,0.358209,0.477612,15.0,1.0
VQE,4,16,shifted,shifted_critical,next_cycle,8,2,1,8,8,5,256.0,37.0,1.0,6.918919,6.918919,6.918919,0.054054,0.054054,0.054054,0.864865,15.0,1.0
VQE,4,16,shifted,shifted_critical,next_cycle,8,2,2,8,4,5,256.0,69.0,1.0,3.710145,3.710145,3.710145,0.376812,0.376812,0.376812,0.463768,15.0,1.0
VQE,4,16,shifted,shifted_critical,next_cycle,8,2,2,8,8,5,256.0,39.0,1.0,6.564103,6.564103,6.564103,0.076923,0.076923,0.076923,0.820513,15.0,1.0
VQE,4,16,shifted,stall_aware_shifted,next_cycle,8,1,1,8,4,5,256.0,66.0,1.0,3.878788,3.878788,3.878788,0.030303,0.030303,0.030303,0.484848,15.0,1.0
VQE,4,16,shifted,stall_aware_shifted,next_cycle,8,1,1,8,8,5,256.0,35.0,1.0,7.314286,7.314286,7.314286,0.028571,0.028571,0.028571,0.914286,15.0,1.0
VQE,4,16,shifted,stall_aware_shifted,next_cycle,8,1,2,8,4,5,256.0,67.0,1.0,3.820896,3.820896,3.820896,0.029851,0.029851,0.029851,0.477612,15.0,1.0
VQE,4,16,shifted,stall_aware_shifted,next_cycle,8,1,2,8,8,5,256.0,37.0,1.0,6.918919,6.918919,6.918919,0.054054,0.054054,0.054054,0.864865,15.0,1.0
VQE,4,16,shifted,stall_aware_shifted,next_cycle,8,2,1,8,4,5,256.0,67.0,1.0,3.820896,3.820896,3.820896,0.029851,0.029851,0.029851,0.477612,15.0,1.0
VQE,4,16,shifted,stall_aware_shifted,next_cycle,8,2,1,8,8,5,256.0,37.0,1.0,6.918919,6.918919,6.918919,0.054054,0.054054,0.054054,0.864865,15.0,1.0
VQE,4,16,shifted,stall_aware_shifted,next_cycle,8,2,2,8,4,5,256.0,69.0,1.0,3.710145,3.710145,3.710145,0.043478,0.043478,0.043478,0.463768,15.0,1.0
VQE,4,16,shifted,stall_aware_shifted,next_cycle,8,2,2,8,8,5,256.0,39.0,1.0,6.564103,6.564103,6.564103,0.076923,0.076923,0.076923,0.820513,15.0,1.0
VQE,6,36,raw,asap,next_cycle,8,1,1,8,4,5,1296.0,335.0,35.0,3.868657,3.868657,3.868657,0.014925,0.014925,0.014925,0.483582,35.0,1.0
VQE,6,36,raw,asap,next_cycle,8,1,1,8,8,5,1296.0,181.0,35.0,7.160221,7.160221,7.160221,0.022099,0.022099,0.022099,0.895028,35.0,1.0
VQE,6,36,raw,asap,next_cycle,8,1,2,8,4,5,1296.0,343.0,35.0,3.778426,3.778426,3.778426,0.026239,0.026239,0.026239,0.472303,35.0,1.0
VQE,6,36,raw,asap,next_cycle,8,1,2,8,8,5,1296.0,195.0,35.0,6.646154,6.646154,6.646154,0.082051,0.082051,0.082051,0.830769,35.0,1.0
VQE,6,36,raw,asap,next_cycle,8,2,1,8,4,5,1296.0,343.0,35.0,3.778426,3.778426,3.778426,0.026239,0.026239,0.026239,0.472303,35.0,1.0
VQE,6,36,raw,asap,next_cycle,8,2,1,8,8,5,1296.0,195.0,35.0,6.646154,6.646154,6.646154,0.082051,0.082051,0.082051,0.830769,35.0,1.0
VQE,6,36,raw,asap,next_cycle,8,2,2,8,4,5,1296.0,353.0,35.0,3.671388,3.671388,3.671388,0.050992,0.050992,0.050992,0.458924,35.0,1.0
VQE,6,36,raw,asap,next_cycle,8,2,2,8,8,5,1296.0,214.0,35.0,6.056075,6.056075,6.056075,0.11215,0.11215,0.11215,0.757009,35.0,1.0
VQE,6,36,raw,greedy_critical,next_cycle,8,1,1,8,4,5,1296.0,330.0,35.0,3.927273,3.927273,3.927273,0.009091,0.009091,0.009091,0.490909,35.0,1.0
VQE,6,36,raw,greedy_critical,next_cycle,8,1,1,8,8,5,1296.0,164.0,35.0,7.902439,7.902439,7.902439,0.006098,0.006098,0.006098,0.987805,35.0,1.0
VQE,6,36,raw,greedy_critical,next_cycle,8,1,2,8,4,5,1296.0,338.0,35.0,3.83432,3.83432,3.83432,0.011834,0.011834,0.011834,0.47929,35.0,1.0
VQE,6,36,raw,greedy_critical,next_cycle,8,1,2,8,8,5,1296.0,165.0,35.0,7.854545,7.854545,7.854545,0.012121,0.012121,0.012121,0.981818,35.0,1.0
VQE,6,36,raw,greedy_critical,next_cycle,8,2,1,8,4,5,1296.0,338.0,35.0,3.83432,3.83432,3.83432,0.011834,0.011834,0.011834,0.47929,35.0,1.0
VQE,6,36,raw,greedy_critical,next_cycle,8,2,1,8,8,5,1296.0,165.0,35.0,7.854545,7.854545,7.854545,0.012121,0.012121,0.012121,0.981818,35.0,1.0
VQE,6,36,raw,greedy_critical,next_cycle,8,2,2,8,4,5,1296.0,346.0,35.0,3.745665,3.745665,3.745665,0.043353,0.043353,0.043353,0.468208,35.0,1.0
VQE,6,36,raw,greedy_critical,next_cycle,8,2,2,8,8,5,1296.0,180.0,35.0,7.2,7.2,7.2,0.066667,0.066667,0.066667,0.9,35.0,1.0
VQE,6,36,raw,regime_switch,next_cycle,8,1,1,8,4,5,1296.0,329.0,35.0,3.93921,3.93921,3.93921,0.012158,0.012158,0.012158,0.492401,35.0,1.0
VQE,6,36,raw,regime_switch,next_cycle,8,1,1,8,8,5,1296.0,181.0,35.0,7.160221,7.160221,7.160221,0.022099,0.022099,0.022099,0.895028,35.0,1.0
VQE,6,36,raw,regime_switch,next_cycle,8,1,2,8,4,5,1296.0,328.0,35.0,3.95122,3.95122,3.95122,0.006098,0.006098,0.006098,0.493902,35.0,1.0
VQE,6,36,raw,regime_switch,next_cycle,8,1,2,8,8,5,1296.0,195.0,35.0,6.646154,6.646154,6.646154,0.082051,0.082051,0.082051,0.830769,35.0,1.0
VQE,6,36,raw,regime_switch,next_cycle,8,2,1,8,4,5,1296.0,328.0,35.0,3.95122,3.95122,3.95122,0.006098,0.006098,0.006098,0.493902,35.0,1.0
VQE,6,36,raw,regime_switch,next_cycle,8,2,1,8,8,5,1296.0,195.0,35.0,6.646154,6.646154,6.646154,0.082051,0.082051,0.082051,0.830769,35.0,1.0
VQE,6,36,raw,regime_switch,next_cycle,8,2,2,8,4,5,1296.0,333.0,35.0,3.891892,3.891892,3.891892,0.018018,0.018018,0.018018,0.486486,35.0,1.0
VQE,6,36,raw,regime_switch,next_cycle,8,2,2,8,8,5,1296.0,214.0,35.0,6.056075,6.056075,6.056075,0.11215,0.11215,0.11215,0.757009,35.0,1.0
VQE,6,36,raw,shifted_critical,next_cycle,8,1,1,8,4,5,1296.0,330.0,35.0,3.927273,3.927273,3.927273,0.009091,0.009091,0.009091,0.490909,35.0,1.0
VQE,6,36,raw,shifted_critical,next_cycle,8,1,1,8,8,5,1296.0,164.0,35.0,7.902439,7.902439,7.902439,0.006098,0.006098,0.006098,0.987805,35.0,1.0
VQE,6,36,raw,shifted_critical,next_cycle,8,1,2,8,4,5,1296.0,338.0,35.0,3.83432,3.83432,3.83432,0.011834,0.011834,0.011834,0.47929,35.0,1.0
VQE,6,36,raw,shifted_critical,next_cycle,8,1,2,8,8,5,1296.0,165.0,35.0,7.854545,7.854545,7.854545,0.012121,0.012121,0.012121,0.981818,35.0,1.0
VQE,6,36,raw,shifted_critical,next_cycle,8,2,1,8,4,5,1296.0,338.0,35.0,3.83432,3.83432,3.83432,0.011834,0.011834,0.011834,0.47929,35.0,1.0
VQE,6,36,raw,shifted_critical,next_cycle,8,2,1,8,8,5,1296.0,165.0,35.0,7.854545,7.854545,7.854545,0.012121,0.012121,0.012121,0.981818,35.0,1.0
VQE,6,36,raw,shifted_critical,next_cycle,8,2,2,8,4,5,1296.0,346.0,35.0,3.745665,3.745665,3.745665,0.046243,0.046243,0.046243,0.468208,35.0,1.0
VQE,6,36,raw,shifted_critical,next_cycle,8,2,2,8,8,5,1296.0,180.0,35.0,7.2,7.2,7.2,0.066667,0.066667,0.066667,0.9,35.0,1.0
VQE,6,36,raw,stall_aware_shifted,next_cycle,8,1,1,8,4,5,1296.0,329.0,35.0,3.93921,3.93921,3.93921,0.012158,0.012158,0.012158,0.492401,35.0,1.0
VQE,6,36,raw,stall_aware_shifted,next_cycle,8,1,1,8,8,5,1296.0,168.0,35.0,7.714286,7.714286,7.714286,0.017857,0.017857,0.017857,0.964286,35.0,1.0
VQE,6,36,raw,stall_aware_shifted,next_cycle,8,1,2,8,4,5,1296.0,328.0,35.0,3.95122,3.95122,3.95122,0.006098,0.006098,0.006098,0.493902,35.0,1.0
VQE,6,36,raw,stall_aware_shifted,next_cycle,8,1,2,8,8,5,1296.0,172.0,35.0,7.534884,7.534884,7.534884,0.034884,0.034884,0.034884,0.94186,35.0,1.0
VQE,6,36,raw,stall_aware_shifted,next_cycle,8,2,1,8,4,5,1296.0,328.0,35.0,3.95122,3.95122,3.95122,0.006098,0.006098,0.006098,0.493902,35.0,1.0
VQE,6,36,raw,stall_aware_shifted,next_cycle,8,2,1,8,8,5,1296.0,172.0,35.0,7.534884,7.534884,7.534884,0.034884,0.034884,0.034884,0.94186,35.0,1.0
VQE,6,36,raw,stall_aware_shifted,next_cycle,8,2,2,8,4,5,1296.0,333.0,35.0,3.891892,3.891892,3.891892,0.018018,0.018018,0.018018,0.486486,35.0,1.0
VQE,6,36,raw,stall_aware_shifted,next_cycle,8,2,2,8,8,5,1296.0,180.0,35.0,7.2,7.2,7.2,0.066667,0.066667,0.066667,0.9,35.0,1.0
VQE,6,36,shifted,asap,next_cycle,8,1,1,8,4,5,1296.0,326.0,1.0,3.97546,3.97546,3.97546,0.432515,0.432515,0.432515,0.496933,35.0,1.0
VQE,6,36,shifted,asap,next_cycle,8,1,1,8,8,5,1296.0,164.0,1.0,7.902439,7.902439,7.902439,0.006098,0.006098,0.006098,0.987805,35.0,1.0
VQE,6,36,shifted,asap,next_cycle,8,1,2,8,4,5,1296.0,327.0,1.0,3.963303,3.963303,3.963303,0.434251,0.434251,0.434251,0.495413,35.0,1.0
VQE,6,36,shifted,asap,next_cycle,8,1,2,8,8,5,1296.0,165.0,1.0,7.854545,7.854545,7.854545,0.012121,0.012121,0.012121,0.981818,35.0,1.0
VQE,6,36,shifted,asap,next_cycle,8,2,1,8,4,5,1296.0,327.0,1.0,3.963303,3.963303,3.963303,0.434251,0.434251,0.434251,0.495413,35.0,1.0
VQE,6,36,shifted,asap,next_cycle,8,2,1,8,8,5,1296.0,165.0,1.0,7.854545,7.854545,7.854545,0.012121,0.012121,0.012121,0.981818,35.0,1.0
VQE,6,36,shifted,asap,next_cycle,8,2,2,8,4,5,1296.0,328.0,1.0,3.95122,3.95122,3.95122,0.435976,0.435976,0.435976,0.493902,35.0,1.0
VQE,6,36,shifted,asap,next_cycle,8,2,2,8,8,5,1296.0,167.0,1.0,7.760479,7.760479,7.760479,0.017964,0.017964,0.017964,0.97006,35.0,1.0
VQE,6,36,shifted,greedy_critical,next_cycle,8,1,1,8,4,5,1296.0,326.0,1.0,3.97546,3.97546,3.97546,0.432515,0.432515,0.432515,0.496933,35.0,1.0
VQE,6,36,shifted,greedy_critical,next_cycle,8,1,1,8,8,5,1296.0,164.0,1.0,7.902439,7.902439,7.902439,0.006098,0.006098,0.006098,0.987805,35.0,1.0
VQE,6,36,shifted,greedy_critical,next_cycle,8,1,2,8,4,5,1296.0,327.0,1.0,3.963303,3.963303,3.963303,0.434251,0.434251,0.434251,0.495413,35.0,1.0
VQE,6,36,shifted,greedy_critical,next_cycle,8,1,2,8,8,5,1296.0,165.0,1.0,7.854545,7.854545,7.854545,0.012121,0.012121,0.012121,0.981818,35.0,1.0
VQE,6,36,shifted,greedy_critical,next_cycle,8,2,1,8,4,5,1296.0,327.0,1.0,3.963303,3.963303,3.963303,0.434251,0.434251,0.434251,0.495413,35.0,1.0
VQE,6,36,shifted,greedy_critical,next_cycle,8,2,1,8,8,5,1296.0,165.0,1.0,7.854545,7.854545,7.854545,0.012121,0.012121,0.012121,0.981818,35.0,1.0
VQE,6,36,shifted,greedy_critical,next_cycle,8,2,2,8,4,5,1296.0,328.0,1.0,3.95122,3.95122,3.95122,0.435976,0.435976,0.435976,0.493902,35.0,1.0
VQE,6,36,shifted,greedy_critical,next_cycle,8,2,2,8,8,5,1296.0,167.0,1.0,7.760479,7.760479,7.760479,0.017964,0.017964,0.017964,0.97006,35.0,1.0
VQE,6,36,shifted,regime_switch,next_cycle,8,1,1,8,4,5,1296.0,326.0,1.0,3.97546,3.97546,3.97546,0.006135,0.006135,0.006135,0.496933,35.0,1.0
VQE,6,36,shifted,regime_switch,next_cycle,8,1,1,8,8,5,1296.0,164.0,1.0,7.902439,7.902439,7.902439,0.006098,0.006098,0.006098,0.987805,35.0,1.0
VQE,6,36,shifted,regime_switch,next_cycle,8,1,2,8,4,5,1296.0,327.0,1.0,3.963303,3.963303,3.963303,0.009174,0.009174,0.009174,0.495413,35.0,1.0
VQE,6,36,shifted,regime_switch,next_cycle,8,1,2,8,8,5,1296.0,165.0,1.0,7.854545,7.854545,7.854545,0.012121,0.012121,0.012121,0.981818,35.0,1.0
VQE,6,36,shifted,regime_switch,next_cycle,8,2,1,8,4,5,1296.0,327.0,1.0,3.963303,3.963303,3.963303,0.009174,0.009174,0.009174,0.495413,35.0,1.0
VQE,6,36,shifted,regime_switch,next_cycle,8,2,1,8,8,5,1296.0,165.0,1.0,7.854545,7.854545,7.854545,0.012121,0.012121,0.012121,0.981818,35.0,1.0
VQE,6,36,shifted,regime_switch,next_cycle,8,2,2,8,4,5,1296.0,328.0,1.0,3.95122,3.95122,3.95122,0.012195,0.012195,0.012195,0.493902,35.0,1.0
VQE,6,36,shifted,regime_switch,next_cycle,8,2,2,8,8,5,1296.0,167.0,1.0,7.760479,7.760479,7.760479,0.017964,0.017964,0.017964,0.97006,35.0,1.0
VQE,6,36,shifted,shifted_critical,next_cycle,8,1,1,8,4,5,1296.0,326.0,1.0,3.97546,3.97546,3.97546,0.432515,0.432515,0.432515,0.496933,35.0,1.0
VQE,6,36,shifted,shifted_critical,next_cycle,8,1,1,8,8,5,1296.0,164.0,1.0,7.902439,7.902439,7.902439,0.006098,0.006098,0.006098,0.987805,35.0,1.0
VQE,6,36,shifted,shifted_critical,next_cycle,8,1,2,8,4,5,1296.0,327.0,1.0,3.963303,3.963303,3.963303,0.434251,0.434251,0.434251,0.495413,35.0,1.0
VQE,6,36,shifted,shifted_critical,next_cycle,8,1,2,8,8,5,1296.0,165.0,1.0,7.854545,7.854545,7.854545,0.012121,0.012121,0.012121,0.981818,35.0,1.0
VQE,6,36,shifted,shifted_critical,next_cycle,8,2,1,8,4,5,1296.0,327.0,1.0,3.963303,3.963303,3.963303,0.434251,0.434251,0.434251,0.495413,35.0,1.0
VQE,6,36,shifted,shifted_critical,next_cycle,8,2,1,8,8,5,1296.0,165.0,1.0,7.854545,7.854545,7.854545,0.012121,0.012121,0.012121,0.981818,35.0,1.0
VQE,6,36,shifted,shifted_critical,next_cycle,8,2,2,8,4,5,1296.0,328.0,1.0,3.95122,3.95122,3.95122,0.435976,0.435976,0.435976,0.493902,35.0,1.0
VQE,6,36,shifted,shifted_critical,next_cycle,8,2,2,8,8,5,1296.0,167.0,1.0,7.760479,7.760479,7.760479,0.017964,0.017964,0.017964,0.97006,35.0,1.0
VQE,6,36,shifted,stall_aware_shifted,next_cycle,8,1,1,8,4,5,1296.0,326.0,1.0,3.97546,3.97546,3.97546,0.006135,0.006135,0.006135,0.496933,35.0,1.0
VQE,6,36,shifted,stall_aware_shifted,next_cycle,8,1,1,8,8,5,1296.0,164.0,1.0,7.902439,7.902439,7.902439,0.006098,0.006098,0.006098,0.987805,35.0,1.0
VQE,6,36,shifted,stall_aware_shifted,next_cycle,8,1,2,8,4,5,1296.0,327.0,1.0,3.963303,3.963303,3.963303,0.009174,0.009174,0.009174,0.495413,35.0,1.0
VQE,6,36,shifted,stall_aware_shifted,next_cycle,8,1,2,8,8,5,1296.0,165.0,1.0,7.854545,7.854545,7.854545,0.012121,0.012121,0.012121,0.981818,35.0,1.0
VQE,6,36,shifted,stall_aware_shifted,next_cycle,8,2,1,8,4,5,1296.0,327.0,1.0,3.963303,3.963303,3.963303,0.009174,0.009174,0.009174,0.495413,35.0,1.0
VQE,6,36,shifted,stall_aware_shifted,next_cycle,8,2,1,8,8,5,1296.0,165.0,1.0,7.854545,7.854545,7.854545,0.012121,0.012121,0.012121,0.981818,35.0,1.0
VQE,6,36,shifted,stall_aware_shifted,next_cycle,8,2,2,8,4,5,1296.0,328.0,1.0,3.95122,3.95122,3.95122,0.012195,0.012195,0.012195,0.493902,35.0,1.0
VQE,6,36,shifted,stall_aware_shifted,next_cycle,8,2,2,8,8,5,1296.0,167.0,1.0,7.760479,7.760479,7.760479,0.017964,0.017964,0.017964,0.97006,35.0,1.0
VQE,8,64,raw,asap,next_cycle,8,1,1,8,4,5,4096.0,1035.0,63.0,3.957488,3.957488,3.957488,0.004831,0.004831,0.004831,0.494686,63.0,1.0
VQE,8,64,raw,asap,next_cycle,8,1,1,8,8,5,4096.0,531.0,63.0,7.713748,7.713748,7.713748,0.007533,0.007533,0.007533,0.964218,63.0,1.0
VQE,8,64,raw,asap,next_cycle,8,1,2,8,4,5,4096.0,1043.0,63.0,3.927133,3.927133,3.927133,0.008629,0.008629,0.008629,0.490892,63.0,1.0
VQE,8,64,raw,asap,next_cycle,8,1,2,8,8,5,4096.0,545.0,63.0,7.515596,7.515596,7.515596,0.029358,0.029358,0.029358,0.93945,63.0,1.0
VQE,8,64,raw,asap,next_cycle,8,2,1,8,4,5,4096.0,1043.0,63.0,3.927133,3.927133,3.927133,0.008629,0.008629,0.008629,0.490892,63.0,1.0
VQE,8,64,raw,asap,next_cycle,8,2,1,8,8,5,4096.0,545.0,63.0,7.515596,7.515596,7.515596,0.029358,0.029358,0.029358,0.93945,63.0,1.0
VQE,8,64,raw,asap,next_cycle,8,2,2,8,4,5,4096.0,1053.0,63.0,3.889839,3.889839,3.889839,0.017094,0.017094,0.017094,0.48623,63.0,1.0
VQE,8,64,raw,asap,next_cycle,8,2,2,8,8,5,4096.0,564.0,63.0,7.262411,7.262411,7.262411,0.042553,0.042553,0.042553,0.907801,63.0,1.0
VQE,8,64,raw,greedy_critical,next_cycle,8,1,1,8,4,5,4096.0,1030.0,63.0,3.976699,3.976699,3.976699,0.002913,0.002913,0.002913,0.497087,63.0,1.0
VQE,8,64,raw,greedy_critical,next_cycle,8,1,1,8,8,5,4096.0,514.0,63.0,7.968872,7.968872,7.968872,0.001946,0.001946,0.001946,0.996109,63.0,1.0
VQE,8,64,raw,greedy_critical,next_cycle,8,1,2,8,4,5,4096.0,1036.0,63.0,3.953668,3.953668,3.953668,0.006757,0.006757,0.006757,0.494208,63.0,1.0
VQE,8,64,raw,greedy_critical,next_cycle,8,1,2,8,8,5,4096.0,515.0,63.0,7.953398,7.953398,7.953398,0.003883,0.003883,0.003883,0.994175,63.0,1.0
VQE,8,64,raw,greedy_critical,next_cycle,8,2,1,8,4,5,4096.0,1036.0,63.0,3.953668,3.953668,3.953668,0.006757,0.006757,0.006757,0.494208,63.0,1.0
VQE,8,64,raw,greedy_critical,next_cycle,8,2,1,8,8,5,4096.0,515.0,63.0,7.953398,7.953398,7.953398,0.003883,0.003883,0.003883,0.994175,63.0,1.0
VQE,8,64,raw,greedy_critical,next_cycle,8,2,2,8,4,5,4096.0,1044.0,63.0,3.923372,3.923372,3.923372,0.01341,0.01341,0.01341,0.490421,63.0,1.0
VQE,8,64,raw,greedy_critical,next_cycle,8,2,2,8,8,5,4096.0,516.0,63.0,7.937984,7.937984,7.937984,0.005814,0.005814,0.005814,0.992248,63.0,1.0
VQE,8,64,raw,regime_switch,next_cycle,8,1,1,8,4,5,4096.0,1028.0,63.0,3.984436,3.984436,3.984436,0.002918,0.002918,0.002918,0.498054,63.0,1.0
VQE,8,64,raw,regime_switch,next_cycle,8,1,1,8,8,5,4096.0,531.0,63.0,7.713748,7.713748,7.713748,0.007533,0.007533,0.007533,0.964218,63.0,1.0
VQE,8,64,raw,regime_switch,next_cycle,8,1,2,8,4,5,4096.0,1030.0,63.0,3.976699,3.976699,3.976699,0.005825,0.005825,0.005825,0.497087,63.0,1.0
VQE,8,64,raw,regime_switch,next_cycle,8,1,2,8,8,5,4096.0,545.0,63.0,7.515596,7.515596,7.515596,0.029358,0.029358,0.029358,0.93945,63.0,1.0
VQE,8,64,raw,regime_switch,next_cycle,8,2,1,8,4,5,4096.0,1030.0,63.0,3.976699,3.976699,3.976699,0.005825,0.005825,0.005825,0.497087,63.0,1.0
VQE,8,64,raw,regime_switch,next_cycle,8,2,1,8,8,5,4096.0,545.0,63.0,7.515596,7.515596,7.515596,0.029358,0.029358,0.029358,0.93945,63.0,1.0
VQE,8,64,raw,regime_switch,next_cycle,8,2,2,8,4,5,4096.0,1032.0,63.0,3.968992,3.968992,3.968992,0.004845,0.004845,0.004845,0.496124,63.0,1.0
VQE,8,64,raw,regime_switch,next_cycle,8,2,2,8,8,5,4096.0,564.0,63.0,7.262411,7.262411,7.262411,0.042553,0.042553,0.042553,0.907801,63.0,1.0
VQE,8,64,raw,shifted_critical,next_cycle,8,1,1,8,4,5,4096.0,1030.0,63.0,3.976699,3.976699,3.976699,0.002913,0.002913,0.002913,0.497087,63.0,1.0
VQE,8,64,raw,shifted_critical,next_cycle,8,1,1,8,8,5,4096.0,514.0,63.0,7.968872,7.968872,7.968872,0.001946,0.001946,0.001946,0.996109,63.0,1.0
VQE,8,64,raw,shifted_critical,next_cycle,8,1,2,8,4,5,4096.0,1036.0,63.0,3.953668,3.953668,3.953668,0.006757,0.006757,0.006757,0.494208,63.0,1.0
VQE,8,64,raw,shifted_critical,next_cycle,8,1,2,8,8,5,4096.0,515.0,63.0,7.953398,7.953398,7.953398,0.003883,0.003883,0.003883,0.994175,63.0,1.0
VQE,8,64,raw,shifted_critical,next_cycle,8,2,1,8,4,5,4096.0,1036.0,63.0,3.953668,3.953668,3.953668,0.006757,0.006757,0.006757,0.494208,63.0,1.0
VQE,8,64,raw,shifted_critical,next_cycle,8,2,1,8,8,5,4096.0,515.0,63.0,7.953398,7.953398,7.953398,0.003883,0.003883,0.003883,0.994175,63.0,1.0
VQE,8,64,raw,shifted_critical,next_cycle,8,2,2,8,4,5,4096.0,1044.0,63.0,3.923372,3.923372,3.923372,0.01341,0.01341,0.01341,0.490421,63.0,1.0
VQE,8,64,raw,shifted_critical,next_cycle,8,2,2,8,8,5,4096.0,516.0,63.0,7.937984,7.937984,7.937984,0.005814,0.005814,0.005814,0.992248,63.0,1.0
VQE,8,64,raw,stall_aware_shifted,next_cycle,8,1,1,8,4,5,4096.0,1028.0,63.0,3.984436,3.984436,3.984436,0.002918,0.002918,0.002918,0.498054,63.0,1.0
VQE,8,64,raw,stall_aware_shifted,next_cycle,8,1,1,8,8,5,4096.0,517.0,63.0,7.922631,7.922631,7.922631,0.001934,0.001934,0.001934,0.990329,63.0,1.0
VQE,8,64,raw,stall_aware_shifted,next_cycle,8,1,2,8,4,5,4096.0,1030.0,63.0,3.976699,3.976699,3.976699,0.005825,0.005825,0.005825,0.497087,63.0,1.0
VQE,8,64,raw,stall_aware_shifted,next_cycle,8,1,2,8,8,5,4096.0,516.0,63.0,7.937984,7.937984,7.937984,0.003876,0.003876,0.003876,0.992248,63.0,1.0
VQE,8,64,raw,stall_aware_shifted,next_cycle,8,2,1,8,4,5,4096.0,1030.0,63.0,3.976699,3.976699,3.976699,0.005825,0.005825,0.005825,0.497087,63.0,1.0
VQE,8,64,raw,stall_aware_shifted,next_cycle,8,2,1,8,8,5,4096.0,516.0,63.0,7.937984,7.937984,7.937984,0.003876,0.003876,0.003876,0.992248,63.0,1.0
VQE,8,64,raw,stall_aware_shifted,next_cycle,8,2,2,8,4,5,4096.0,1032.0,63.0,3.968992,3.968992,3.968992,0.004845,0.004845,0.004845,0.496124,63.0,1.0
VQE,8,64,raw,stall_aware_shifted,next_cycle,8,2,2,8,8,5,4096.0,521.0,63.0,7.861804,7.861804,7.861804,0.009597,0.009597,0.009597,0.982726,63.0,1.0
VQE,8,64,shifted,asap,next_cycle,8,1,1,8,4,5,4096.0,1026.0,1.0,3.992203,3.992203,3.992203,0.461988,0.461988,0.461988,0.499025,63.0,1.0
VQE,8,64,shifted,asap,next_cycle,8,1,1,8,8,5,4096.0,514.0,1.0,7.968872,7.968872,7.968872,0.001946,0.001946,0.001946,0.996109,63.0,1.0
VQE,8,64,shifted,asap,next_cycle,8,1,2,8,4,5,4096.0,1027.0,1.0,3.988315,3.988315,3.988315,0.462512,0.462512,0.462512,0.498539,63.0,1.0
VQE,8,64,shifted,asap,next_cycle,8,1,2,8,8,5,4096.0,515.0,1.0,7.953398,7.953398,7.953398,0.003883,0.003883,0.003883,0.994175,63.0,1.0
VQE,8,64,shifted,asap,next_cycle,8,2,1,8,4,5,4096.0,1027.0,1.0,3.988315,3.988315,3.988315,0.462512,0.462512,0.462512,0.498539,63.0,1.0
VQE,8,64,shifted,asap,next_cycle,8,2,1,8,8,5,4096.0,515.0,1.0,7.953398,7.953398,7.953398,0.003883,0.003883,0.003883,0.994175,63.0,1.0
VQE,8,64,shifted,asap,next_cycle,8,2,2,8,4,5,4096.0,1028.0,1.0,3.984436,3.984436,3.984436,0.463035,0.463035,0.463035,0.498054,63.0,1.0
VQE,8,64,shifted,asap,next_cycle,8,2,2,8,8,5,4096.0,516.0,1.0,7.937984,7.937984,7.937984,0.005814,0.005814,0.005814,0.992248,63.0,1.0
VQE,8,64,shifted,greedy_critical,next_cycle,8,1,1,8,4,5,4096.0,1026.0,1.0,3.992203,3.992203,3.992203,0.461988,0.461988,0.461988,0.499025,63.0,1.0
VQE,8,64,shifted,greedy_critical,next_cycle,8,1,1,8,8,5,4096.0,514.0,1.0,7.968872,7.968872,7.968872,0.001946,0.001946,0.001946,0.996109,63.0,1.0
VQE,8,64,shifted,greedy_critical,next_cycle,8,1,2,8,4,5,4096.0,1027.0,1.0,3.988315,3.988315,3.988315,0.462512,0.462512,0.462512,0.498539,63.0,1.0
VQE,8,64,shifted,greedy_critical,next_cycle,8,1,2,8,8,5,4096.0,515.0,1.0,7.953398,7.953398,7.953398,0.003883,0.003883,0.003883,0.994175,63.0,1.0
VQE,8,64,shifted,greedy_critical,next_cycle,8,2,1,8,4,5,4096.0,1027.0,1.0,3.988315,3.988315,3.988315,0.462512,0.462512,0.462512,0.498539,63.0,1.0
VQE,8,64,shifted,greedy_critical,next_cycle,8,2,1,8,8,5,4096.0,515.0,1.0,7.953398,7.953398,7.953398,0.003883,0.003883,0.003883,0.994175,63.0,1.0
VQE,8,64,shifted,greedy_critical,next_cycle,8,2,2,8,4,5,4096.0,1028.0,1.0,3.984436,3.984436,3.984436,0.463035,0.463035,0.463035,0.498054,63.0,1.0
VQE,8,64,shifted,greedy_critical,next_cycle,8,2,2,8,8,5,4096.0,516.0,1.0,7.937984,7.937984,7.937984,0.005814,0.005814,0.005814,0.992248,63.0,1.0
VQE,8,64,shifted,regime_switch,next_cycle,8,1,1,8,4,5,4096.0,1026.0,1.0,3.992203,3.992203,3.992203,0.001949,0.001949,0.001949,0.499025,63.0,1.0
VQE,8,64,shifted,regime_switch,next_cycle,8,1,1,8,8,5,4096.0,514.0,1.0,7.968872,7.968872,7.968872,0.001946,0.001946,0.001946,0.996109,63.0,1.0
VQE,8,64,shifted,regime_switch,next_cycle,8,1,2,8,4,5,4096.0,1027.0,1.0,3.988315,3.988315,3.988315,0.002921,0.002921,0.002921,0.498539,63.0,1.0
VQE,8,64,shifted,regime_switch,next_cycle,8,1,2,8,8,5,4096.0,515.0,1.0,7.953398,7.953398,7.953398,0.003883,0.003883,0.003883,0.994175,63.0,1.0
VQE,8,64,shifted,regime_switch,next_cycle,8,2,1,8,4,5,4096.0,1027.0,1.0,3.988315,3.988315,3.988315,0.002921,0.002921,0.002921,0.498539,63.0,1.0
VQE,8,64,shifted,regime_switch,next_cycle,8,2,1,8,8,5,4096.0,515.0,1.0,7.953398,7.953398,7.953398,0.003883,0.003883,0.003883,0.994175,63.0,1.0
VQE,8,64,shifted,regime_switch,next_cycle,8,2,2,8,4,5,4096.0,1028.0,1.0,3.984436,3.984436,3.984436,0.003891,0.003891,0.003891,0.498054,63.0,1.0
VQE,8,64,shifted,regime_switch,next_cycle,8,2,2,8,8,5,4096.0,516.0,1.0,7.937984,7.937984,7.937984,0.005814,0.005814,0.005814,0.992248,63.0,1.0
VQE,8,64,shifted,shifted_critical,next_cycle,8,1,1,8,4,5,4096.0,1026.0,1.0,3.992203,3.992203,3.992203,0.461988,0.461988,0.461988,0.499025,63.0,1.0
VQE,8,64,shifted,shifted_critical,next_cycle,8,1,1,8,8,5,4096.0,514.0,1.0,7.968872,7.968872,7.968872,0.001946,0.001946,0.001946,0.996109,63.0,1.0
VQE,8,64,shifted,shifted_critical,next_cycle,8,1,2,8,4,5,4096.0,1027.0,1.0,3.988315,3.988315,3.988315,0.462512,0.462512,0.462512,0.498539,63.0,1.0
VQE,8,64,shifted,shifted_critical,next_cycle,8,1,2,8,8,5,4096.0,515.0,1.0,7.953398,7.953398,7.953398,0.003883,0.003883,0.003883,0.994175,63.0,1.0
VQE,8,64,shifted,shifted_critical,next_cycle,8,2,1,8,4,5,4096.0,1027.0,1.0,3.988315,3.988315,3.988315,0.462512,0.462512,0.462512,0.498539,63.0,1.0
VQE,8,64,shifted,shifted_critical,next_cycle,8,2,1,8,8,5,4096.0,515.0,1.0,7.953398,7.953398,7.953398,0.003883,0.003883,0.003883,0.994175,63.0,1.0
VQE,8,64,shifted,shifted_critical,next_cycle,8,2,2,8,4,5,4096.0,1028.0,1.0,3.984436,3.984436,3.984436,0.463035,0.463035,0.463035,0.498054,63.0,1.0
VQE,8,64,shifted,shifted_critical,next_cycle,8,2,2,8,8,5,4096.0,516.0,1.0,7.937984,7.937984,7.937984,0.005814,0.005814,0.005814,0.992248,63.0,1.0
VQE,8,64,shifted,stall_aware_shifted,next_cycle,8,1,1,8,4,5,4096.0,1026.0,1.0,3.992203,3.992203,3.992203,0.001949,0.001949,0.001949,0.499025,63.0,1.0
VQE,8,64,shifted,stall_aware_shifted,next_cycle,8,1,1,8,8,5,4096.0,514.0,1.0,7.968872,7.968872,7.968872,0.001946,0.001946,0.001946,0.996109,63.0,1.0
VQE,8,64,shifted,stall_aware_shifted,next_cycle,8,1,2,8,4,5,4096.0,1027.0,1.0,3.988315,3.988315,3.988315,0.002921,0.002921,0.002921,0.498539,63.0,1.0
VQE,8,64,shifted,stall_aware_shifted,next_cycle,8,1,2,8,8,5,4096.0,515.0,1.0,7.953398,7.953398,7.953398,0.003883,0.003883,0.003883,0.994175,63.0,1.0
VQE,8,64,shifted,stall_aware_shifted,next_cycle,8,2,1,8,4,5,4096.0,1027.0,1.0,3.988315,3.988315,3.988315,0.002921,0.002921,0.002921,0.498539,63.0,1.0
VQE,8,64,shifted,stall_aware_shifted,next_cycle,8,2,1,8,8,5,4096.0,515.0,1.0,7.953398,7.953398,7.953398,0.003883,0.003883,0.003883,0.994175,63.0,1.0
VQE,8,64,shifted,stall_aware_shifted,next_cycle,8,2,2,8,4,5,4096.0,1028.0,1.0,3.984436,3.984436,3.984436,0.003891,0.003891,0.003891,0.498054,63.0,1.0
VQE,8,64,shifted,stall_aware_shifted,next_cycle,8,2,2,8,8,5,4096.0,516.0,1.0,7.937984,7.937984,7.937984,0.005814,0.005814,0.005814,0.992248,63.0,1.0
